file,flight,tail,when,log_origin,log_dest,dep_apt,dep_apt_dist_km,dep_apt_ground,dep_rwy,dep_conf,dep_method,dep_hdg,dep_n_seg,dep_err,dep_xt,dep_rival_xt,dep_margin,dep_day_dir,dep_rwy_len_m,dep_rwy_width_m,dep_roll_start_m,dep_roll_len_m,dep_runway_used_m,dep_rwy_remaining_m,dep_roll_start_speed_kt,dep_liftoff_speed_kt,dep_liftoff_bracket_m,dep_liftoff_along_lo,dep_liftoff_along_hi,dep_roll_source,dep_roll_capture,dep_accel_alt_ft,dep_liftoff_xt_m,dep_liftoff_xt_cal_m,arr_apt,arr_apt_dist_km,arr_apt_ground,arr_rwy,arr_conf,arr_method,arr_hdg,arr_n_seg,arr_err,arr_xt,arr_rival_xt,arr_margin,arr_day_dir,arr_rwy_len_m,arr_rwy_halfwidth_m,arr_thr_speed_kt,arr_thr_height_ft,arr_td_along_m,arr_td_along_lo,arr_td_along_hi,arr_td_bracket_m,arr_td_speed_kt,arr_alt_flat_m,arr_roll_len_m,arr_runway_used_m,arr_rwy_remaining_m,arr_turnoff_speed_kt,arr_stop_along_m,arr_roll_capture,arr_td_xt_m,arr_td_xt_cal_m
3e02c7e0.csv,3e02c7e0.csv,,,,,HUEN,1.2,yes,17,high,roll,171.0,26,1.1,6,,3557.0,,3681,46,116,1797,1913,1768,22.0,168.0,265,1781,2046,altitude,full,3675,4,4,HRYR,0.2,yes,28,high,roll,278.0,12,2.0,2,,3520.0,,3509,22.6,169,4790,105,105,105,0,169.0,,2771,2876,633,9.0,,full,1,1
ET332-3f77789d.csv,ET332,,,,,HAAB,1.4,yes,07L,high,roll,70.0,4,3.7,2,,3452.0,,3699,45,299,246,545,3154,54.0,80.0,0,545,545,speed fallback (below the altitude-valid speed),no stop captured (rolling take-off) / no wheel-off signature,,-1,-1,HUEN,1.1,yes,17,medium,approach-heading,172.0,16,0.1,1,,2661.9,,,,,,,,,,,,,,,,,,,
ET338-3ecd284b.csv,ET338,,,,,HAAB,1.2,yes,07L,high,roll,73.0,7,0.7,3,,3572.0,,3699,45,490,162,651,3048,76.0,92.0,0,651,651,speed fallback (below the altitude-valid speed),full / no wheel-off signature,,-1,-1,HUEN,0.6,yes,35,high,roll,351.0,29,1.1,4,,3556.7,,3681,22.9,146,3665,790,713,866,153,148.0,535,2289,3079,602,11.0,2572,full,-1,-1
ET339-3ecddea6.csv,ET339,,,,,HUEN,1.3,yes,17,high,roll,171.0,7,1.1,2,,3555.6,,3681,46,80,2840,2920,761,15.0,178.0,900,2470,3370,altitude,full,,2,2,HAAB,1.0,yes,07L,medium,roll,73.0,2,0.7,2,,3572.0,,3699,22.6,174,7435,815,815,815,0,175.0,815,2341,3156,543,0.0,2875,full,-1,-1
ET3810-3ec097b8.csv,ET3810,,,,,HJJJ,1.3,yes,13,high,roll,130.0,6,0.0,29,,3600.0,,2403,45,1192,1140,2332,71,17.0,162.0,704,1980,2684,altitude,full,2450,20,16,HUEN,0.7,yes,17,high,roll,171.0,24,1.1,6,,3554.9,,3681,22.9,136,3831,366,136,595,459,136.0,595,2577,2943,738,26.0,2774,full,-1,-1
ET3810-3ec0fc36.csv,ET3810,,,,,HUEN,1.1,yes,17,high,roll,171.0,14,1.1,12,,3555.5,,3681,46,141,2755,2897,784,35.0,181.0,218,2788,3006,altitude,full,3800,-1,-1,HAAB,0.3,yes,07L,high,roll,73.0,3,0.7,3,,3572.0,,3699,22.6,150,7372,433,433,433,0,151.0,,1971,2404,1295,9.0,2322,full,5,5
ET3859-3e9f09ed.csv,ET3859,,,,,HTDA,1.5,yes,23,low,climb-heading,281.0,32,56.0,376,,1360.0,,,,,,,,,,,,,,,,,,HUEN,0.8,yes,17,high,roll,171.0,20,1.1,1,,3556.9,,3681,22.9,133,3750,654,589,718,129,134.0,453,2288,2942,739,16.0,2776,full,0,0
ET3859-3ec9f7fb.csv,ET3859,,,,,HAAB,1.5,yes,07L,high,roll,73.0,5,0.7,1,,3572.0,,3699,45,162,3237,3399,300,37.0,178.0,1341,2729,4070,altitude,full,,2,2,HUEN,0.9,yes,17,medium,approach-heading,172.0,18,0.1,2,,2494.6,,,,,,,,,,,,,,,,,,,
ET3873-3ec3eb91.csv,ET3873,,,,,HUEN,1.2,yes,17,high,roll,171.0,16,1.1,1,,3555.6,,3681,46,130,2904,3034,647,26.0,185.0,619,2724,3343,altitude,full,,0,0,FAOR,1.3,yes,03R,medium,roll,357.0,19,17.0,44,,2920.0,,3404,30.0,159,5349,722,722,722,0,147.0,,1930,2652,751,31.0,4762,full,-4,-4
ET3917-3eb743d6.csv,ET3917,,,,,HUEN,1.1,yes,17,high,roll,171.0,6,1.1,3,,3554.2,,3681,46,226,2926,3152,528,17.0,185.0,886,2709,3596,altitude,full,3700,-2,-2,DIAP,3.1,yes,21,medium,approach-heading,202.0,20,1.0,50,,3560.0,,,,,,,,,,,,,,,,,,,
ET3926-3ebcaed9.csv,ET3926,,,,,DRRN,1.1,yes,09R,high,roll,87.0,10,0.0,7,,3600.0,,3798,45,188,1711,1899,1899,17.0,180.0,236,1781,2017,altitude,full,825,4,4,HUEN,0.7,yes,17,high,roll,171.0,15,1.1,6,,3555.7,,3681,22.9,136,3896,131,131,131,0,137.0,1280,2808,2939,742,25.0,2798,full,5,5
ET506-3f0b062c.csv,ET506,,,,,HUEN,1.2,yes,17,high,roll,172.0,8,0.1,3,,3597.3,,3681,46,150,2579,2729,952,17.0,184.0,187,2636,2823,altitude,full,3625,4,4,SBGR,0.5,yes,28R,high,roll,258.0,10,4.0,12,,3440.0,,3547,22.6,139,2407,1385,1385,1385,0,109.0,,957,2343,1204,26.0,2635,full,-7,-7
ET8337-3ed1d0e7.csv,ET8337,,,,,OEMA,2.0,yes,17,high,roll,168.0,12,1.0,2,,3560.0,,4350,60,124,2958,3082,1269,15.0,185.0,650,2757,3407,altitude,full,2175,-1,-1,HUEN,1.8,no,,,,,,,,,,,,,,,,,,,,,,,,,,,,
FZ619-3ec67047.csv,FZ619,,,,,OMSJ,0.2,yes,30,medium,roll,302.0,2,0.0,4,,3600.0,,3317,60,,,,,,,,,,,,,,,HUEN,1.1,yes,17,medium,approach-heading,171.0,5,1.1,0,,2672.7,,,,,,,,,,,,,,,,,,,
KL535-3ecd098e.csv,KL535,,,,,HRYR,1.0,yes,10,high,roll,100.0,21,0.0,2,,3600.0,,3509,45,127,2825,2952,557,17.0,176.0,204,2850,3053,altitude,full,4650,-2,0,HUEN,0.6,yes,35,high,roll,351.0,8,1.1,2,,3555.4,,3681,22.9,143,3685,306,67,545,478,143.0,,2774,3080,601,11.0,2444,full,-1,-1
KL535-3ecd7db1.csv,KL535,,,,,HUEN,1.6,yes,35,high,roll,351.0,12,1.1,1,,3556.4,,3681,46,54,3163,3217,464,15.0,176.0,864,2785,3649,altitude,full,,-5,-4,,,,,,,,,,,,,,,,,,,,,,,,,,,,,,,
KL537-3ec578c8.csv,KL537,,,,,HUEN,1.0,yes,17,high,roll,171.0,19,1.1,1,,3555.7,,3681,46,182,2797,2980,701,19.0,182.0,230,2865,3094,altitude,full,3700,-2,-2,EHAM,9.6,yes,18R,medium,approach-heading,183.0,17,0.0,3,3833,3600.0,,,,,,,,,,,,,,,,,,,
KQ418-3ed1f7be.csv,KQ418,,,,,HKJK,1.4,yes,06,high,roll,53.0,9,1.0,4,,3560.0,,4119,45,80,3682,3762,357,15.0,180.0,1221,3152,4373,altitude,full,5150,-3,-2,HUEN,1.0,yes,17,high,roll,171.0,14,1.1,3,,3554.4,,3681,22.9,149,3731,314,28,600,572,149.0,600,2609,2923,758,10.0,1151,full,-4,-4
MS835-3edad4c7.csv,MS835,,,,,HRYR,1.3,yes,10,high,roll,99.0,4,1.0,2,,3560.0,,3509,45,829,1657,2486,1023,130.0,170.0,642,2165,2807,altitude,full,,-1,1,HUEN,0.9,yes,17,high,roll,171.0,38,1.1,1,,3556.3,,3681,22.9,147,3767,350,350,350,0,148.0,350,2592,2942,739,20.0,1300,full,-1,-1
MS835-3edb02b3.csv,MS835,,,,,HUEN,1.3,yes,17,high,roll,171.0,6,1.1,2,,3556.0,,3681,46,147,2177,2323,1358,16.0,164.0,737,1955,2691,altitude,full,3675,2,2,HECA,3.4,yes,23C,medium,approach-heading,229.0,21,4.0,3,1519,1440.7,,,,,,,,,,,,,,,,,,,
QR1383-3dfee37a.csv,QR1383,,,,,OTHH,2.2,yes,34L,high,roll,334.0,13,2.0,18,,3520.0,,4272,60,121,954,1075,3197,16.0,74.0,1139,506,1645,acceleration,full,525,10,10,HUEN,0.6,yes,17,high,roll,171.0,17,1.1,1,,3555.9,,3681,22.9,154,3808,324,324,324,0,153.0,826,2615,2939,742,15.0,1303,full,0,0
QR1383-3ecfb4b4.csv,QR1383,,,,,OESB,11.3,no,,,,,,,,,,,,,,,,,,,,,,,,,,,HUEN,0.7,yes,17,high,roll,171.0,9,1.1,11,,3554.9,,3681,22.9,158,3766,652,652,652,0,147.0,652,2282,2934,747,14.0,,full,-2,-2
QR1383-3ed815f2.csv,QR1383,,,,,OESB,11.2,no,,,,,,,,,,,,,,,,,,,,,,,,,,,HUEN,1.0,yes,17,high,roll,171.0,10,1.1,6,,3555.5,,3681,22.9,166,3790,259,259,259,0,166.0,989,2698,2957,723,24.0,1132,full,1,1
QR1384-3dfffdf3.csv,QR1384,,,,,HUEN,1.3,yes,17,high,roll,171.0,15,1.1,3,,3554.6,,3681,46,192,2663,2855,826,16.0,177.0,186,2762,2948,altitude,full,3750,-5,-5,OTHH,6.0,yes,34L,low,approach-heading,338.0,12,2.0,956,1999,1043.1,,,,,,,,,,,,,,,,,,,
QR1384-3ed25aaf.csv,QR1384,,,,,HUEN,1.2,yes,17,high,roll,172.0,7,0.1,3,,3596.1,,3681,46,148,2764,2911,769,17.0,176.0,860,2482,3341,altitude,full,3700,-3,-3,,,,,,,,,,,,,,,,,,,,,,,,,,,,,,,
QR1384-3eda717b.csv,QR1384,,,,,HUEN,1.1,yes,17,high,roll,172.0,14,0.1,9,,3595.7,,3681,46,213,3008,3221,460,15.0,188.0,235,3104,3339,altitude,full,3700,6,6,OTHH,4.9,no,,,,,,,,,,,,,,,,,,,,,,,,,,,,
SN455-3ecd0bc9.csv,SN455,,,,,HBBA,1.2,yes,17,high,roll,171.0,12,1.0,13,,3560.0,,3608,45,158,2320,2478,1129,33.0,172.0,359,2299,2658,altitude,full,2525,0,3,HUEN,1.1,yes,35,high,roll,351.0,7,1.1,2,,3555.5,,3681,22.9,144,3664,361,88,634,545,144.0,634,2716,3077,603,12.0,2362,full,-3,-3
SN455-3ecd8fa5.csv,SN455,,,,,HUEN,1.7,no,,,,,,,,,,,,,,,,,,,,,,,,,,,DABC,6.1,no,,,,,,,,,,,,,,,,,,,,,,,,,,,,
SN465-3ed1e1ee.csv,SN465,,,,,HUEN,1.2,yes,17,high,roll,171.0,7,1.1,3,,3555.2,,3681,46,126,3385,3511,170,15.0,194.0,864,3078,3943,altitude,full,,-3,-3,EBBR,4.4,yes,25R,medium,approach-heading,245.0,13,0.0,272,1924,1051.8,,,,,,,,,,,,,,,,,,,
SN467-3ec55b8a.csv,SN467,,,,,HUEN,1.1,yes,17,high,roll,171.0,11,1.1,4,,3554.1,,3681,46,121,3292,3414,267,20.0,192.0,909,2959,3868,altitude,full,,-4,-4,EBBR,5.0,yes,25L,medium,approach-heading,250.0,15,0.0,5,1968,2062.8,,,,,,,,,,,,,,,,,,,
TK612-3ed2843b.csv,TK612,,,,,HRYR,1.2,yes,10,high,roll,101.0,12,1.0,1,,3560.0,,3509,45,140,2750,2890,619,23.0,182.0,851,2465,3316,altitude,full,4975,-1,1,HUEN,0.7,yes,17,high,roll,171.0,8,1.1,1,,3555.5,,3681,22.9,173,3772,402,402,402,0,173.0,1194,2530,2932,748,12.0,,full,1,1
TK612-3ed30163.csv,TK612,,,,,HUEN,1.6,yes,35,high,roll,351.0,14,1.1,1,,3555.4,,3681,46,76,3449,3526,155,18.0,196.0,692,3180,3871,altitude,full,,-3,-2,LTFM,1.6,yes,35R,high,roll,359.0,25,5.0,14,,3400.0,,4104,29.9,134,481,325,251,399,148,135.0,399,1705,2030,2075,26.0,945,full,6,7
TK612-3eda9cd6.csv,TK612,,,,,HRYR,1.7,yes,10,medium,climb-heading,92.0,13,8.0,2,,3280.0,,,,,,,,,,,,,,,,,,HUEN,0.8,yes,17,high,roll,171.0,13,1.1,3,,3555.7,,3681,22.9,167,3777,274,274,274,0,168.0,869,2675,2949,732,24.0,1295,full,3,3
TK612-3edad833.csv,TK612,,,,,HUEN,1.3,yes,17,high,roll,171.0,7,1.1,1,,3556.8,,3681,46,163,3401,3564,117,37.0,201.0,724,3202,3926,altitude,full,,4,4,LTFM,2.1,yes,35R,high,roll,359.0,18,5.0,21,,3400.0,,4104,29.9,137,369,143,59,226,166,137.0,357,1891,2034,2070,30.0,227,full,0,3
UR110-3b71c98a.csv,UGD110,,2025-07-27 10:36,EBB,LGW,HUEN,1.1,yes,17,high,roll,171.0,13,1.1,4,,3555.9,,3681,46,136,2600,2736,945,26.0,181.0,632,2420,3052,altitude,full,3550,-1,-1,EGKK,2.8,yes,26L,medium,approach-heading,257.0,13,1.0,2,199,196.9,,,,,,,,,,,,,,,,,,,
UR110-3ea5b691.csv,UGD110,,2026-03-08 11:40,EBB,LGW,HUEN,1.2,yes,17,high,roll,171.0,27,1.1,3,,3556.9,,3681,46,129,2796,2926,755,19.0,184.0,194,2829,3023,altitude,full,3625,-1,-1,EGKK,4.3,yes,08R,high,roll,77.0,14,1.0,7,,3560.0,,3310,22.6,149,60,298,61,535,474,149.0,,2555,2853,457,14.0,3370,full,2,1
UR110-3ed2932d.csv,UGD110,,2026-03-20 04:24,EBB,LGW,HUEN,1.6,yes,35,high,roll,351.0,17,1.1,1,,3556.5,match,3681,46,228,2558,2785,896,44.0,179.0,843,2364,3207,altitude,full,3700,-1,0,EGKK,4.3,yes,08R,medium,approach-heading,77.0,13,1.0,1,198,197.0,,,,,,,,,,,,,,,,,,,
UR110-416c0a6a.csv,UGD110,,2026-08-30 10:52,EBB,LGW,HUEN,1.3,yes,17,high,roll,171.0,12,1.1,2,,3556.2,match,3681,46,136,2402,2537,1143,15.0,176.0,239,2418,2657,altitude,full,3475,0,0,EGKK,1.3,yes,26L,medium,approach-heading,257.0,24,1.0,0,197,196.9,,,,,,,,,,,,,,,,,,,
UR110-4173c002.csv,UGD110,5X-NIL,2026-09-01 10:51,EBB,LGW,,,,,,,,,,,,,,,,,,,,,,,,,,,,,,EGKK,3.3,yes,26L,high,roll,257.0,17,1.0,6,,3560.0,,3310,22.6,143,113,449,449,449,0,146.0,,2004,2453,857,23.0,22,full,-1,-1
UR110-4180268d.csv,UGD110,5X-NIL,2026-09-04 11:53,EBB,LGW,HUEN,1.2,yes,17,high,roll,172.0,9,0.1,4,,3597.2,match,3681,46,113,2706,2819,862,17.0,177.0,617,2510,3127,altitude,full,3625,8,8,EGKK,2.9,yes,26L,medium,approach-heading,257.0,18,1.0,1,196,195.7,,,,,,,,,,,,,,,,,,,
UR110-4187ba0c.csv,UGD110,5X-NIL,2026-09-06 11:06,EBB,LGW,HUEN,1.2,yes,17,high,roll,171.0,8,1.1,2,,3556.8,match,3681,46,267,2752,3019,662,45.0,180.0,817,2610,3427,altitude,full,3575,1,1,EGKK,3.5,yes,26L,medium,approach-heading,257.0,14,1.0,3,199,196.0,,,,,,,,,,,,,,,,,,,
UR110-418f4fdd.csv,UGD110,5X-NIL,2026-09-08 11:04,EBB,LGW,FZKA,24.7,no,,,,,,,,,,,,,,,,,,,,,,,,,,,EGKK,1.2,yes,26L,medium,approach-heading,257.0,27,1.0,0,197,196.7,,,,,,,,,,,,,,,,,,,
UR110-419bd397.csv,UGD110,5X-NIL,2026-09-11 12:11,EBB,LGW,HUEN,1.2,yes,17,high,roll,172.0,14,0.1,3,,3597.1,match,3681,46,274,2584,2858,823,46.0,186.0,294,2711,3005,altitude,full,3500,3,3,EGKK,3.5,yes,26L,high,roll,258.0,23,0.0,4,,3600.0,,3310,22.6,145,66,750,428,1071,643,146.0,,1997,2747,563,24.0,174,full,-5,-5
UR111-3b73a528.csv,UGD111,,2025-07-27 19:54,LGW,NBO,EGKK,1.6,yes,26L,medium,climb-heading,257.0,14,1.0,1,196,194.5,,,,,,,,,,,,,,,,,,HKJK,0.4,yes,06,high,roll,53.0,9,1.0,2,,3560.0,,4119,22.6,152,4977,144,144,144,0,152.0,1150,2859,3003,1116,10.0,715,full,-5,-3
UR111-3ea75e7b.csv,UGD111,,2026-03-08 19:50,LGW,EBB,EGKK,1.1,yes,08R,high,roll,78.0,13,0.0,1,,3600.0,,3310,45,361,254,615,2696,15.0,66.0,0,615,615,speed fallback (below the altitude-valid speed),full / no wheel-off signature,,0,1,HUEN,0.8,yes,17,high,roll,171.0,19,1.1,1,,3555.2,match,3681,22.9,150,3779,312,28,596,567,150.0,1143,2641,2953,728,21.0,,full,-4,-4
UR111-3edd2cdf.csv,UGD111,,2026-03-22 19:27,LGW,EBB,EGKK,0.9,yes,08R,high,roll,78.0,9,0.0,3,,3600.0,,3310,45,78,2363,2441,869,15.0,167.0,716,2083,2799,altitude,full,675,-2,5,HUEN,0.8,yes,17,high,roll,171.0,30,1.1,4,,3555.1,match,3681,22.9,153,3765,645,470,821,351,153.0,1030,2300,2945,736,17.0,1129,full,-1,-1
UR111-4175ff27.csv,UGD111,5X-NIL,2026-09-01 20:26,LGW,EBB,EGKK,1.2,yes,26L,high,roll,257.0,25,1.0,3,,3560.0,,3310,45,265,2067,2332,978,18.0,162.0,190,2237,2427,altitude,full,525,4,1,HUEN,0.7,yes,17,high,roll,171.0,11,1.1,1,,3555.7,match,3681,22.9,134,3644,85,85,85,0,134.0,,2865,2950,731,20.0,1217,full,3,3
UR111-41824e5d.csv,UGD111,5X-NIL,2026-09-04 20:24,LGW,EBB,EGKK,1.1,yes,26L,high,roll,257.0,19,1.0,1,,3560.0,,3310,45,266,1835,2101,1210,22.0,145.0,883,1659,2542,altitude,full,50,0,-2,HUEN,0.7,yes,17,high,roll,171.0,9,1.1,13,,3556.0,match,3681,22.9,154,3708,543,543,543,0,151.0,543,2412,2955,726,18.0,1217,full,-1,-1
UR111-4189ad1c.csv,UGD111,5X-NIL,2026-09-06 20:05,LGW,EBB,EGKK,1.9,yes,26L,high,roll,257.0,26,1.0,1,,3560.0,,3310,45,260,2324,2584,727,18.0,176.0,191,2488,2679,altitude,full,500,-3,-6,HUEN,0.8,yes,17,high,roll,171.0,7,1.1,1,,3555.9,match,3681,22.9,149,3659,228,228,228,0,149.0,1384,2718,2946,735,8.0,1534,full,2,2
UR111-4191c96b.csv,UGD111,5X-NIL,2026-09-08 21:57,LGW,EBB,EGKK,0.9,yes,26L,high,roll,257.0,26,1.0,6,,3560.0,,3310,45,246,1937,2182,1128,22.0,157.0,164,2100,2265,altitude,full,200,0,-3,HUEN,0.7,yes,17,high,roll,171.0,10,1.1,1,,3556.1,match,3681,22.9,148,3672,373,105,641,535,147.0,1081,2561,2934,747,17.0,,full,0,0
UR120-3e88d1ac.csv,UGD120,,2026-02-28 15:39,EBB,JUB,HUEN,1.3,yes,17,high,roll,171.0,17,1.1,1,,3556.7,match,3681,46,149,2565,2714,967,28.0,169.0,229,2599,2828,altitude,full,3800,4,4,HJJJ,0.3,yes,13,high,roll,130.0,4,0.0,3,,3600.0,,2403,22.6,140,1737,257,257,257,0,133.0,257,1059,1316,1087,11.0,,full / track ends on the runway (roll is a lower bound),6,2
UR120-416d1703.csv,UGD120,,2026-08-30 17:03,EBB,JUB,HUEN,1.3,yes,17,high,roll,172.0,11,0.1,5,,3596.9,match,3681,46,118,2681,2798,882,15.0,168.0,192,2703,2894,altitude,full,3650,8,8,HJJJ,0.2,no,13,medium,roll,130.0,2,0.0,6,,3600.0,,2403,22.6,143,1625,458,458,458,0,131.0,458,502,960,1442,107.0,,full / track ends on the runway (roll is a lower bound),6,2
UR120-41780ef3.csv,UGD120,5X-KDP,2026-09-02 12:17,EBB,JUB,HUEN,1.3,yes,17,high,roll,172.0,9,0.1,6,,3597.3,match,3681,46,150,2516,2666,1014,35.0,171.0,167,2583,2750,altitude,full,3575,13,13,HJJJ,0.4,yes,13,high,roll,129.0,7,1.0,3,,3560.0,match,2403,22.6,141,1500,141,36,247,211,141.0,36,1038,1179,1224,70.0,,full / track ends on the runway (roll is a lower bound),8,4
UR120-417c6db7.csv,UGD120,5X-EQU,2026-09-03 13:58,EBB,JUB,HUEN,1.3,yes,17,high,roll,171.0,8,1.1,2,,3557.0,match,3681,46,97,2776,2873,808,16.0,167.0,774,2486,3260,altitude,full,3675,3,3,HJJJ,0.2,yes,13,high,roll,130.0,3,0.0,3,,3600.0,,2403,22.6,138,1600,181,181,181,0,134.0,181,779,960,1443,88.0,,full / track ends on the runway (roll is a lower bound),4,0
UR120-4180920f.csv,UGD120,5X-EQU,2026-09-04 14:16,EBB,JUB,HUEN,1.3,yes,17,high,roll,172.0,14,0.1,2,,3597.3,match,3681,46,72,2761,2833,847,16.0,173.0,218,2724,2942,altitude,full,3700,0,0,HJJJ,0.1,yes,13,high,roll,129.0,4,1.0,39,,3560.0,,2403,22.6,136,1625,-140,-140,-140,0,142.0,396,1782,1642,760,6.0,,no deceleration captured (coarse export) / track ends on the runway (roll is a lower bound),7,2
UR120-41847582.csv,UGD120,5X-KOB,2026-09-05 13:25,EBB,JUB,HUEN,1.2,yes,17,high,roll,172.0,7,0.1,2,,3596.5,match,3681,46,144,2620,2764,916,21.0,167.0,535,2497,3032,altitude,full,3675,-1,-1,HJJJ,0.3,yes,13,medium,roll,130.0,2,0.0,4,,3600.0,,2403,22.6,145,1609,159,159,159,0,144.0,159,1333,1492,911,19.0,,full / track ends on the runway (roll is a lower bound),3,-1
UR120-41883fc1.csv,UGD120,5X-KDP,2026-09-06 14:14,EBB,JUB,HUEN,1.5,yes,35,high,roll,351.0,28,1.1,2,,3555.7,match,3681,46,107,3146,3254,427,28.0,191.0,226,3140,3367,altitude,full,3675,-2,-1,HJJJ,0.2,yes,13,high,roll,130.0,3,0.0,6,,3600.0,,2403,22.6,140,1607,177,177,177,0,135.0,177,829,1006,1397,96.0,,full / track ends on the runway (roll is a lower bound),8,4
UR120-418fbf90.csv,UGD120,5X-KOB,2026-09-08 13:53,EBB,JUB,HUEN,1.2,yes,17,high,roll,171.0,8,1.1,2,,3557.0,match,3681,46,93,2275,2368,1313,18.0,157.0,794,1971,2765,altitude,full,4175,2,2,HJJJ,0.2,yes,13,medium,approach-heading,130.0,13,0.0,3,,3600.0,,,,,,,,,,,,,,,,,,,
UR120-4197f45b.csv,UGD120,5X-KOB,2026-09-10 13:59,EBB,JUB,HUEN,1.4,yes,17,high,roll,171.0,12,1.1,2,,3556.9,match,3681,46,111,2749,2861,820,23.0,166.0,566,2578,3144,altitude,full,3600,6,6,HJJJ,0.0,yes,13,high,roll,130.0,4,0.0,4,,3600.0,,2403,22.6,142,1525,185,185,185,0,139.0,185,1274,1459,943,41.0,,full / track ends on the runway (roll is a lower bound),8,4
UR120-419c1e98.csv,UGD120,5X-EQU,2026-09-11 13:56,EBB,JUB,HUEN,1.2,yes,17,high,roll,171.0,11,1.1,2,,3557.0,match,3681,46,87,2381,2468,1213,15.0,164.0,189,2374,2563,altitude,full,4325,3,3,HJJJ,0.4,no,13,medium,roll,130.0,2,0.0,4,,3600.0,,2403,22.6,140,1600,377,377,377,0,134.0,377,403,780,1623,114.0,,full / track ends on the runway (roll is a lower bound),4,0
UR121-41785f0d.csv,UGD121,5X-KDP,2026-09-02 13:11,JUB,EBB,HJJJ,1.3,yes,13,high,roll,130.0,11,0.0,21,,3600.0,match,2403,45,-180,2357,2177,226,15.0,173.0,594,1880,2474,altitude,full,1550,5,1,HUEN,0.7,yes,17,high,roll,171.0,20,1.1,1,,3556.5,match,3681,22.9,138,3686,520,213,826,614,138.0,826,2418,2938,743,10.0,,full,0,0
UR121-417cddad.csv,UGD121,5X-EQU,2026-09-03 15:05,JUB,EBB,HJJJ,1.4,yes,13,high,roll,130.0,4,0.0,2,,3600.0,,2403,45,-201,1937,1737,666,86.0,163.0,666,1404,2069,altitude,full,1600,1,-3,HUEN,0.6,yes,17,high,roll,171.0,15,1.1,4,,3555.7,match,3681,22.9,132,3770,465,465,465,0,129.0,953,2474,2939,741,10.0,,full,-1,-1
UR121-4180fd53.csv,UGD121,5X-EQU,2026-09-04 15:14,JUB,EBB,HJJJ,1.5,yes,13,high,roll,130.0,4,0.0,8,,3600.0,,2403,45,-181,2066,1885,518,15.0,163.0,637,1566,2203,altitude,full,,5,1,HUEN,0.6,yes,17,high,roll,171.0,9,1.1,1,,3556.3,match,3681,22.9,136,3793,267,267,267,0,135.0,735,2668,2935,746,10.0,,full,3,3
UR121-4184d091.csv,UGD121,5X-KOB,2026-09-05 14:25,JUB,EBB,HJJJ,1.4,yes,13,high,roll,130.0,4,0.0,12,,3600.0,,2403,45,-223,1947,1724,678,84.0,160.0,750,1350,2099,altitude,full,2225,10,6,HUEN,0.7,yes,17,high,roll,171.0,9,1.1,4,,3556.9,match,3681,22.9,145,3821,224,-25,473,498,145.0,473,2711,2935,746,10.0,,full,5,5
UR121-4188a506.csv,UGD121,5X-KDP,2026-09-06 15:23,JUB,EBB,HJJJ,1.4,yes,13,high,roll,130.0,3,0.0,4,,3600.0,,2403,45,,,,,,,,,,,,,,,HUEN,0.6,yes,17,high,roll,171.0,15,1.1,4,,3557.0,match,3681,22.9,135,3769,239,-49,526,575,135.0,526,2719,2958,723,11.0,,full,5,5
UR121-41902eb3.csv,UGD121,5X-KOB,2026-09-08 15:03,JUB,EBB,HJJJ,1.4,yes,13,high,roll,130.0,5,0.0,9,,3600.0,,2403,45,-210,2240,2030,372,15.0,168.0,715,1673,2388,altitude,full,,8,4,HUEN,0.6,yes,17,high,roll,171.0,10,1.1,1,,3556.7,match,3681,22.9,140,3752,432,432,432,0,136.0,432,2519,2951,730,17.0,,full,4,4
UR121-41985ecc.csv,UGD121,5X-KOB,2026-09-10 15:00,JUB,EBB,HJJJ,1.6,yes,13,high,roll,129.0,4,1.0,41,,3560.0,,2403,45,159,1993,2153,250,76.0,169.0,783,1761,2544,altitude,full,,8,4,HUEN,0.7,yes,17,high,roll,171.0,12,1.1,1,,3555.5,match,3681,22.9,139,3752,257,194,319,124,139.0,319,2679,2936,745,11.0,,full,-2,-2
UR121-419c8c32.csv,UGD121,5X-EQU,2026-09-11 14:59,JUB,EBB,HJJJ,1.4,yes,13,high,roll,130.0,4,0.0,3,,3600.0,,2403,45,-199,1932,1734,669,86.0,164.0,694,1387,2080,altitude,no stop captured (rolling take-off),2075,-2,-6,HUEN,0.6,yes,17,high,roll,171.0,9,1.1,1,,3555.9,match,3681,22.9,141,3750,285,285,285,0,141.0,887,2651,2936,744,12.0,,full,-6,-6
UR122-417764c7.csv,UGD122,5X-KOB,2026-09-02 07:20,EBB,JUB,HUEN,1.3,yes,17,high,roll,172.0,15,0.1,13,,3596.9,match,3681,46,117,2754,2871,810,20.0,167.0,163,2789,2953,altitude,full,3600,20,20,HJJJ,1.5,yes,31,medium,roll,310.0,2,0.0,2,,3600.0,match,2403,22.6,147,1519,256,256,256,0,147.0,256,2337,2593,-191,0.0,2664,no deceleration captured (coarse export) / track ends on the runway (roll is a lower bound),-3,-3
UR122-418ae9b7.csv,UGD122,5X-KOB,2026-09-07 07:05,EBB,JUB,HUEN,1.3,yes,17,high,roll,172.0,11,0.1,4,,3597.0,match,3681,46,73,2967,3040,640,15.0,176.0,364,2858,3222,altitude,full,3575,9,9,HJJJ,0.5,yes,31,high,roll,310.0,6,0.0,2,,3600.0,,2403,22.6,151,1478,195,195,195,0,151.0,195,2262,2457,-54,5.0,,full / track ends on the runway (roll is a lower bound),-3,-3
UR122-4192dcb1.csv,UGD122,5X-EQU,2026-09-09 06:59,EBB,JUB,HUEN,1.3,yes,17,high,roll,172.0,7,0.1,4,,3597.4,match,3681,46,110,2700,2810,871,15.0,176.0,566,2527,3093,altitude,full,3675,4,4,HJJJ,0.5,yes,31,high,roll,309.0,10,1.0,12,,3560.0,,2403,22.6,144,1566,393,393,393,0,143.0,393,835,1228,1175,16.0,,full / track ends on the runway (roll is a lower bound),-4,-4
UR123-4177ab0d.csv,UGD123,5X-KOB,2026-09-02 08:30,JUB,EBB,HJJJ,0.8,yes,31,high,roll,309.0,5,1.0,2,,3560.0,match,2403,45,89,310,399,2003,17.0,72.0,0,399,399,speed fallback (below the altitude-valid speed),full / no wheel-off signature,,-1,-1,HUEN,0.6,yes,17,high,roll,171.0,16,1.1,1,,3557.2,match,3681,22.9,141,3625,171,171,171,0,141.0,1158,2760,2931,750,10.0,,full,4,4
UR123-418b318e.csv,UGD123,5X-KOB,2026-09-07 08:23,JUB,EBB,HJJJ,0.8,yes,31,medium,climb-heading,310.0,11,0.0,2,,3600.0,,,,,,,,,,,,,,,,,,HUEN,0.7,yes,17,high,roll,171.0,19,1.1,1,,3556.8,match,3681,22.9,153,3574,345,345,345,0,153.0,1050,3301,3646,35,8.0,,full,-2,-2
UR123-41931d98.csv,UGD123,5X-EQU,2026-09-09 07:58,JUB,EBB,HJJJ,0.9,yes,31,high,roll,310.0,4,0.0,4,,3600.0,,2403,45,703,391,1095,1308,84.0,80.0,0,1095,1095,speed fallback (below the altitude-valid speed),full / no wheel-off signature,,-5,-5,HUEN,0.6,yes,17,high,roll,171.0,9,1.1,1,,3557.0,match,3681,22.9,141,3642,272,272,272,0,141.0,272,2667,2939,742,15.0,,full,-2,-2
UR200-416bb51f.csv,UGD200,,2026-08-30 07:51,EBB,NBO,HUEN,1.3,yes,17,high,roll,172.0,7,0.1,2,,3596.3,match,3681,46,65,2850,2915,766,15.0,171.0,643,2593,3236,altitude,full,3600,3,3,HKJK,0.2,yes,06,high,roll,53.0,6,1.0,2,,3560.0,,4119,22.6,144,4986,556,556,556,0,143.0,556,1726,2282,1837,11.0,,full,0,2
UR200-417784a4.csv,UGD200,5X-KDP,2026-09-02 08:16,EBB,NBO,HUEN,1.3,yes,17,high,roll,172.0,11,0.1,18,,3597.1,match,3681,46,138,2594,2732,949,17.0,164.0,577,2444,3021,altitude,full,3600,4,4,HKJK,1.1,yes,06,high,roll,53.0,7,1.0,4,,3560.0,match,4119,22.6,153,5016,690,458,921,463,153.0,921,2318,3008,1111,7.0,,full,-6,-4
UR200-417b918b.csv,UGD200,5X-EQU,2026-09-03 07:58,EBB,NBO,HUEN,1.2,yes,17,high,roll,171.0,9,1.1,1,,3557.2,match,3681,46,123,2768,2891,790,24.0,177.0,644,2569,3213,altitude,full,3625,0,0,HKJK,0.1,yes,06,high,roll,53.0,6,1.0,1,,3560.0,match,4119,22.6,146,5040,428,428,428,0,146.0,428,1866,2294,1825,10.0,,full,0,2
UR200-417fae7e.csv,UGD200,5X-KDP,2026-09-04 07:58,EBB,NBO,HUEN,1.2,yes,17,high,roll,171.0,14,1.1,1,,3557.2,match,3681,46,81,3067,3148,533,17.0,181.0,875,2711,3586,altitude,full,,3,3,HKJK,0.3,yes,06,high,roll,53.0,14,1.0,2,,3560.0,match,4119,22.6,157,5075,491,-4,985,989,157.0,985,1831,2322,1797,7.0,,full,2,4
UR200-4183c10c.csv,UGD200,5X-KOB,2026-09-05 08:05,EBB,NBO,HUEN,1.9,yes,35,high,roll,351.0,14,1.1,6,,3555.9,match,3681,46,82,2771,2853,828,17.0,168.0,573,2567,3140,altitude,full,3650,-3,-2,HKJK,0.2,yes,06,high,roll,53.0,5,1.0,12,,3560.0,match,4119,22.6,149,5071,934,934,934,0,136.0,,1366,2300,1819,11.0,,full,-1,1
UR200-41876032.csv,UGD200,5X-KDP,2026-09-06 07:53,EBB,NBO,HUEN,1.0,yes,17,high,roll,171.0,12,1.1,1,,3556.1,match,3681,46,123,2412,2535,1146,21.0,168.0,598,2236,2834,altitude,full,3925,1,1,HKJK,0.0,yes,06,high,roll,54.0,16,0.0,2,,3600.0,match,4119,22.6,150,5011,66,66,66,0,150.0,1100,2234,2300,1819,9.0,,full,-5,-3
UR200-418b059c.csv,UGD200,,2026-09-07 08:00,EBB,NBO,HUEN,1.2,yes,17,high,roll,171.0,17,1.1,3,,3555.3,match,3681,46,115,3093,3209,472,25.0,177.0,762,2828,3589,altitude,full,3550,4,4,HKJK,0.2,yes,06,high,roll,53.0,7,1.0,2,,3560.0,match,4119,22.6,151,5011,384,384,384,0,150.0,937,1902,2286,1834,9.0,,full,-3,-1
UR200-418ef7ea.csv,UGD200,5X-KDP,2026-09-08 08:09,EBB,NBO,HUEN,1.6,yes,35,high,roll,351.0,17,1.1,4,,3555.4,match,3681,46,154,2747,2902,779,39.0,174.0,586,2608,3195,altitude,full,3625,2,3,HKJK,0.1,yes,06,high,roll,53.0,22,1.0,1,,3560.0,match,4119,22.6,147,5007,425,358,493,135,146.0,358,1871,2296,1823,9.0,,full,-3,-1
UR200-4192fdbd.csv,UGD200,5X-KDP,2026-09-09 07:56,EBB,NBO,HUEN,1.3,yes,17,high,roll,171.0,13,1.1,3,,3555.6,match,3681,46,133,2558,2691,990,23.0,176.0,184,2599,2783,altitude,full,3625,-2,-2,HKJK,0.2,yes,06,high,roll,53.0,10,1.0,14,,3560.0,match,4119,22.6,145,5031,511,201,821,620,144.0,821,1791,2302,1817,12.0,,full,-2,0
UR200-4197180a.csv,UGD200,5X-EQU,2026-09-10 07:55,EBB,NBO,HUEN,1.3,yes,17,high,roll,172.0,13,0.1,2,,3596.1,match,3681,46,172,2772,2943,737,42.0,184.0,199,2844,3043,altitude,full,3600,1,1,HKJK,0.2,yes,06,high,roll,53.0,15,1.0,2,,3560.0,match,4119,22.6,149,5009,536,64,1008,944,149.0,1008,1762,2298,1821,9.0,,full,-2,0
UR200-419b4457.csv,UGD200,5X-KDP,2026-09-11 07:53,EBB,NBO,HUEN,1.6,yes,35,high,roll,351.0,27,1.1,10,,3555.2,match,3681,46,92,2625,2717,964,19.0,172.0,214,2610,2824,altitude,full,3575,-13,-12,HKJK,0.2,yes,06,high,roll,53.0,6,1.0,3,,3560.0,match,4119,22.6,151,5007,533,41,1026,985,151.0,1026,1747,2280,1840,11.0,,full / track ends on the runway (roll is a lower bound),-6,-4
UR201-4177c828.csv,UGD201,5X-KDP,2026-09-02 10:18,NBO,EBB,HKJK,0.9,yes,06,high,roll,53.0,11,1.0,3,,3560.0,,4119,45,148,3247,3395,724,22.0,181.0,617,3086,3703,altitude,full,4950,-1,0,HUEN,0.9,yes,17,high,roll,171.0,21,1.1,6,,3557.2,match,3681,22.9,143,3635,473,402,544,142,144.0,402,2472,2945,736,11.0,,full,1,1
UR201-417bd90e.csv,UGD201,5X-EQU,2026-09-03 10:05,NBO,EBB,HKJK,1.3,yes,06,high,roll,54.0,8,0.0,19,,3600.0,match,4119,45,147,2617,2764,1355,38.0,176.0,569,2480,3049,altitude,full,4975,-3,-2,HUEN,0.8,yes,17,high,roll,171.0,8,1.1,1,,3557.3,match,3681,22.9,149,3654,299,299,299,0,147.0,299,2646,2945,736,13.0,,full,1,1
UR201-417ff073.csv,UGD201,5X-KDP,2026-09-04 10:00,NBO,EBB,HKJK,1.0,yes,06,high,roll,53.0,17,1.0,4,,3560.0,match,4119,45,98,2882,2981,1139,21.0,170.0,1228,2366,3595,altitude,full,5000,-6,-5,HUEN,0.9,yes,17,high,roll,171.0,8,1.1,16,,3556.7,match,3681,22.9,149,3659,423,423,423,0,150.0,423,2514,2937,743,9.0,,full,-2,-2
UR201-41840565.csv,UGD201,5X-KOB,2026-09-05 10:21,NBO,EBB,HKJK,1.1,yes,06,high,roll,53.0,7,1.0,16,,3560.0,,4119,45,112,3466,3578,541,26.0,182.0,1223,2966,4189,altitude,full,,-12,-11,HUEN,0.7,yes,17,high,roll,171.0,13,1.1,10,,3557.0,match,3681,22.9,146,3661,263,80,447,367,146.0,447,2693,2956,725,10.0,,full,-2,-2
UR201-41879c5d.csv,UGD201,5X-KDP,2026-09-06 09:58,NBO,EBB,HKJK,1.2,yes,06,high,roll,53.0,11,1.0,6,,3560.0,match,4119,45,81,3458,3538,581,17.0,179.0,1194,2941,4136,altitude,full,4950,-8,-7,HUEN,0.8,yes,17,high,roll,171.0,8,1.1,2,,3557.3,match,3681,22.9,153,3643,95,95,95,0,153.0,611,2851,2946,735,12.0,,full,5,5
UR201-418b4b5b.csv,UGD201,5X-KDP,2026-09-07 10:07,NBO,EBB,HKJK,1.0,yes,06,high,roll,53.0,11,1.0,5,,3560.0,match,4119,45,97,3365,3462,657,15.0,176.0,1174,2875,4049,altitude,full,4925,-10,-9,HUEN,0.8,yes,17,high,roll,171.0,14,1.1,1,,3557.2,match,3681,22.9,151,3604,210,210,210,0,151.0,872,2734,2944,736,9.0,,full,0,0
UR201-418f35c8.csv,UGD201,5X-KDP,2026-09-08 10:03,NBO,EBB,HKJK,1.1,yes,06,high,roll,53.0,10,1.0,4,,3560.0,match,4119,45,93,2912,3005,1114,18.0,176.0,802,2604,3406,altitude,full,,-7,-6,HUEN,0.6,yes,17,high,roll,171.0,9,1.1,1,,3557.1,match,3681,22.9,140,3599,468,468,468,0,136.0,468,2485,2953,727,17.0,,full,4,4
UR201-41933e05.csv,UGD201,5X-KDP,2026-09-09 09:56,NBO,EBB,HKJK,1.0,yes,06,high,roll,53.0,18,1.0,4,,3560.0,,4119,45,130,3389,3520,599,15.0,186.0,817,3111,3928,altitude,full,4950,1,2,HUEN,0.6,yes,17,high,roll,171.0,16,1.1,3,,3557.4,match,3681,22.9,143,3644,357,282,433,151,144.0,282,2597,2954,727,19.0,,full,5,5
UR201-41975f58.csv,UGD201,5X-EQU,2026-09-10 10:04,NBO,EBB,HKJK,0.9,yes,06,high,roll,53.0,26,1.0,2,,3560.0,match,4119,45,137,3524,3661,458,26.0,182.0,1253,3035,4288,altitude,full,4925,0,1,HUEN,0.6,yes,17,high,roll,171.0,29,1.1,1,,3557.0,match,3681,22.9,138,3611,288,75,501,426,138.0,1067,2667,2955,726,11.0,,full,1,1
UR201-419b8ebf.csv,UGD201,5X-KDP,2026-09-11 10:05,NBO,EBB,HKJK,0.9,yes,06,high,roll,53.0,25,1.0,5,,3560.0,match,4119,45,110,3290,3401,719,15.0,173.0,1139,2831,3970,altitude,full,4950,-11,-10,HUEN,0.7,yes,17,high,roll,171.0,9,1.1,3,,3557.3,match,3681,22.9,149,3643,115,115,115,0,149.0,1219,2823,2938,742,15.0,,full,1,1
UR203-3b751c2a.csv,UGD111X,,2025-07-28 08:07,NBO,EBB,HKJK,1.1,yes,06,high,roll,53.0,14,1.0,2,,3560.0,,4119,45,69,2920,2989,1130,15.0,176.0,790,2594,3384,altitude,full,,-2,-1,HUEN,0.7,yes,17,high,roll,171.0,8,1.1,1,,3555.6,,3681,22.9,156,3556,299,299,299,0,157.0,299,2655,2954,727,22.0,1145,full,-3,-3
UR206-4171f72c.csv,UGD206,,2026-08-31 22:24,EBB,NBO,HUEN,1.0,yes,17,high,roll,171.0,16,1.1,2,,3555.2,match,3681,46,169,2422,2591,1090,15.0,171.0,793,2194,2987,altitude,full,4150,1,1,HKJK,0.4,yes,06,high,roll,53.0,16,1.0,3,,3560.0,,4119,22.6,154,5030,754,754,754,0,149.0,1264,2252,3006,1113,15.0,1047,full,-1,1
UR206-41752255.csv,UGD206,ET-APL,2026-09-01 18:17,EBB,NBO,HUEN,1.3,yes,17,high,roll,171.0,7,1.1,4,,3555.9,match,3681,46,240,1944,2183,1498,46.0,155.0,835,1766,2601,altitude,full,3650,2,2,HKJK,0.4,yes,06,high,roll,53.0,23,1.0,2,,3560.0,,4119,22.6,157,5038,71,71,71,0,157.0,1243,2934,3005,1114,15.0,1009,full,-3,-1
UR206-418165b0.csv,UGD206,5X-KDP,2026-09-04 17:58,EBB,NBO,HUEN,1.2,yes,17,high,roll,171.0,10,1.1,2,,3556.8,match,3681,46,118,2715,2833,848,24.0,169.0,776,2445,3221,altitude,full,3750,3,3,HKJK,0.1,yes,06,high,roll,53.0,11,1.0,1,,3560.0,match,4119,22.6,142,5159,369,369,369,0,142.0,369,1926,2295,1824,14.0,,full,1,3
UR206-4188ec01.csv,UGD206,5X-KOB,2026-09-06 17:40,EBB,NBO,HUEN,1.3,yes,17,high,roll,171.0,12,1.1,1,,3556.8,match,3681,46,135,2434,2568,1112,23.0,166.0,592,2272,2865,altitude,full,3675,1,1,HKJK,0.2,yes,06,high,roll,53.0,27,1.0,1,,3560.0,match,4119,22.6,143,5116,101,101,101,0,143.0,,2898,2999,1120,11.0,,full,0,2
UR206-418c9428.csv,UGD206,5X-KOB,2026-09-07 17:38,EBB,NBO,HUEN,1.3,yes,17,high,roll,171.0,12,1.1,15,,3557.0,match,3681,46,109,2104,2214,1467,18.0,155.0,725,1852,2576,altitude,full,4075,1,1,HKJK,0.2,yes,06,high,roll,53.0,27,1.0,1,,3560.0,match,4119,22.6,137,5127,720,720,720,0,133.0,720,2281,3001,1119,11.0,,full,0,2
UR206-419089a6.csv,UGD206,,2026-09-08 17:33,EBB,NBO,HUEN,1.3,yes,17,high,roll,171.0,8,1.1,5,,3556.8,match,3681,46,160,2862,3023,658,38.0,166.0,597,2724,3321,altitude,full,3700,16,16,HKJK,0.1,yes,06,high,roll,53.0,6,1.0,1,,3560.0,match,4119,22.6,143,5097,266,266,266,0,143.0,266,2040,2306,1813,10.0,,full,2,4
UR206-419d01d3.csv,UGD206,5X-KDP,2026-09-11 17:49,EBB,NBO,HUEN,1.3,yes,17,high,roll,171.0,9,1.1,5,,3554.3,match,3681,46,90,2202,2293,1388,15.0,158.0,757,1914,2671,altitude,full,3700,-1,-1,HKJK,0.1,yes,06,high,roll,53.0,13,1.0,12,,3560.0,match,4119,22.6,144,5138,776,776,776,0,133.0,,1518,2294,1825,11.0,,full,-3,-1
UR207-4173413d.csv,UGD207D,,2026-09-01 07:04,NBO,EBB,HKJK,1.0,yes,06,high,roll,53.0,14,1.0,3,,3560.0,match,4119,45,90,2070,2160,1959,15.0,163.0,773,1773,2546,altitude,full,4975,-4,-3,HUEN,0.6,yes,17,high,roll,168.0,17,4.1,12,,3435.9,match,3681,22.9,152,3634,65,65,65,0,152.0,,2860,2925,755,28.0,,full,0,0
UR207-4175b03e.csv,UGD207,,2026-09-01 21:06,NBO,EBB,HKJK,1.0,yes,06,high,roll,53.0,17,1.0,6,,3560.0,match,4119,45,81,2286,2367,1753,15.0,168.0,598,2068,2666,altitude,full,4975,-7,-6,HUEN,0.7,yes,17,high,roll,171.0,13,1.1,12,,3554.4,match,3681,22.9,161,3667,193,193,193,0,162.0,949,2747,2940,741,27.0,1056,full,-3,-3
UR207-4181d8cb.csv,UGD207,5X-KDP,2026-09-04 19:56,NBO,EBB,HKJK,1.1,yes,06,high,roll,53.0,6,1.0,1,,3560.0,match,4119,45,95,3421,3515,604,23.0,170.0,1218,2906,4124,altitude,full,,0,1,HUEN,0.7,yes,17,high,roll,171.0,10,1.1,1,,3556.5,match,3681,22.9,143,3772,116,116,116,0,143.0,601,2820,2936,744,16.0,,full,3,3
UR207-41896043.csv,UGD207,5X-KOB,2026-09-06 19:53,NBO,EBB,HKJK,1.2,yes,06,high,roll,53.0,6,1.0,5,,3560.0,match,4119,45,65,3181,3246,873,15.0,175.0,1205,2644,3849,altitude,full,,-1,0,HUEN,0.7,yes,17,high,roll,171.0,18,1.1,8,,3557.1,match,3681,22.9,151,3710,519,519,519,0,149.0,519,2431,2950,731,9.0,,full,0,0
UR207-418d1ff2.csv,UGD207,5X-KOB,2026-09-07 20:07,NBO,EBB,HKJK,1.1,yes,06,high,roll,53.0,10,1.0,4,,3560.0,match,4119,45,119,3012,3131,988,28.0,171.0,1221,2520,3742,altitude,full,5025,-2,-1,HUEN,0.6,yes,17,high,roll,171.0,9,1.1,11,,3555.7,match,3681,22.9,141,3687,433,433,433,0,139.0,433,2511,2944,736,11.0,,full,-1,-1
UR207-419103e8.csv,UGD207,5X-EQU,2026-09-08 19:43,NBO,EBB,HKJK,1.0,yes,06,high,roll,53.0,16,1.0,1,,3560.0,match,4119,45,86,3030,3115,1004,21.0,173.0,1158,2536,3694,altitude,full,,3,4,HUEN,0.7,yes,17,high,roll,171.0,7,1.1,2,,3557.1,match,3681,22.9,148,3745,478,478,478,0,147.0,478,2477,2955,726,11.0,,full,5,5
UR207-419d83dc.csv,UGD207,5X-KDP,2026-09-11 19:56,NBO,EBB,HKJK,6.8,no,,,,,,,,,,,,,,,,,,,,,,,,,,,HUEN,0.7,yes,17,high,roll,171.0,8,1.1,2,,3554.3,match,3681,22.9,148,3706,517,517,517,0,143.0,1138,2422,2939,742,11.0,,full,-5,-5
UR208-3e8ba951.csv,UGD208,,2026-03-01 10:04,EBB,NBO,HUEN,1.2,yes,17,high,roll,171.0,8,1.1,7,,3555.9,match,3681,46,95,2287,2382,1299,16.0,161.0,563,2100,2663,altitude,full,4375,4,4,HKJK,0.0,yes,06,high,roll,54.0,11,0.0,1,,3600.0,,4119,22.6,138,5157,754,754,754,0,136.0,754,1542,2296,1823,20.0,,full,-1,1
UR208-417a1e38.csv,UGD208,5X-KDP,2026-09-02 22:20,EBB,NBO,HUEN,1.2,yes,17,high,roll,171.0,10,1.1,4,,3554.3,match,3681,46,119,2852,2971,710,21.0,178.0,679,2631,3311,altitude,full,3650,-2,-2,HKJK,0.2,yes,06,high,roll,53.0,15,1.0,6,,3560.0,match,4119,22.6,152,5063,542,457,626,168,151.0,307,1755,2297,1822,8.0,,full,3,5
UR208-417e2cfc.csv,UGD208,5X-KDP,2026-09-03 22:12,EBB,NBO,HUEN,1.3,yes,17,high,roll,171.0,16,1.1,10,,3555.6,match,3681,46,112,2760,2872,809,20.0,174.0,179,2782,2961,altitude,full,3675,3,3,HKJK,0.0,yes,06,high,roll,53.0,8,1.0,1,,3560.0,match,4119,22.6,138,5139,754,754,754,0,131.0,754,1528,2282,1837,9.0,,full,0,2
UR208-41862a43.csv,UGD208,5X-KDP,2026-09-05 22:10,EBB,NBO,HUEN,1.2,yes,17,high,roll,172.0,8,0.1,21,,3595.0,match,3681,46,142,2558,2700,981,21.0,170.0,600,2400,3000,altitude,full,3725,-3,-3,HKJK,0.0,yes,06,high,roll,53.0,5,1.0,2,,3560.0,match,4119,22.6,142,5093,101,101,101,0,142.0,,2187,2288,1831,11.0,,full,1,3
UR208-4189c9e6.csv,UGD208,5X-KOB,2026-09-06 22:22,EBB,NBO,HUEN,1.2,yes,17,high,roll,171.0,12,1.1,6,,3556.0,match,3681,46,90,2737,2827,853,15.0,173.0,653,2501,3154,altitude,full,3625,1,1,HKJK,0.5,yes,06,high,roll,53.0,5,1.0,2,,3560.0,match,4119,22.6,147,5052,471,12,929,917,147.0,929,1831,2302,1817,7.0,,full / track ends on the runway (roll is a lower bound),-1,1
UR208-418d864b.csv,UGD208,5X-KOB,2026-09-07 22:13,EBB,NBO,HUEN,1.2,yes,17,high,roll,171.0,18,1.1,6,,3556.2,match,3681,46,120,2697,2816,865,20.0,173.0,176,2728,2904,altitude,full,3600,12,12,HKJK,0.0,yes,06,high,roll,53.0,15,1.0,1,,3560.0,match,4119,22.6,141,5064,407,407,407,0,141.0,407,1878,2285,1834,8.0,,full,1,3
UR208-419596f7.csv,UGD208,5X-KDP,2026-09-09 22:10,EBB,NBO,HUEN,1.1,yes,17,high,roll,171.0,10,1.1,10,,3555.2,match,3681,46,109,2618,2726,954,15.0,169.0,727,2363,3090,altitude,full,4050,7,7,HKJK,0.5,yes,06,high,roll,53.0,8,1.0,1,,3560.0,match,4119,22.6,141,5066,552,101,1004,903,141.0,1004,2452,3004,1115,8.0,,full,0,2
UR208-4199c0af.csv,UGD208,5X-KDP,2026-09-10 22:19,EBB,NBO,HUEN,1.1,yes,17,high,roll,171.0,12,1.1,3,,3554.5,match,3681,46,97,2506,2603,1078,24.0,167.0,638,2283,2922,altitude,full,3900,-3,-3,HKJK,0.6,yes,06,high,roll,53.0,22,1.0,1,,3560.0,match,4119,22.6,152,5062,527,433,620,187,151.0,620,2475,3002,1117,9.0,,full,1,3
UR209-3e8bda7f.csv,UGD209,,2026-03-01 11:59,NBO,EBB,HKJK,1.2,yes,06,high,roll,53.0,10,1.0,1,,3560.0,,4119,45,117,3232,3349,770,15.0,156.0,1038,2830,3868,altitude,full,6225,-6,-5,HUEN,0.6,yes,17,high,roll,171.0,12,1.1,10,,3555.9,match,3681,22.9,132,3730,465,465,465,0,132.0,465,2470,2935,746,17.0,,full,-1,-1
UR209-416ac5e5.csv,UGD209,,2026-08-30 00:16,NBO,EBB,HKJK,1.2,yes,06,high,roll,54.0,11,0.0,2,,3600.0,,4119,45,217,2843,3060,1059,47.0,177.0,798,2661,3459,altitude,full,4950,3,4,HUEN,0.9,yes,17,high,roll,171.0,13,1.1,9,,3555.3,match,3681,22.9,150,3710,371,371,371,0,149.0,1046,2574,2945,736,11.0,,full,1,1
UR209-417a83ba.csv,UGD209,5X-KDP,2026-09-03 00:35,NBO,EBB,HKJK,0.9,yes,06,high,roll,53.0,14,1.0,1,,3560.0,match,4119,45,99,3247,3346,773,19.0,175.0,1352,2670,4022,altitude,full,,-2,-1,HUEN,0.8,yes,17,high,roll,171.0,9,1.1,1,,3556.9,match,3681,22.9,152,3765,438,438,438,0,151.0,1083,2499,2937,744,9.0,,full,0,0
UR209-417e92a9.csv,UGD209,5X-KDP,2026-09-04 00:23,NBO,EBB,HKJK,1.2,yes,06,high,roll,53.0,6,1.0,1,,3560.0,match,4119,45,80,3357,3437,682,17.0,179.0,1244,2815,4059,altitude,full,,3,4,HUEN,1.0,yes,17,high,roll,171.0,8,1.1,1,,3556.1,match,3681,22.9,155,3763,327,70,584,514,155.0,584,2617,2944,737,9.0,,full,0,0
UR209-41868450.csv,UGD209,5X-KDP,2026-09-06 00:30,NBO,EBB,HKJK,1.2,yes,06,high,roll,53.0,5,1.0,3,,3560.0,match,4119,45,83,3483,3566,553,17.0,170.0,1146,2993,4139,altitude,full,5750,-5,-4,HUEN,0.8,yes,17,high,roll,171.0,7,1.1,1,,3556.6,match,3681,22.9,160,3786,215,215,215,0,159.0,800,2682,2897,783,9.0,,full / track ends on the runway (roll is a lower bound),1,1
UR209-418a175e.csv,UGD209,5X-KOB,2026-09-07 00:24,NBO,EBB,HKJK,1.1,yes,06,high,roll,53.0,9,1.0,5,,3560.0,match,4119,45,108,2910,3019,1100,22.0,174.0,1258,2390,3648,altitude,full,4975,-2,-1,HUEN,0.7,yes,17,high,roll,171.0,7,1.1,1,,3556.7,match,3681,22.9,149,3699,274,274,274,0,148.0,942,2626,2900,781,11.0,,full / track ends on the runway (roll is a lower bound),3,3
UR209-418de625.csv,UGD209,5X-KOB,2026-09-08 00:22,NBO,EBB,HKJK,1.2,yes,06,high,roll,54.0,9,0.0,3,,3600.0,match,4119,45,74,3447,3521,598,16.0,179.0,1207,2918,4124,altitude,full,4975,2,3,HUEN,0.9,yes,17,high,roll,171.0,7,1.1,2,,3556.3,match,3681,22.9,151,3716,289,289,289,0,152.0,1433,2660,2949,732,10.0,,full,5,5
UR209-4196031c.csv,UGD209,5X-KDP,2026-09-10 00:29,NBO,EBB,HKJK,1.1,yes,06,high,roll,53.0,10,1.0,7,,3560.0,match,4119,45,113,3351,3465,654,17.0,177.0,1241,2844,4085,altitude,full,,-8,-7,HUEN,0.7,yes,17,high,roll,171.0,24,1.1,1,,3555.7,match,3681,22.9,149,3721,259,259,259,0,148.0,1301,3386,3645,36,8.0,,full,1,1
UR209-419a2656.csv,UGD209,5X-KDP,2026-09-11 00:26,NBO,EBB,HKJK,1.2,yes,06,high,roll,53.0,11,1.0,7,,3560.0,match,4119,45,81,3504,3585,534,20.0,186.0,1180,2995,4175,altitude,full,4975,0,1,HUEN,0.9,yes,17,high,roll,171.0,8,1.1,19,,3556.6,match,3681,22.9,156,3725,438,438,438,0,155.0,1086,2505,2943,737,11.0,,full,0,0
UR320-416c35db.csv,UGD320,,2026-08-30 11:55,EBB,DAR,HUEN,1.3,yes,17,high,roll,171.0,9,1.1,3,,3555.7,match,3681,46,90,2760,2850,830,15.0,162.0,760,2470,3230,altitude,full,3575,6,6,HTDA,3.5,no,05,medium,approach-alignment,44.7,1,0.3,3,,3586.0,,,,,,,,,,,,,,,,,,,
UR320-4173e8c5.csv,UGD320,5X-KOB,2026-09-01 11:49,EBB,DAR,HUEN,1.4,yes,17,high,roll,172.0,11,0.1,7,,3597.2,match,3681,46,146,2145,2291,1390,34.0,159.0,204,2189,2393,altitude,full,3550,6,6,HTDA,4.5,no,23,medium,approach-alignment,224.9,1,0.1,7,,3595.7,,,,,,,,,,,,,,,,,,,
UR320-4187e58c.csv,UGD320,5X-KOB,2026-09-06 12:01,EBB,DAR,HUEN,1.2,yes,17,high,roll,172.0,15,0.1,3,,3597.4,match,3681,46,101,2892,2994,687,19.0,177.0,200,2894,3094,altitude,full,3600,8,8,HTDA,3.6,no,23,medium,approach-alignment,224.9,1,0.1,0,,3594.7,,,,,,,,,,,,,,,,,,,
UR320-418b7e9a.csv,UGD320,5X-KOB,2026-09-07 11:38,EBB,DAR,HUEN,1.2,yes,17,high,roll,171.0,17,1.1,1,,3556.3,match,3681,46,219,2703,2923,758,48.0,170.0,700,2573,3273,altitude,full,3525,5,5,HTDA,3.9,no,05,medium,approach-alignment,44.5,1,0.5,11,,3581.4,match,,,,,,,,,,,,,,,,,,
UR320-418f6b4e.csv,UGD320,5X-EQU,2026-09-08 11:36,EBB,DAR,HUEN,1.3,yes,17,high,roll,171.0,13,1.1,3,,3557.6,match,3681,46,100,2423,2523,1158,19.0,169.0,804,2121,2925,altitude,full,4075,7,7,HTDA,3.4,no,23,medium,approach-alignment,225.0,1,0.0,10,,3599.4,,,,,,,,,,,,,,,,,,,
UR321-4174518e.csv,UGD321,5X-KOB,2026-09-01 14:23,DAR,EBB,HTDA,1.5,yes,23,medium,climb-heading,231.0,8,6.0,103,,3360.0,,,,,,,,,,,,,,,,,,HUEN,0.6,yes,17,high,roll,171.0,11,1.1,2,,3555.5,match,3681,22.9,141,3694,120,120,120,0,141.0,963,2830,2950,731,23.0,,full,2,2
UR321-418856b0.csv,UGD321,5X-KOB,2026-09-06 14:49,DAR,EBB,HTDA,0.6,yes,05,medium,climb-heading,42.0,9,3.0,185,,3480.0,match,,,,,,,,,,,,,,,,,HUEN,0.7,yes,17,high,roll,171.0,16,1.1,9,,3556.1,match,3681,22.9,145,3755,366,366,366,0,144.0,366,2574,2940,741,11.0,,full,0,0
UR321-418be466.csv,UGD321,5X-KOB,2026-09-07 14:18,DAR,EBB,HTDA,1.5,yes,05,medium,climb-heading,43.0,10,2.0,37,,3520.0,match,,,,,,,,,,,,,,,,,HUEN,0.6,yes,17,high,roll,171.0,11,1.1,5,,3555.4,match,3681,22.9,135,3744,194,-40,428,468,135.0,428,2760,2954,727,12.0,,full,3,3
UR321-418fd0ec.csv,UGD321,5X-EQU,2026-09-08 14:16,DAR,EBB,HTDA,1.5,yes,23,low,climb-heading,271.0,23,46.0,82,,1760.0,,,,,,,,,,,,,,,,,,HUEN,0.6,yes,17,high,roll,171.0,11,1.1,4,,3556.9,match,3681,22.9,141,3746,56,-23,135,158,141.0,,2897,2953,728,10.0,,full,3,3
UR322-3ec4a809.csv,UGD322,,2026-03-16 19:25,EBB,DAR,HUEN,1.4,yes,17,high,roll,171.0,9,1.1,2,,3554.5,,3681,46,78,2354,2431,1250,15.0,161.0,645,2109,2754,altitude,full,3775,-3,-3,HTDA,3.4,no,05,medium,approach-alignment,44.7,1,0.3,7,,3586.4,,,,,,,,,,,,,,,,,,,
UR322-4171ad14.csv,UGD322,5X-KDP,2026-08-31 20:49,EBB,DAR,HUEN,1.1,yes,17,high,roll,171.0,13,1.1,2,,3557.3,match,3681,46,100,2546,2646,1035,18.0,166.0,757,2267,3024,altitude,full,4025,0,0,HTDA,3.9,no,05,medium,approach-alignment,45.2,1,0.2,19,,3591.2,,,,,,,,,,,,,,,,,,,
UR322-417a1000.csv,UGD322,5X-EQU,2026-09-02 22:00,EBB,DAR,HUEN,1.2,yes,17,high,roll,171.0,9,1.1,3,,3554.4,match,3681,46,103,2483,2587,1094,18.0,170.0,630,2272,2901,altitude,full,4025,0,0,HTDA,3.5,no,23,medium,approach-alignment,224.9,1,0.1,1,,3594.7,,,,,,,,,,,,,,,,,,,
UR322-417e1d45.csv,UGD322,5X-EQU,2026-09-03 21:59,EBB,DAR,HUEN,1.3,yes,17,high,roll,171.0,7,1.1,1,,3556.3,match,3681,46,157,2814,2971,710,35.0,177.0,796,2573,3369,altitude,full,3675,0,0,HTDA,1.5,yes,05,medium,approach-heading,45.0,11,0.0,24,,3600.0,,,,,,,,,,,,,,,,,,,
UR322-4182471c.csv,UGD322,5X-KDP,2026-09-04 22:04,EBB,DAR,HUEN,1.2,yes,17,high,roll,171.0,21,1.1,3,,3555.6,match,3681,46,127,2246,2373,1308,16.0,168.0,194,2276,2470,altitude,full,3675,5,5,HTDA,3.2,no,05,medium,approach-alignment,45.1,1,0.1,3,,3594.2,,,,,,,,,,,,,,,,,,,
UR322-41863182.csv,UGD322,5X-KOB,2026-09-05 22:21,EBB,DAR,HUEN,1.2,yes,17,high,roll,171.0,14,1.1,4,,3555.2,match,3681,46,92,2702,2794,887,15.0,178.0,195,2696,2891,altitude,full,3700,-4,-4,HTDA,3.5,no,05,medium,approach-alignment,44.7,1,0.3,5,,3588.3,,,,,,,,,,,,,,,,,,,
UR322-418d59e8.csv,UGD322,5X-KDP,2026-09-07 21:16,EBB,DAR,HUEN,1.2,yes,17,high,roll,171.0,11,1.1,3,,3554.3,match,3681,46,135,2228,2363,1318,19.0,161.0,642,2042,2684,altitude,full,4225,-1,-1,HTDA,3.7,no,05,medium,approach-alignment,44.9,1,0.1,9,,3595.9,match,,,,,,,,,,,,,,,,,,
UR322-419590c7.csv,UGD322,5X-KOB,2026-09-09 22:04,EBB,DAR,HUEN,1.1,yes,17,high,roll,172.0,7,0.1,6,,3594.9,match,3681,46,146,2622,2768,912,29.0,172.0,830,2353,3183,altitude,full,4150,0,0,HTDA,3.8,no,05,medium,approach-alignment,44.7,1,0.3,12,,3589.5,,,,,,,,,,,,,,,,,,,
UR322-4199b9bc.csv,UGD322,5X-EQU,2026-09-10 22:08,EBB,DAR,HUEN,1.3,yes,17,high,roll,171.0,6,1.1,2,,3555.0,match,3681,46,136,2115,2251,1429,23.0,160.0,602,1950,2552,altitude,full,3600,-4,-4,HTDA,4.0,no,23,medium,approach-alignment,224.7,1,0.3,10,,3589.5,,,,,,,,,,,,,,,,,,,
UR322-419deaee.csv,UGD322,5X-KDP,2026-09-11 21:51,EBB,DAR,HUEN,1.2,yes,17,high,roll,171.0,17,1.1,2,,3554.4,match,3681,46,87,2328,2414,1267,16.0,166.0,575,2127,2701,altitude,full,3650,2,2,HTDA,3.8,no,05,medium,approach-alignment,45.0,1,0.0,6,,3599.0,,,,,,,,,,,,,,,,,,,
UR323-3ec5167e.csv,UGD323,,2026-03-16 22:09,DAR,EBB,HTDA,1.5,yes,05,medium,climb-heading,44.0,10,1.0,84,,3560.0,,,,,,,,,,,,,,,,,,HUEN,0.6,yes,17,high,roll,171.0,17,1.1,3,,3554.4,match,3681,22.9,144,3784,402,218,586,367,145.0,586,2540,2942,739,13.0,,full,-5,-5
UR323-416ad499.csv,UGD323,,2026-08-30 00:40,DAR,EBB,HTDA,1.7,yes,23,low,climb-heading,273.0,36,48.0,93,,1680.0,,,,,,,,,,,,,,,,,,HUEN,0.8,yes,17,high,roll,171.0,19,1.1,7,,3556.1,match,3681,22.9,152,3728,650,402,897,496,151.0,402,2298,2948,733,8.0,,full,0,0
UR323-41723327.csv,UGD323,5X-KDP,2026-08-31 23:36,DAR,EBB,HTDA,1.5,yes,23,low,climb-heading,291.0,30,66.0,114,,960.0,,,,,,,,,,,,,,,,,,HUEN,0.9,yes,35,high,roll,351.0,34,1.1,1,,3557.4,,3681,22.9,134,3629,267,25,509,484,134.0,509,2798,3065,616,6.0,,full / track ends on the runway (roll is a lower bound),4,4
UR323-417a85db.csv,UGD323,5X-EQU,2026-09-03 00:38,DAR,EBB,HTDA,1.5,yes,23,low,climb-heading,253.0,30,28.0,5,,2480.0,,,,,,,,,,,,,,,,,,HUEN,0.7,yes,17,high,roll,171.0,19,1.1,1,,3556.2,match,3681,22.9,152,3757,249,249,249,0,152.0,687,2707,2956,725,11.0,,full,-1,-1
UR323-417e9f66.csv,UGD323,5X-EQU,2026-09-04 00:41,DAR,EBB,HTDA,1.4,yes,05,medium,climb-heading,41.0,9,4.0,194,,3440.0,,,,,,,,,,,,,,,,,,HUEN,0.8,yes,17,high,roll,171.0,10,1.1,2,,3555.0,match,3681,22.9,147,3770,457,106,808,701,147.0,808,2493,2950,731,15.0,,full,-3,-3
UR323-4182b881.csv,UGD323,5X-KDP,2026-09-05 00:30,DAR,EBB,HTDA,0.7,yes,05,medium,climb-heading,45.0,10,0.0,186,,3600.0,,,,,,,,,,,,,,,,,,HUEN,0.8,yes,17,high,roll,171.0,9,1.1,1,,3556.8,match,3681,22.9,151,3780,264,264,264,0,151.0,795,2653,2917,764,14.0,,full / track ends on the runway (roll is a lower bound),1,1
UR323-4186910e.csv,UGD323,5X-KOB,2026-09-06 00:54,DAR,EBB,HTDA,0.7,yes,05,medium,climb-heading,45.0,10,0.0,190,,3600.0,match,,,,,,,,,,,,,,,,,HUEN,1.1,yes,35,high,roll,351.0,18,1.1,1,,3555.2,match,3681,22.9,129,3740,310,310,310,0,128.0,310,2763,3073,608,9.0,,full,0,0
UR323-418dcd51.csv,UGD323,5X-KDP,2026-09-07 23:48,DAR,EBB,HTDA,1.6,yes,05,medium,climb-heading,40.0,13,5.0,186,,3400.0,match,,,,,,,,,,,,,,,,,HUEN,0.6,yes,17,high,roll,171.0,7,1.1,1,,3555.5,match,3681,22.9,143,3713,246,246,246,0,143.0,,2679,2925,756,9.0,,full / track ends on the runway (roll is a lower bound),0,0
UR323-419614ed.csv,UGD323,5X-KOB,2026-09-10 00:54,DAR,EBB,HTDA,1.9,yes,05,medium,climb-heading,45.0,10,0.0,69,,3600.0,,,,,,,,,,,,,,,,,,HUEN,0.7,yes,17,high,roll,171.0,25,1.1,1,,3556.5,match,3681,22.9,148,3716,272,272,272,0,147.0,729,2662,2934,747,10.0,,full,3,3
UR323-419a304c.csv,UGD323,5X-EQU,2026-09-11 00:40,DAR,EBB,HTDA,1.5,yes,23,low,climb-heading,243.0,20,18.0,106,,2880.0,,,,,,,,,,,,,,,,,,HUEN,0.9,yes,35,high,roll,351.0,12,1.1,8,,3556.2,match,3681,22.9,138,3690,581,581,581,0,134.0,581,2489,3070,610,6.0,,full,2,2
UR334-3a30a389.csv,UGD334,,2025-05-05 00:38,DAR,EBB,HTDA,13.7,yes,23,high,roll,225.0,5,0.0,12,,3600.0,,3004,46,228,2298,2526,478,47.0,160.0,676,2188,2863,altitude,full,,-12,-12,HUEN,0.7,yes,17,high,roll,171.0,8,1.1,3,,3554.3,,3681,22.9,152,3684,262,262,262,0,151.0,948,2665,2927,754,17.0,1299,full,-3,-3
UR334-3ec05be8.csv,UGD334,,2026-03-15 13:28,EBB,JRO,HUEN,1.2,yes,17,high,roll,171.0,7,1.1,3,,3556.8,,3681,46,141,2493,2634,1047,21.0,163.0,370,2449,2819,altitude,full,3725,-1,-1,HTKJ,0.4,yes,09,high,roll,87.0,3,0.0,6,,3600.0,,3599,22.6,141,2994,212,212,212,0,143.0,212,1747,1959,1641,20.0,1346,full / track ends on the runway (roll is a lower bound),-7,-4
UR334-3ec09e01.csv,UGD334,,2026-03-15 15:13,JRO,ZNZ,HTKJ,1.4,yes,09,high,roll,87.0,5,0.0,9,,3600.0,,3599,45,172,193,364,3235,37.0,67.0,0,364,364,speed fallback (below the altitude-valid speed),full / no wheel-off signature,,-9,-6,HTZA,3.1,yes,36,high,roll,354.0,14,0.0,1,,3600.0,,2468,22.6,127,200,246,246,246,0,119.0,246,1480,1726,742,14.0,,full,2,2
UR334-3ec0deda.csv,UGD334,,2026-03-15 16:43,ZNZ,EBB,,,,,,,,,,,,,,,,,,,,,,,,,,,,,,HUEN,0.6,yes,17,high,roll,171.0,16,1.1,1,,3555.9,match,3681,22.9,136,3849,320,115,524,409,136.0,524,2625,2945,736,20.0,,full,1,1
UR334-416be142.csv,UGD334,,2026-08-30 09:20,EBB,ZNZ,HUEN,1.4,yes,17,high,roll,172.0,15,0.1,9,,3596.8,match,3681,46,153,2808,2960,720,37.0,172.0,184,2869,3052,altitude,full,3575,10,10,HTZA,4.8,yes,18,medium,approach-heading,173.0,34,1.0,524,,3560.0,,,,,,,,,,,,,,,,,,,
UR334-417819cd.csv,UGD334,5X-KOB,2026-09-02 12:36,EBB,ZNZ,HUEN,1.4,yes,17,high,roll,171.0,8,1.1,1,,3556.8,match,3681,46,153,2292,2445,1236,38.0,163.0,570,2159,2730,altitude,full,3575,-1,-1,HTZA,4.2,yes,18,medium,approach-heading,174.0,26,0.0,5,,3600.0,,,,,,,,,,,,,,,,,,,
UR334-4178f107.csv,UGD334,5X-KOB,2026-09-02 16:48,JRO,EBB,HTKJ,1.2,yes,09,high,roll,87.0,9,0.0,4,,3600.0,,3599,45,102,2783,2885,715,22.0,163.0,1123,2323,3446,altitude,full,3450,2,5,HUEN,0.7,yes,17,high,roll,171.0,10,1.1,1,,3557.2,match,3681,22.9,138,3726,299,299,299,0,137.0,299,2648,2947,734,11.0,,full,1,1
UR334-417fd52c.csv,UGD334,5X-KOB,2026-09-04 09:12,EBB,ZNZ,HUEN,1.2,yes,17,high,roll,172.0,11,0.1,11,,3596.4,match,3681,46,92,2812,2903,778,15.0,176.0,338,2734,3072,altitude,full,3600,7,7,HTZA,4.5,yes,18,medium,approach-heading,174.0,18,0.0,0,,3600.0,,,,,,,,,,,,,,,,,,,
UR334-4180775f.csv,UGD334,5X-KOB,2026-09-04 13:38,JRO,EBB,HTKJ,1.3,yes,09,high,roll,87.0,12,0.0,4,,3600.0,,3599,45,102,2305,2407,1193,22.0,148.0,1220,1797,3016,altitude,full,3150,0,3,HUEN,0.6,yes,17,high,roll,171.0,13,1.1,1,,3556.7,match,3681,22.9,138,3751,231,3,459,456,138.0,459,2717,2948,733,11.0,,full,1,1
UR334-418787fa.csv,UGD334,5X-EQU,2026-09-06 09:18,EBB,ZNZ,HUEN,1.2,yes,17,high,roll,171.0,22,1.1,1,,3556.9,match,3681,46,121,2830,2951,729,21.0,177.0,215,2844,3059,altitude,full,3575,1,1,HTZA,4.4,yes,18,medium,approach-heading,174.0,14,0.0,178,,3600.0,,,,,,,,,,,,,,,,,,,
UR334-4187dd10.csv,UGD334,5X-EQU,2026-09-06 11:48,ZNZ,JRO,HTZA,1.8,yes,18,medium,roll,174.0,2,0.0,5,,3600.0,,2468,45,,,,,,,,,,,,,,,HTKJ,0.4,yes,09,high,roll,87.0,6,0.0,5,,3600.0,,3599,22.6,145,2718,873,873,873,0,139.0,873,1519,2392,1208,12.0,,full / track ends on the runway (roll is a lower bound),-8,-5
UR334-418827d6.csv,UGD334,5X-EQU,2026-09-06 13:40,JRO,EBB,HTKJ,1.4,yes,09,high,roll,87.0,11,0.0,3,,3600.0,,3599,45,97,2710,2807,792,18.0,161.0,927,2343,3271,altitude,full,2750,0,3,HUEN,0.6,yes,17,high,roll,171.0,15,1.1,1,,3555.2,match,3681,22.9,144,3746,184,184,184,0,144.0,672,2755,2939,742,10.0,,full,-3,-3
UR334-419390cb.csv,UGD334,5X-EQU,2026-09-09 12:18,EBB,ZNZ,HUEN,1.3,yes,17,high,roll,171.0,17,1.1,2,,3556.8,match,3681,46,62,2163,2225,1456,15.0,157.0,591,1930,2521,altitude,full,3625,-1,-1,HTZA,4.0,yes,18,high,roll,174.0,16,0.0,1,,3600.0,,2468,22.6,132,21,671,671,671,0,132.0,,1425,2096,372,11.0,,full,5,3
UR334-4193f245.csv,UGD334,5X-EQU,2026-09-09 14:39,ZNZ,JRO,HTZA,1.9,yes,18,high,roll,174.0,12,0.0,12,,3600.0,,2468,45,808,1863,2670,-202,24.0,149.0,219,2561,2780,altitude,full,275,14,11,HTKJ,0.5,yes,09,medium,approach-heading,87.0,5,0.0,4,,3600.0,,,,,,,,,,,,,,,,,,,
UR334-419470f1.csv,UGD334,5X-EQU,2026-09-09 16:50,JRO,EBB,HTKJ,1.2,yes,09,high,roll,87.0,15,0.0,3,,3600.0,,3599,45,91,2238,2329,1270,18.0,156.0,908,1876,2783,altitude,full,2825,3,6,HUEN,0.7,yes,17,high,roll,171.0,23,1.1,7,,3556.5,match,3681,22.9,135,3759,305,305,305,0,137.0,892,2640,2945,736,15.0,,full,2,2
UR334-419b7110.csv,UGD334,5X-KOB,2026-09-11 09:16,EBB,ZNZ,HUEN,1.1,yes,17,high,roll,171.0,6,1.1,2,,3557.4,match,3681,46,124,2542,2666,1015,16.0,171.0,663,2334,2997,altitude,full,4150,5,5,HTZA,4.7,yes,18,medium,approach-heading,174.0,14,0.0,8,,3600.0,,,,,,,,,,,,,,,,,,,
UR334-419bc9c0.csv,UGD334,5X-KOB,2026-09-11 11:44,ZNZ,JRO,HTZA,2.0,yes,18,high,roll,174.0,7,0.0,20,,3600.0,,2468,45,961,125,1086,1383,58.0,72.0,0,1086,1086,speed fallback (below the altitude-valid speed),full / no wheel-off signature,,5,3,HTKJ,0.6,yes,09,medium,approach-heading,87.0,11,0.0,5,,3600.0,,,,,,,,,,,,,,,,,,,
UR334-419c19e0.csv,UGD334,5X-KOB,2026-09-11 13:47,JRO,EBB,HTKJ,1.7,yes,09,medium,roll,87.0,2,0.0,12,,3600.0,,3599,45,,,,,,,,,,,,,,,HUEN,0.7,yes,17,high,roll,171.0,10,1.1,3,,3555.3,match,3681,22.9,141,3723,71,-15,156,171,141.0,617,2868,2939,742,10.0,,full,6,6
UR342-3e969330.csv,UGD342,,2026-03-04 07:18,EBB,MBA,HUEN,1.3,yes,17,high,roll,171.0,7,1.1,2,,3557.1,,3681,46,94,2610,2704,977,15.0,172.0,812,2298,3110,altitude,full,3675,5,5,HKMO,3.7,yes,21,medium,approach-heading,209.0,20,0.0,0,,2331.1,,,,,,,,,,,,,,,,,,,
UR342-3eca79a8.csv,UGD342,,2026-03-18 09:03,EBB,MBA,HUEN,1.3,yes,17,high,roll,171.0,7,1.1,1,,3556.8,,3681,46,85,2897,2982,699,15.0,178.0,798,2583,3381,altitude,full,,1,1,HKMO,3.4,yes,21,medium,approach-heading,209.0,17,0.0,1,,2376.4,,,,,,,,,,,,,,,,,,,
UR342-3ed348d7.csv,UGD342,,2026-03-20 10:00,EBB,MBA,HUEN,1.2,yes,17,high,roll,171.0,10,1.1,2,,3556.0,match,3681,46,92,2828,2920,761,15.0,167.0,744,2548,3292,altitude,full,3650,3,3,HKMO,3.9,yes,21,medium,approach-heading,209.0,17,0.0,1,,2435.7,,,,,,,,,,,,,,,,,,,
UR342-3edb366c.csv,UGD342,,2026-03-22 09:33,EBB,MBA,HUEN,1.1,yes,17,high,roll,171.0,8,1.1,1,,3556.3,match,3681,46,171,2977,3148,532,31.0,175.0,878,2709,3587,altitude,full,,-2,-2,HKMO,3.7,yes,21,medium,approach-heading,209.0,17,0.0,0,,2106.0,,,,,,,,,,,,,,,,,,,
UR342-4179a966.csv,UGD342,5X-KOB,2026-09-02 20:02,EBB,MBA,HUEN,1.2,yes,17,high,roll,172.0,7,0.1,2,,3595.4,match,3681,46,97,3040,3137,544,16.0,176.0,801,2736,3538,altitude,full,3650,2,2,HKMO,5.2,yes,21,medium,approach-heading,209.0,16,0.0,2,,2281.7,,,,,,,,,,,,,,,,,,,
UR342-41819339.csv,UGD342,5X-EQU,2026-09-04 18:44,EBB,MBA,HUEN,1.2,yes,17,high,roll,171.0,9,1.1,2,,3555.5,match,3681,46,123,2875,2998,683,18.0,172.0,616,2690,3305,altitude,full,3750,6,6,HKMO,4.7,yes,21,medium,approach-heading,209.0,19,0.0,3,,2391.6,,,,,,,,,,,,,,,,,,,
UR342-418926f5.csv,UGD342,5X-KDP,2026-09-06 18:45,EBB,MBA,HUEN,1.1,yes,17,high,roll,172.0,7,0.1,2,,3597.2,match,3681,46,183,2330,2514,1167,34.0,167.0,618,2205,2822,altitude,full,4150,2,2,HKMO,4.9,yes,21,medium,approach-heading,209.0,35,0.0,4,,2486.8,,,,,,,,,,,,,,,,,,,
UR342-419512c9.csv,UGD342,5X-EQU,2026-09-09 19:39,EBB,MBA,HUEN,1.3,yes,17,high,roll,172.0,6,0.1,4,,3595.3,match,3681,46,96,2070,2166,1515,16.0,163.0,677,1827,2505,altitude,full,3675,0,0,HKMO,5.2,yes,21,medium,approach-heading,209.0,25,0.0,2,,2360.3,,,,,,,,,,,,,,,,,,,
UR342-419d3bb0.csv,UGD342,5X-EQU,2026-09-11 18:46,EBB,MBA,HUEN,1.2,yes,17,high,roll,171.0,9,1.1,3,,3554.3,match,3681,46,157,2110,2267,1414,21.0,162.0,675,1930,2605,altitude,full,4650,-1,-1,HKMO,4.6,yes,21,medium,approach-heading,209.0,23,0.0,1,,2468.5,,,,,,,,,,,,,,,,,,,
UR343-3e96d20e.csv,UGD343,,2026-03-04 09:33,MBA,EBB,HKMO,0.5,yes,21,high,roll,209.0,18,0.0,6,,3600.0,,3361,46,109,2425,2535,826,19.0,162.0,644,2212,2857,altitude,full,250,0,-3,HUEN,0.6,yes,17,high,roll,171.0,10,1.1,1,,3557.1,,3681,22.9,150,3696,319,319,319,0,150.0,632,2630,2949,732,20.0,,full,0,0
UR343-3ecad6e0.csv,UGD343,,2026-03-18 11:53,MBA,EBB,HKMO,0.2,yes,21,high,roll,208.0,24,1.0,7,,3560.0,,3361,46,90,2064,2154,1207,19.0,157.0,743,1782,2525,altitude,full,275,-2,-4,HUEN,0.7,yes,17,high,roll,171.0,22,1.1,1,,3556.2,,3681,22.9,157,3758,210,210,210,0,157.0,,2728,2938,743,20.0,,full,0,0
UR343-3ed398fc.csv,UGD343,,2026-03-20 12:25,MBA,EBB,HKMO,1.0,yes,21,high,roll,209.0,7,0.0,3,,3600.0,,3361,46,144,1966,2110,1251,33.0,154.0,683,1769,2452,altitude,full,1325,3,1,HUEN,0.6,yes,17,high,roll,171.0,21,1.1,7,,3556.8,match,3681,22.9,135,3756,387,387,387,0,133.0,387,2548,2935,746,21.0,,full,-2,-2
UR343-3edb7c4b.csv,UGD343,,2026-03-22 12:06,MBA,EBB,HKMO,0.3,yes,21,high,roll,209.0,7,0.0,3,,3600.0,,3361,46,77,2076,2153,1208,15.0,159.0,597,1854,2451,altitude,full,1125,-3,-5,HUEN,0.6,yes,17,high,roll,171.0,22,1.1,1,,3557.2,match,3681,22.9,139,3737,251,251,251,0,139.0,734,2696,2947,733,13.0,,full,1,1
UR343-417a332c.csv,UGD343,5X-KOB,2026-09-02 22:46,MBA,EBB,HKMO,0.1,yes,21,high,roll,209.0,17,0.0,3,,3600.0,,3361,46,77,1962,2039,1321,15.0,156.0,191,1944,2135,altitude,full,50,-4,-6,HUEN,0.6,yes,17,high,roll,171.0,10,1.1,1,,3557.1,match,3681,22.9,150,3722,309,309,309,0,148.0,641,2582,2891,790,16.0,,full / track ends on the runway (roll is a lower bound),2,2
UR343-41821bed.csv,UGD343,5X-EQU,2026-09-04 21:12,MBA,EBB,HKMO,0.5,yes,21,high,roll,208.0,11,1.0,4,,3560.0,,3361,46,129,2816,2944,417,27.0,178.0,580,2654,3234,altitude,full,,2,-2,HUEN,0.7,yes,17,high,roll,171.0,14,1.1,1,,3555.4,match,3681,22.9,152,3740,80,80,80,0,152.0,1199,2863,2943,737,11.0,,full,-4,-4
UR343-4189a5fc.csv,UGD343,5X-KDP,2026-09-06 21:27,MBA,EBB,HKMO,0.4,yes,21,high,roll,209.0,20,0.0,3,,3600.0,,3361,46,94,2674,2768,593,17.0,171.0,760,2388,3148,altitude,full,75,3,-1,HUEN,0.8,yes,17,high,roll,171.0,8,1.1,3,,3557.1,match,3681,22.9,151,3692,235,235,235,0,151.0,235,2694,2929,752,10.0,,full,4,4
UR343-419596f1.csv,UGD343,5X-EQU,2026-09-09 22:10,MBA,EBB,HKMO,0.1,yes,21,high,roll,209.0,13,0.0,13,,3600.0,,3361,46,102,2203,2305,1056,17.0,164.0,814,1898,2712,altitude,full,75,-2,-4,HUEN,1.0,yes,35,high,roll,351.0,37,1.1,1,,3556.6,match,3681,22.9,132,3648,280,280,280,0,132.0,280,2795,3075,606,4.0,,full,-2,-2
UR343-419dca9f.csv,UGD343,5X-EQU,2026-09-11 21:15,MBA,EBB,HKMO,0.2,yes,21,high,roll,209.0,20,0.0,2,,3600.0,,3361,46,105,1947,2052,1309,26.0,162.0,174,1965,2139,altitude,full,75,2,0,HUEN,0.8,yes,17,high,roll,172.0,8,0.1,4,,3594.3,match,3681,22.9,143,3706,424,200,647,447,143.0,1218,2497,2921,760,12.0,,full,-7,-7
UR360-3e8c665c.csv,UGD360,,2026-03-01 16:08,EBB,BJM,HUEN,1.4,yes,17,high,roll,171.0,9,1.1,2,,3555.3,match,3681,46,187,1832,2019,1662,19.0,147.0,667,1686,2353,altitude,full,3725,-1,-1,HBBA,0.1,yes,17,high,roll,170.0,7,2.0,18,,3520.0,,3608,22.6,140,2633,527,527,527,0,140.0,527,1646,2173,1435,12.0,1323,full / track ends on the runway (roll is a lower bound),0,1
UR360-416cfacb.csv,UGD360,,2026-08-30 16:30,EBB,BJM,HUEN,1.3,yes,17,high,roll,171.0,7,1.1,2,,3556.5,match,3681,46,168,2397,2565,1116,36.0,165.0,546,2292,2838,altitude,full,3650,2,2,HBBA,0.2,yes,17,high,roll,171.0,17,1.0,3,,3560.0,,3608,22.6,138,2628,303,303,303,0,137.0,803,1894,2197,1411,14.0,,full / track ends on the runway (roll is a lower bound),2,3
UR360-4174ea44.csv,UGD360,5X-KOB,2026-09-01 17:04,EBB,BJM,HUEN,1.2,yes,17,high,roll,171.0,16,1.1,2,,3557.3,match,3681,46,94,2172,2266,1415,15.0,162.0,205,2163,2368,altitude,full,3650,2,2,HBBA,0.3,yes,17,high,roll,170.0,6,2.0,22,,3520.0,,3608,22.6,135,2615,449,449,449,0,129.0,850,1334,1783,1825,13.0,,full,4,5
UR360-4178e32f.csv,UGD360,5X-KDP,2026-09-02 16:37,EBB,BJM,HUEN,1.2,yes,17,high,roll,171.0,24,1.1,2,,3557.1,match,3681,46,95,2253,2348,1333,17.0,161.0,245,2225,2470,altitude,full,3650,3,3,HBBA,0.3,yes,17,high,roll,171.0,20,1.0,4,,3560.0,,3608,22.6,134,2633,385,385,385,0,133.0,385,1773,2158,1449,15.0,,full / track ends on the runway (roll is a lower bound),-7,-6
UR360-417cfd0a.csv,UGD360,5X-KDP,2026-09-03 16:39,EBB,BJM,HUEN,1.4,yes,17,high,roll,171.0,14,1.1,3,,3556.1,match,3681,46,122,2128,2250,1431,23.0,158.0,191,2154,2345,altitude,full,3700,-1,-1,HBBA,0.3,yes,17,high,roll,171.0,23,1.0,3,,3560.0,,3608,22.6,129,2676,420,276,564,288,127.0,564,1933,2353,1255,7.0,,full,-3,-2
UR360-4181197a.csv,UGD360,5X-KOB,2026-09-04 16:42,EBB,BJM,HUEN,1.3,yes,17,high,roll,172.0,6,0.1,2,,3596.8,match,3681,46,177,1905,2082,1599,40.0,154.0,663,1751,2414,altitude,full,3750,0,0,HBBA,0.3,yes,17,high,roll,171.0,19,1.0,2,,3560.0,,3608,22.6,125,2704,189,189,189,0,124.0,675,1986,2175,1433,17.0,,full / track ends on the runway (roll is a lower bound),0,0
UR360-4188a946.csv,UGD360,5X-EQU,2026-09-06 16:27,EBB,BJM,HUEN,1.4,yes,17,high,roll,171.0,11,1.1,1,,3557.3,match,3681,46,105,2216,2320,1360,17.0,159.0,578,2031,2609,altitude,full,3700,2,2,HBBA,0.1,yes,17,high,roll,170.0,7,2.0,21,,3520.0,,3608,22.6,135,2683,465,465,465,0,133.0,465,1751,2216,1392,13.0,,full / track ends on the runway (roll is a lower bound),1,2
UR360-418c539f.csv,UGD360,5X-KDP,2026-09-07 16:33,EBB,BJM,HUEN,1.1,yes,17,high,roll,172.0,10,0.1,3,,3597.2,match,3681,46,168,2588,2756,925,27.0,170.0,184,2664,2848,altitude,full,3700,7,7,HBBA,0.0,yes,17,high,roll,171.0,8,1.0,9,,3560.0,,3608,22.6,133,2644,598,598,598,0,132.0,598,1748,2346,1262,9.0,,full,0,1
UR360-41903f50.csv,UGD360,5X-KDP,2026-09-08 16:21,EBB,BJM,HUEN,1.4,yes,17,high,roll,171.0,12,1.1,2,,3557.6,match,3681,46,98,2332,2430,1251,17.0,162.0,773,2044,2817,altitude,full,3700,1,1,HBBA,0.4,yes,17,high,roll,171.0,10,1.0,2,,3560.0,,3608,22.6,134,2649,378,199,558,359,133.0,558,1789,2167,1440,14.0,,full / track ends on the runway (roll is a lower bound),2,3
UR360-419461c3.csv,UGD360,5X-KDP,2026-09-09 16:39,EBB,BJM,HUEN,1.3,yes,17,high,roll,172.0,8,0.1,2,,3595.5,match,3681,46,155,2365,2520,1160,39.0,162.0,159,2441,2600,altitude,full,3700,-3,-3,HBBA,0.2,yes,17,high,roll,171.0,37,1.0,4,,3560.0,,3608,22.6,130,2650,496,418,575,157,128.0,276,2913,3409,199,17.0,,full / track ends on the runway (roll is a lower bound),-1,0
UR360-41987e04.csv,UGD360,5X-KDP,2026-09-10 16:34,EBB,BJM,HUEN,1.3,yes,17,high,roll,171.0,6,1.1,5,,3557.1,match,3681,46,77,2198,2275,1406,17.0,164.0,672,1939,2611,altitude,full,3700,5,5,HBBA,0.4,yes,17,high,roll,171.0,11,1.0,2,,3560.0,,3608,22.6,129,2644,120,120,120,0,129.0,714,2245,2365,1243,7.0,,full,6,6
UR360-419ca76b.csv,UGD360,5X-KOB,2026-09-11 16:25,EBB,BJM,HUEN,1.3,yes,17,high,roll,171.0,11,1.1,2,,3555.1,match,3681,46,123,2324,2447,1233,23.0,159.0,587,2154,2741,altitude,full,4575,4,4,HBBA,0.2,yes,17,high,roll,171.0,13,1.0,2,,3560.0,,3608,22.6,128,2650,367,367,367,0,127.0,918,1839,2206,1402,15.0,,full / track ends on the runway (roll is a lower bound),-4,-3
UR361-3e8cbae2.csv,UGD361,,2026-03-01 17:00,BJM,EBB,HBBA,1.3,yes,17,high,roll,171.0,7,1.0,6,,3560.0,,3608,45,234,2428,2662,946,52.0,159.0,613,2355,2968,altitude,full,3650,3,6,HUEN,0.6,yes,17,high,roll,171.0,9,1.1,2,,3554.8,match,3681,22.9,141,3764,198,198,198,0,141.0,823,2756,2954,726,16.0,,full,-3,-3
UR361-415d1d5d.csv,UGD361,,2026-08-26 16:56,BJM,EBB,HBBA,0.3,yes,17,high,roll,171.0,15,1.0,3,,3560.0,,3608,45,1007,2264,3271,337,18.0,156.0,665,2938,3603,altitude,full,3050,5,9,HUEN,0.6,yes,17,high,roll,171.0,22,1.1,1,,3555.3,,3681,22.9,137,3754,340,340,340,0,137.0,781,2589,2929,751,11.0,,full,1,1
UR361-41754361.csv,UGD361,5X-KOB,2026-09-01 17:35,BJM,EBB,HBBA,1.6,yes,17,high,roll,170.0,13,2.0,20,,3520.0,,3608,45,85,2242,2328,1280,16.0,154.0,528,2063,2592,altitude,full,2550,0,3,HUEN,0.6,yes,17,high,roll,171.0,23,1.1,1,,3555.6,match,3681,22.9,142,3725,729,652,806,153,138.0,459,2201,2930,751,13.0,,full,-2,-2
UR361-41794f1d.csv,UGD361,5X-KDP,2026-09-02 17:24,BJM,EBB,HBBA,1.2,yes,17,high,roll,171.0,21,1.0,13,,3560.0,,3608,45,99,2515,2614,993,18.0,169.0,265,2482,2747,altitude,full,2600,-8,-5,HUEN,0.6,yes,17,high,roll,171.0,9,1.1,1,,3557.0,match,3681,22.9,137,3729,339,339,339,0,137.0,339,2606,2945,736,10.0,,full,3,3
UR361-417d6a6a.csv,UGD361,5X-KDP,2026-09-03 17:31,BJM,EBB,HBBA,1.3,yes,17,high,roll,171.0,7,1.0,5,,3560.0,,3608,45,84,2357,2441,1167,17.0,159.0,660,2111,2771,altitude,full,3575,-2,1,HUEN,0.6,yes,17,high,roll,171.0,24,1.1,2,,3554.6,match,3681,22.9,134,3766,254,254,254,0,134.0,740,2684,2938,743,10.0,,full,0,0
UR361-41818775.csv,UGD361,5X-KOB,2026-09-04 17:29,BJM,EBB,HBBA,0.5,yes,17,high,roll,171.0,6,1.0,5,,3560.0,,3608,45,1061,1978,3040,568,56.0,147.0,521,2779,3300,altitude,no stop captured (rolling take-off),3375,7,11,HUEN,0.6,yes,17,high,roll,171.0,9,1.1,1,,3556.1,match,3681,22.9,138,3809,370,370,370,0,137.0,370,2564,2934,747,13.0,,full,6,6
UR361-41891720.csv,UGD361,5X-EQU,2026-09-06 17:30,BJM,EBB,HBBA,1.3,yes,17,high,roll,171.0,13,1.0,11,,3560.0,,3608,45,88,2151,2238,1370,15.0,157.0,584,1946,2530,altitude,full,3425,-3,0,HUEN,0.7,yes,17,high,roll,171.0,9,1.1,1,,3555.6,match,3681,22.9,142,3724,132,132,132,0,142.0,1229,2794,2926,754,10.0,,full / track ends on the runway (roll is a lower bound),0,0
UR361-418cb5d4.csv,UGD361,5X-KDP,2026-09-07 17:13,BJM,EBB,HBBA,1.3,yes,17,high,roll,171.0,17,1.0,2,,3560.0,,3608,45,98,2154,2252,1356,18.0,161.0,553,1976,2528,altitude,full,2575,-2,1,HUEN,0.6,yes,17,high,roll,171.0,11,1.1,1,,3555.9,match,3681,22.9,136,3724,147,147,147,0,136.0,601,2802,2949,732,11.0,,full,2,2
UR361-4190ae3a.csv,UGD361,5X-KDP,2026-09-08 17:15,BJM,EBB,HBBA,1.5,yes,17,high,roll,171.0,13,1.0,10,,3560.0,,3608,45,96,2123,2219,1389,29.0,158.0,570,1934,2504,altitude,full,2600,-3,0,HUEN,0.7,yes,17,high,roll,171.0,9,1.1,2,,3554.5,match,3681,22.9,140,3745,221,221,221,0,140.0,678,2689,2910,771,9.0,,full / track ends on the runway (roll is a lower bound),-4,-4
UR361-4194da2f.csv,UGD361,5X-KDP,2026-09-09 17:38,BJM,EBB,HBBA,1.4,yes,17,high,roll,170.0,9,2.0,22,,3520.0,,3608,45,83,2425,2508,1100,15.0,156.0,749,2133,2882,altitude,full,3600,-9,-6,HUEN,0.6,yes,17,high,roll,171.0,11,1.1,16,,3554.4,match,3681,22.9,131,3756,453,453,453,0,130.0,912,2482,2935,746,11.0,,full,-4,-4
UR361-4198ed71.csv,UGD361,5X-KDP,2026-09-10 17:26,BJM,EBB,HBBA,1.5,yes,17,high,roll,171.0,11,1.0,3,,3560.0,,3608,45,74,2473,2547,1061,16.0,163.0,753,2171,2924,altitude,full,2575,1,4,HUEN,0.6,yes,17,high,roll,171.0,17,1.1,2,,3555.0,match,3681,22.9,141,3728,269,23,516,494,141.0,516,2673,2942,738,7.0,,full,1,1
UR361-419d1cc4.csv,UGD361,5X-KOB,2026-09-11 17:15,BJM,EBB,HBBA,1.3,yes,17,high,roll,171.0,18,1.0,5,,3560.0,,3608,45,106,1859,1965,1643,28.0,149.0,931,1500,2431,altitude,full,2600,0,2,HUEN,0.6,yes,17,high,roll,171.0,10,1.1,2,,3555.0,match,3681,22.9,135,3768,279,279,279,0,135.0,745,2662,2941,740,17.0,,full,-2,-2
UR430-3ea2c7fe.csv,UGD430,,2026-03-07 13:43,EBB,BOM,HUEN,1.0,yes,17,high,roll,171.0,20,1.1,1,,3556.2,,3681,46,166,2724,2890,791,22.0,174.0,215,2782,2997,altitude,full,3650,3,3,VABB,3.8,no,27,medium,approach-alignment,269.2,1,0.2,10,,3591.3,,,,,,,,,,,,,,,,,,,
UR430-4179f0a0.csv,UGD430,5X-NIL,2026-09-02 21:36,EBB,BOM,HUEN,1.3,yes,17,high,roll,171.0,7,1.1,4,,3555.8,match,3681,46,198,2169,2367,1314,37.0,169.0,620,2057,2677,altitude,full,3575,1,1,VABB,1.2,yes,27,medium,approach-heading,269.0,5,0.0,5,,1705.6,,,,,,,,,,,,,,,,,,,
UR430-41849343.csv,UGD430,5X-NIL,2026-09-05 14:15,EBB,BOM,HUEN,1.3,yes,17,high,roll,172.0,7,0.1,2,,3596.0,match,3681,46,201,1830,2031,1650,36.0,150.0,534,1763,2298,altitude,full,3650,-1,-1,VABB,3.2,yes,27,medium,approach-heading,269.0,6,0.0,21,,1680.4,,,,,,,,,,,,,,,,,,,
UR430-41956039.csv,UGD430,,2026-09-09 21:16,EBB,BOM,HUEN,1.3,yes,17,high,roll,171.0,8,1.1,3,,3555.4,match,3681,46,180,2341,2521,1159,36.0,164.0,541,2251,2792,altitude,full,3650,2,2,VABB,1.6,yes,27,medium,approach-heading,269.0,3,0.0,6,,1622.6,,,,,,,,,,,,,,,,,,,
UR431-3ea437f5.csv,UGD431,,2026-03-08 01:33,BOM,EBB,VABB,1.2,yes,27,medium,climb-heading,269.0,8,0.0,194,,1709.8,,,,,,,,,,,,,,,,,,HUEN,1.0,yes,17,high,roll,168.0,16,4.1,1,,3436.4,match,3681,22.9,159,3739,299,299,299,0,160.0,985,2643,2942,739,17.0,1216,full,1,1
UR431-416a8875.csv,UGD431,,2026-08-30 01:26,BOM,EBB,VABB,0.3,yes,27,high,roll,269.0,14,0.0,1,,3600.0,,3479,60,217,2188,2405,1074,19.0,114.0,2629,1090,3720,altitude,full,900,0,-6,HUEN,0.6,yes,17,high,roll,171.0,10,1.1,11,,3556.9,match,3681,22.9,140,3679,397,397,397,0,142.0,397,2554,2951,730,12.0,3054,full,-1,-1
UR431-417b497a.csv,UGD431,5X-NIL,2026-09-03 08:38,BOM,EBB,VABB,0.9,yes,27,high,roll,270.0,16,1.0,3,,3560.0,,3479,60,181,1794,1975,1504,15.0,135.0,620,1666,2285,altitude,full,150,4,-1,HUEN,0.9,yes,17,high,roll,171.0,8,1.1,2,,3557.3,match,3681,22.9,152,3684,349,349,349,0,150.0,1399,2593,2942,739,18.0,999,full,4,4
UR431-41864480.csv,UGD431,5X-NIL,2026-09-06 01:32,BOM,EBB,VABB,1.6,yes,27,high,roll,269.0,10,0.0,3,,3600.0,,3479,60,235,1915,2151,1328,22.0,136.0,1709,1296,3005,altitude,full,125,3,-3,HUEN,0.6,yes,35,high,roll,351.0,10,1.1,1,,3556.3,match,3681,22.9,147,3701,251,3,498,495,147.0,974,2825,3076,605,7.0,2710,full,0,0
UR431-4196cfb0.csv,UGD431,5X-NIL,2026-09-10 08:31,BOM,EBB,VABB,1.3,yes,27,high,roll,270.0,11,1.0,6,,3560.0,,3479,60,214,2037,2251,1228,19.0,160.0,782,1860,2642,altitude,full,,7,1,HUEN,0.9,yes,17,high,roll,172.0,9,0.1,14,,3596.5,match,3681,22.9,150,3604,453,453,453,0,148.0,901,2486,2939,742,16.0,841,full,2,2
UR4400-3b3ebbea.csv,UGD4400,,2025-07-14 10:39,EBB,WDH,HUEN,1.3,yes,17,high,roll,171.0,7,1.1,2,,3555.7,,3681,46,231,1947,2178,1503,45.0,157.0,792,1781,2574,altitude,full,3525,-1,-1,FYWH,6.5,no,,,,,,,,,,,,,,,,,,,,,,,,,,,,
UR4400-3b3fe0cf.csv,UGD4400,,2025-07-14 16:07,WDH,EBB,FYWH,6.4,no,,,,,,,,,,,,,,,,,,,,,,,,,,,HUEN,0.8,yes,17,high,roll,171.0,8,1.1,2,,3554.9,,3681,22.9,146,3629,425,142,708,567,146.0,1244,2517,2942,739,21.0,,full,-5,-5
UR444-3db989ea.csv,UGD444,,2025-12-31 22:34,EBB,DXB,HUEN,1.3,yes,17,high,roll,171.0,11,1.1,3,,3554.4,,3681,46,131,2252,2383,1298,24.0,172.0,591,2088,2679,altitude,full,,0,0,OMDB,5.4,yes,30L,medium,approach-heading,301.0,11,0.0,3,1391,1387.9,,,,,,,,,,,,,,,,,,,
UR444-3e645a08.csv,UGD444,,2026-02-18 22:29,EBB,DXB,HUEN,1.2,yes,17,high,roll,171.0,10,1.1,2,,3555.0,,3681,46,107,2942,3049,632,18.0,187.0,619,2740,3359,altitude,full,,2,2,OMDB,5.2,yes,30L,medium,approach-heading,301.0,13,0.0,2,1530,1528.6,,,,,,,,,,,,,,,,,,,
UR445-3dba7a13.csv,UGD445,,2026-01-01 07:51,DXB,EBB,OMDB,2.6,yes,30R,high,roll,300.0,3,1.0,6,,3560.0,,3599,60,,,,,,,,,,,,,,,HUEN,0.8,yes,17,high,roll,171.0,8,1.1,1,,3557.1,,3681,22.9,149,3697,294,294,294,0,150.0,294,2651,2945,736,22.0,,full,0,0
UR445-3e658e86.csv,UGD445,,2026-02-19 07:24,DXB,EBB,OMDB,2.5,yes,30R,high,roll,301.0,3,0.0,8,,3600.0,,3599,60,,,,,,,,,,,,,,,HUEN,0.6,yes,17,high,roll,171.0,24,1.1,4,,3556.7,,3681,22.9,133,3657,151,151,151,0,133.0,596,2797,2948,733,27.0,1060,full,1,1
UR520-3ebbf9c8.csv,UGD520,,2026-03-14 05:01,EBB,MGQ,HUEN,1.2,yes,17,high,roll,171.0,8,1.1,2,,3555.9,,3681,46,119,2777,2896,785,25.0,172.0,615,2588,3204,altitude,full,3775,2,2,HCMM,3.7,yes,,,,,,,,,,,,,,,,,,,,,,,,,,,,
UR520-416b68d0.csv,UGD520,,2026-08-30 05:05,EBB,MGQ,HUEN,1.2,yes,17,high,roll,171.0,11,1.1,4,,3556.3,match,3681,46,108,2741,2850,831,20.0,168.0,792,2454,3246,altitude,full,3650,5,5,HCMM,9.3,no,,,,,,,,,,,,,,,,,,,,,,,,,,,,
UR520-41730ef2.csv,UGD520,5X-KDP,2026-09-01 05:06,EBB,MGQ,HUEN,1.3,yes,17,high,roll,171.0,16,1.1,3,,3556.4,match,3681,46,109,2784,2893,788,18.0,171.0,214,2786,3000,altitude,full,3650,14,14,,,,,,,,,,,,,,,,,,,,,,,,,,,,,,,
UR520-417f5329.csv,UGD520,5X-EQU,2026-09-04 05:07,EBB,MGQ,HUEN,1.3,yes,17,high,roll,171.0,6,1.1,2,,3557.0,match,3681,46,83,2340,2423,1258,19.0,170.0,582,2132,2714,altitude,full,4450,3,3,,,,,,,,,,,,,,,,,,,,,,,,,,,,,,,
UR520-41836393.csv,UGD520,5X-KDP,2026-09-05 04:55,EBB,MGQ,HUEN,1.1,yes,17,high,roll,171.0,9,1.1,1,,3557.1,match,3681,46,135,2959,3093,587,24.0,176.0,582,2802,3384,altitude,full,3700,1,1,HCMM,11.7,no,,,,,,,,,,,,,,,,,,,,,,,,,,,,
UR520-41871519.csv,UGD520,5X-KOB,2026-09-06 05:07,EBB,MGQ,HUEN,1.7,yes,35,high,roll,352.0,7,0.1,3,,3595.8,match,3681,46,229,2737,2966,715,47.0,174.0,809,2562,3371,altitude,full,,-4,-3,,,,,,,,,,,,,,,,,,,,,,,,,,,,,,,
UR520-418e9139.csv,UGD520,5X-KOB,2026-09-08 04:53,EBB,MGQ,HUEN,1.2,yes,17,high,roll,172.0,6,0.1,2,,3596.3,match,3681,46,73,2963,3036,644,15.0,175.0,774,2649,3423,altitude,full,3675,5,5,HCMM,2.8,yes,,,,,,,,,,,,,,,,,,,,,,,,,,,,
UR520-419aec40.csv,UGD520,5X-EQU,2026-09-11 05:13,EBB,MGQ,HUEN,1.1,yes,17,high,roll,171.0,7,1.1,2,,3555.9,match,3681,46,178,3380,3558,122,36.0,185.0,816,3150,3967,altitude,full,3650,2,2,HCMM,4.0,yes,,,,,,,,,,,,,,,,,,,,,,,,,,,,
UR521-3ebc5e3d.csv,UGD521,,2026-03-14 08:47,MGQ,EBB,HCMM,1.0,yes,,,,,,,,,,,,,,,,,,,,,,,,,,,HUEN,0.6,yes,17,high,roll,171.0,10,1.1,14,,3556.4,,3681,22.9,138,3757,407,407,407,0,137.0,928,2543,2950,731,10.0,,full,0,0
UR521-416bcc4a.csv,UGD521,,2026-08-30 08:50,MGQ,EBB,HCMM,0.3,yes,,,,,,,,,,,,,,,,,,,,,,,,,,,HUEN,0.6,yes,17,high,roll,171.0,15,1.1,11,,3555.9,match,3681,22.9,135,3625,449,449,449,0,133.0,449,2493,2942,739,12.0,,full,2,2
UR521-41738635.csv,UGD521,5X-KDP,2026-09-01 09:23,MGQ,EBB,HCMM,0.3,yes,,,,,,,,,,,,,,,,,,,,,,,,,,,HUEN,0.6,yes,17,high,roll,171.0,19,1.1,1,,3556.7,match,3681,22.9,135,3633,308,308,308,0,136.0,797,2623,2931,750,11.0,,full,3,3
UR521-417fcc42.csv,UGD521,5X-EQU,2026-09-04 09:21,MGQ,EBB,HCMM,0.3,yes,,,,,,,,,,,,,,,,,,,,,,,,,,,HUEN,0.9,yes,17,high,roll,171.0,13,1.1,1,,3556.7,match,3681,22.9,146,3664,218,218,218,0,146.0,724,3435,3653,28,9.0,,full,0,0
UR521-4183ce5c.csv,UGD521,5X-KDP,2026-09-05 08:43,MGQ,EBB,HCMM,1.3,yes,,,,,,,,,,,,,,,,,,,,,,,,,,,HUEN,0.7,yes,17,high,roll,171.0,9,1.1,1,,3557.3,match,3681,22.9,138,3679,300,28,573,545,138.0,573,2636,2936,744,14.0,,full,1,1
UR521-41877c32.csv,UGD521,5X-KOB,2026-09-06 09:28,MGQ,EBB,HCMM,0.3,yes,,,,,,,,,,,,,,,,,,,,,,,,,,,HUEN,0.9,yes,17,high,roll,171.0,8,1.1,2,,3557.4,match,3681,22.9,147,3628,253,17,488,472,147.0,488,2676,2929,752,13.0,,full,5,5
UR521-418f0818.csv,UGD521,5X-KOB,2026-09-08 08:43,MGQ,EBB,HCMM,2.0,yes,,,,,,,,,,,,,,,,,,,,,,,,,,,HUEN,0.8,yes,17,high,roll,171.0,7,1.1,1,,3557.1,match,3681,22.9,145,3599,340,340,340,0,145.0,826,2595,2935,746,15.0,,full,1,1
UR521-419b73a8.csv,UGD521,5X-EQU,2026-09-11 09:17,MGQ,EBB,,,,,,,,,,,,,,,,,,,,,,,,,,,,,,HUEN,0.7,yes,17,high,roll,171.0,8,1.1,3,,3557.1,match,3681,22.9,145,3624,234,-12,480,492,145.0,480,2704,2938,743,11.0,,full,-1,-1
UR710-3eb879c2.csv,UGD710,,2026-03-13 08:50,EBB,JNB,HUEN,1.3,yes,17,high,roll,171.0,11,1.1,6,,3556.6,,3681,46,156,2118,2274,1407,15.0,159.0,659,1945,2603,altitude,full,3675,3,3,FAOR,1.2,yes,21L,high,roll,195.0,24,1.0,18,,3560.0,,3404,30.0,147,5235,856,856,856,0,142.0,,1781,2637,767,28.0,186,full,3,0
UR710-3ed31e6f.csv,UGD710,,2026-03-20 08:43,EBB,JNB,HUEN,1.3,yes,17,high,roll,171.0,11,1.1,3,,3556.1,match,3681,46,133,2069,2202,1478,16.0,154.0,619,1893,2512,altitude,full,3650,2,2,FAOR,1.3,yes,03R,high,roll,15.0,28,1.0,18,,3560.0,,3404,30.0,135,5261,208,208,208,0,134.0,208,2439,2647,756,33.0,2444,full,-6,-14
UR710-3ed750e9.csv,UGD710,,2026-03-21 08:29,EBB,JNB,HUEN,1.2,yes,17,high,roll,171.0,22,1.1,2,,3557.0,,3681,46,104,2864,2969,712,24.0,172.0,728,2604,3333,altitude,full,3675,5,5,FAOR,1.4,yes,03R,high,roll,5.0,12,9.0,23,,3240.0,,3404,30.0,144,5310,801,801,801,0,132.0,,1270,2071,1332,25.0,2993,full,-7,-6
UR710-4177b015.csv,UGD710,ET-APL,2026-09-02 09:54,EBB,JNB,HUEN,1.0,yes,17,high,roll,171.0,9,1.1,11,,3557.4,match,3681,46,129,2496,2625,1056,20.0,173.0,576,2337,2913,altitude,full,4200,9,9,FAOR,1.5,yes,03R,high,roll,14.0,16,0.0,15,,3600.0,,3404,30.0,140,5147,301,301,301,0,139.0,301,2363,2664,739,24.0,3142,full,-5,-11
UR710-41801c3b.csv,UGD710,ET-APL,2026-09-04 11:39,EBB,JNB,HUEN,1.0,yes,17,high,roll,171.0,13,1.1,2,,3557.5,match,3681,46,185,2478,2663,1018,21.0,169.0,548,2389,2937,altitude,full,4150,0,0,FAOR,1.6,yes,21L,high,roll,199.0,9,5.0,11,,3400.0,,3404,30.0,152,5326,709,709,709,0,150.0,709,1916,2625,778,20.0,896,full,1,-1
UR710-418421df.csv,UGD710,ET-APL,2026-09-05 11:19,EBB,JNB,HUEN,1.1,yes,17,high,roll,171.0,13,1.1,3,,3557.4,match,3681,46,102,2572,2674,1007,15.0,174.0,785,2281,3066,altitude,full,4200,6,6,FAOR,1.0,yes,03R,high,roll,14.0,9,0.0,5,,3600.0,,3404,30.0,144,5257,511,511,511,0,143.0,511,2136,2647,756,31.0,3934,full,-5,-8
UR710-418b3b93.csv,UGD710,5X-EQU,2026-09-07 09:42,EBB,JNB,HUEN,1.2,yes,17,high,roll,171.0,9,1.1,3,,3556.9,match,3681,46,102,2902,3004,677,15.0,180.0,808,2600,3408,altitude,full,3525,-1,-1,FAOR,1.5,yes,03R,high,roll,11.0,13,3.0,18,,3480.0,match,3404,30.0,135,5095,569,569,569,0,127.0,,1509,2078,1326,24.0,3070,full,-5,-8
UR710-41932b0c.csv,UGD710,ET-APL,2026-09-09 09:29,EBB,JNB,HUEN,1.1,yes,17,high,roll,171.0,15,1.1,9,,3557.2,match,3681,46,115,2419,2534,1146,25.0,172.0,411,2329,2740,altitude,full,4200,4,4,FAOR,1.0,yes,03R,high,roll,11.0,19,3.0,27,,3480.0,,3404,30.0,150,5029,414,333,495,162,150.0,176,2246,2660,743,29.0,2490,full,-3,-8
UR710-419b82e1.csv,UGD710,ET-APL,2026-09-11 09:57,EBB,JNB,HUEN,1.1,yes,17,high,roll,171.0,8,1.1,18,,3556.7,match,3681,46,192,2444,2636,1044,43.0,174.0,583,2345,2928,altitude,full,4100,1,1,FAOR,1.6,yes,21L,high,roll,196.0,16,2.0,4,,3520.0,,3404,30.0,168,5156,214,214,214,0,169.0,214,3158,3372,32,13.0,278,full,-1,-2
UR711-3eb92a18.csv,UGD711,,2026-03-13 13:04,JNB,EBB,FAOR,1.1,yes,03L,high,roll,15.0,5,1.0,7,,3560.0,,4424,61,388,3604,3992,432,45.0,171.0,1199,3393,4591,altitude,full,6225,-14,-12,HUEN,0.6,yes,17,high,roll,171.0,12,1.1,2,,3554.6,,3681,22.9,135,3869,433,433,433,0,135.0,433,2512,2945,736,24.0,,full,-1,-1
UR711-3ed3d575.csv,UGD711,,2026-03-20 13:02,JNB,EBB,FAOR,1.0,yes,03L,high,roll,15.0,11,1.0,4,,3560.0,,4424,61,890,2257,3147,1277,20.0,156.0,1017,2638,3655,altitude,full,5300,0,0,HUEN,0.6,yes,17,high,roll,171.0,18,1.1,25,,3555.4,match,3681,22.9,132,3856,483,483,483,0,131.0,483,2461,2944,737,27.0,1427,full,0,0
UR711-3ed7f354.csv,UGD711,,2026-03-21 12:59,JNB,EBB,FAOR,1.0,yes,03L,high,roll,14.0,10,0.0,6,,3600.0,,4424,61,321,3789,4110,314,41.0,186.0,1376,3422,4798,altitude,full,,-1,1,HUEN,0.7,yes,17,high,roll,171.0,9,1.1,1,,3555.8,,3681,22.9,144,3876,480,480,480,0,142.0,942,2466,2946,735,19.0,,full,1,1
UR711-41788bdf.csv,UGD711,ET-APL,2026-09-02 14:21,JNB,EBB,FAOR,1.1,yes,03L,high,roll,14.0,8,0.0,5,,3600.0,match,4424,61,117,3637,3754,670,24.0,184.0,1400,3054,4454,altitude,full,,0,1,HUEN,0.8,yes,17,high,roll,171.0,8,1.1,11,,3555.1,match,3681,22.9,153,3716,589,589,589,0,154.0,1128,2347,2936,744,13.0,1064,full,0,0
UR711-41813ab4.csv,UGD711,ET-APL,2026-09-04 16:40,JNB,EBB,FAOR,3.1,yes,21R,high,roll,195.0,5,1.0,7,,3560.0,,4424,61,254,3522,3776,648,52.0,183.0,1309,3122,4431,altitude,full,,18,18,HUEN,1.1,yes,17,high,roll,171.0,29,1.1,1,,3556.6,match,3681,22.9,165,3734,325,49,601,552,165.0,1176,3329,3654,26,14.0,1325,full,-1,-1
UR711-41850d68.csv,UGD711,ET-APL,2026-09-05 15:40,JNB,EBB,FAOR,1.1,yes,03L,high,roll,16.0,12,2.0,5,,3520.0,,4424,61,998,385,1383,3041,48.0,88.0,0,1383,1383,speed fallback (below the altitude-valid speed),full / no wheel-off signature,,5,0,HUEN,1.0,yes,17,high,roll,168.0,15,4.1,16,,3435.5,match,3681,22.9,159,3767,469,469,469,0,158.0,963,2460,2929,751,28.0,,full,4,4
UR711-418c0303.csv,UGD711,5X-EQU,2026-09-07 14:04,JNB,EBB,FAOR,1.2,yes,03L,high,roll,16.0,6,2.0,5,,3520.0,match,4424,61,66,3480,3545,879,18.0,172.0,1248,2922,4169,altitude,full,,4,5,HUEN,0.6,yes,17,high,roll,171.0,10,1.1,10,,3555.3,match,3681,22.9,138,3717,417,417,417,0,136.0,885,2501,2918,763,14.0,,full / track ends on the runway (roll is a lower bound),3,3
UR711-419405bd.csv,UGD711,ET-APL,2026-09-09 14:02,JNB,EBB,FAOR,1.2,yes,03L,high,roll,15.0,5,1.0,6,,3560.0,match,4424,61,185,3674,3860,564,45.0,194.0,1409,3155,4564,altitude,full,,-1,1,HUEN,0.6,yes,17,high,roll,171.0,10,1.1,3,,3554.3,match,3681,22.9,145,3705,305,305,305,0,146.0,765,2626,2931,750,24.0,1062,full,-4,-4
UR711-419c5d79.csv,UGD711,ET-APL,2026-09-11 14:22,JNB,EBB,FAOR,1.1,yes,03L,high,roll,15.0,9,1.0,4,,3560.0,,4424,61,902,520,1422,3002,16.0,94.0,0,1422,1422,speed fallback (below the altitude-valid speed),full / no wheel-off signature,,4,0,HUEN,0.7,yes,17,high,roll,171.0,7,1.1,2,,3554.7,match,3681,22.9,152,3738,501,501,501,0,153.0,1062,2439,2940,741,17.0,1059,full,-2,-2
UR712-41720cd5.csv,UGD712,5X-KOB,2026-08-31 22:46,EBB,JNB,HUEN,1.2,yes,17,high,roll,171.0,12,1.1,10,,3555.6,match,3681,46,139,2901,3040,641,26.0,177.0,607,2736,3343,altitude,full,3650,2,2,FAOR,1.3,yes,21L,high,roll,196.0,11,2.0,4,,3520.0,,3404,30.0,139,5137,633,633,633,0,137.0,633,1768,2401,1003,8.0,,full,3,1
UR712-41762996.csv,UGD712,ET-APL,2026-09-01 23:16,EBB,JNB,HUEN,1.2,yes,17,high,roll,171.0,13,1.1,14,,3554.2,match,3681,46,188,2444,2632,1049,16.0,170.0,831,2216,3047,altitude,full,3650,-3,-3,FAOR,1.3,yes,03R,high,roll,14.0,19,0.0,6,,3600.0,,3404,30.0,139,5112,70,70,70,0,139.0,70,2589,2659,745,24.0,3196,full,-6,-16
UR712-4189d4c5.csv,UGD712,ET-APL,2026-09-06 22:46,EBB,JNB,HUEN,1.2,yes,17,high,roll,171.0,10,1.1,3,,3556.5,match,3681,46,149,2978,3127,554,28.0,185.0,871,2691,3562,altitude,full,,-5,-5,FAOR,1.0,yes,03R,high,roll,14.0,8,0.0,4,,3600.0,,3404,30.0,154,5124,548,548,548,0,155.0,548,2100,2648,755,24.0,3195,full,-4,-7
UR712-418d9079.csv,UGD712,ET-APL,2026-09-07 22:34,EBB,JNB,HUEN,1.2,yes,17,high,roll,171.0,7,1.1,8,,3554.7,match,3681,46,236,2210,2446,1235,46.0,166.0,788,2052,2840,altitude,full,,0,0,FAOR,1.5,yes,03R,high,roll,8.0,13,6.0,27,,3360.0,match,3404,30.0,142,4984,340,53,626,573,142.0,626,1714,2054,1350,33.0,3118,full,-7,-13
UR712-41919bf4.csv,UGD712,ET-APL,2026-09-08 22:57,EBB,JNB,HUEN,1.2,yes,17,high,roll,171.0,12,1.1,2,,3554.5,match,3681,46,136,3014,3150,530,25.0,183.0,623,2839,3462,altitude,full,,0,0,FAOR,1.3,yes,03R,high,roll,14.0,22,0.0,5,,3600.0,,3404,30.0,144,5047,338,338,338,0,146.0,946,2336,2674,730,23.0,3142,full,-5,-11
UR713-4172e265.csv,UGD713,5X-KOB,2026-09-01 02:55,JNB,EBB,FAOR,0.9,yes,21L,high,roll,195.0,16,1.0,4,,3560.0,,3404,60,139,2623,2762,641,24.0,162.0,1279,2123,3402,altitude,full,,4,-5,HUEN,0.7,yes,17,high,roll,171.0,9,1.1,1,,3557.3,match,3681,22.9,140,3670,168,168,168,0,140.0,687,2779,2947,733,14.0,,full,0,0
UR713-4176f826.csv,UGD713,ET-APL,2026-09-02 03:21,JNB,EBB,FAOR,2.2,yes,03R,high,roll,14.0,8,0.0,4,,3600.0,match,3404,60,146,436,583,2821,16.0,82.0,0,583,583,speed fallback (below the altitude-valid speed),full / no wheel-off signature,,-5,-7,HUEN,0.6,yes,17,high,roll,171.0,13,1.1,1,,3556.2,match,3681,22.9,147,3627,360,360,360,0,150.0,360,2575,2935,746,21.0,1062,full,0,0
UR713-418a91c6.csv,UGD713,ET-APL,2026-09-07 03:11,JNB,EBB,FAOR,1.1,yes,03L,high,roll,16.0,10,2.0,8,,3520.0,match,4424,61,105,4017,4123,301,26.0,188.0,1234,3506,4740,altitude,full,6025,-19,-17,HUEN,1.0,yes,17,high,roll,171.0,8,1.1,1,,3557.2,match,3681,22.9,164,3601,386,386,386,0,166.0,1119,2550,2936,745,14.0,1061,full,3,3
UR713-418e69f9.csv,UGD713,ET-APL,2026-09-08 03:00,JNB,EBB,FAOR,1.1,yes,03L,high,roll,16.0,7,2.0,6,,3520.0,,4424,61,147,3938,4086,338,26.0,174.0,1289,3441,4730,altitude,full,6200,-6,-4,HUEN,0.7,yes,17,high,roll,171.0,11,1.1,3,,3557.0,match,3681,22.9,155,3665,344,344,344,0,154.0,1015,2629,2973,707,21.0,1061,full,3,3
UR713-419282d5.csv,UGD713,ET-APL,2026-09-09 03:21,JNB,EBB,FAOR,1.1,yes,03L,high,roll,14.0,10,0.0,7,,3600.0,match,4424,61,103,3915,4018,406,20.0,170.0,1326,3355,4681,altitude,full,6425,23,25,HUEN,0.8,yes,17,high,roll,171.0,13,1.1,5,,3556.6,match,3681,22.9,156,3668,596,596,596,0,154.0,1189,2345,2941,740,15.0,1061,full,1,1
UR720-416b1937.csv,UGD720,,2026-08-30 01:43,HRE,EBB,FVHA,1.1,yes,23,medium,roll,225.0,2,1.0,2,,3560.0,,4723,46,1282,0,1282,3441,35.0,35.0,0,1282,1282,speed fallback (below the altitude-valid speed),full / no wheel-off signature,,-1,-1,HUEN,0.6,yes,17,high,roll,171.0,23,1.1,6,,3556.1,match,3681,22.9,134,3677,777,708,846,138,133.0,238,2158,2935,746,11.0,1063,full,1,1
UR720-416deb14.csv,UGD720,,2026-08-30 21:12,EBB,LUN,HUEN,1.3,yes,17,high,roll,171.0,12,1.1,1,,3556.2,match,3681,46,123,2988,3112,569,21.0,178.0,608,2807,3416,altitude,full,3650,2,2,FLLS,0.2,yes,10,high,roll,95.0,8,0.2,3,,3592.0,,3941,22.9,139,3574,227,-10,463,473,139.0,1061,2501,2728,1213,7.0,,full,-2,-2
UR720-4171bc59.csv,UGD720,5X-EQU,2026-08-31 21:06,EBB,LUN,HUEN,1.1,yes,17,high,roll,171.0,8,1.1,2,,3555.7,match,3681,46,169,3017,3187,494,29.0,178.0,583,2895,3478,altitude,full,3650,-2,-2,FLLS,0.4,yes,10,high,roll,95.0,8,0.2,1,,3592.0,,3941,22.9,133,3554,276,276,276,0,137.0,776,2452,2728,1213,8.0,,full,-2,-2
UR720-4172c560.csv,UGD720,5X-EQU,2026-09-01 02:05,HRE,EBB,FVHA,1.2,yes,05,low,climb-heading,18.0,30,28.0,0,,2480.0,,,,,,,,,,,,,,,,,,HUEN,0.6,yes,17,high,roll,171.0,25,1.1,1,,3556.3,match,3681,22.9,137,3704,425,187,662,475,137.0,1103,2514,2939,742,10.0,,full,1,1
UR720-418217cc.csv,UGD720,5X-KOB,2026-09-04 21:13,EBB,LUN,HUEN,1.3,yes,17,high,roll,171.0,8,1.1,2,,3556.7,match,3681,46,139,2684,2822,858,17.0,169.0,756,2444,3200,altitude,full,3700,-2,-2,FLLS,0.4,yes,10,high,roll,95.0,8,0.2,3,,3592.0,,3941,22.9,138,3740,262,262,262,0,139.0,,2468,2730,1211,8.0,,full,-5,-5
UR720-418311f2.csv,UGD720,5X-KOB,2026-09-05 01:36,HRE,EBB,FVHA,1.2,yes,05,medium,roll,44.0,2,2.0,7,,3520.0,,4723,46,,,,,,,,,,,,,,,HUEN,0.6,yes,17,high,roll,171.0,8,1.1,3,,3556.4,match,3681,22.9,144,3773,488,488,488,0,142.0,892,2464,2952,729,11.0,,full,7,7
UR720-41861399.csv,UGD720,ET-APL,2026-09-05 21:41,EBB,LUN,HUEN,1.3,yes,17,high,roll,171.0,13,1.1,4,,3554.1,match,3681,46,101,2257,2358,1323,15.0,165.0,642,2037,2679,altitude,full,3725,-2,-2,FLLS,0.5,yes,10,high,roll,95.0,9,0.2,1,,3592.0,,3941,22.9,144,3607,292,47,538,491,144.0,538,2436,2728,1213,14.0,1314,full,-2,-2
UR720-41868c7a.csv,UGD720,ET-APL,2026-09-05 23:50,LUN,HRE,FLLS,1.3,yes,10,high,roll,95.0,12,0.2,6,,3592.0,match,3941,46,115,2517,2632,1309,21.0,167.0,552,2356,2908,altitude,full,4675,-2,-2,FVHA,2.0,yes,05,high,roll,45.0,3,1.0,20,,3560.0,match,4723,23.0,139,4517,-58,-58,-58,0,139.0,,3630,3572,1151,13.0,352,no deceleration captured (coarse export),-2,-2
UR720-4186bf6c.csv,UGD720,ET-APL,2026-09-06 01:26,HRE,EBB,FVHA,0.9,yes,05,medium,roll,45.0,2,1.0,2,,3560.0,,4723,46,,,,,,,,,,,,,,,HUEN,1.0,yes,35,high,roll,351.0,11,1.1,1,,3555.4,match,3681,22.9,139,3670,280,280,280,0,138.0,280,2794,3074,607,12.0,2599,full,3,3
UR720-4189a8d4.csv,UGD720,5X-EQU,2026-09-06 21:32,EBB,LUN,HUEN,1.1,yes,17,high,roll,171.0,8,1.1,3,,3556.4,match,3681,46,121,2974,3095,586,17.0,180.0,646,2772,3418,altitude,full,3650,1,1,FLLS,0.3,yes,10,high,roll,95.0,13,0.2,1,,3592.0,,3941,22.9,141,3575,245,245,245,0,142.0,245,2490,2735,1206,10.0,,full,1,1
UR720-418a6176.csv,UGD720,5X-EQU,2026-09-07 01:31,HRE,EBB,FVHA,1.2,yes,05,high,roll,44.0,3,2.0,11,,3520.0,,4723,46,,,,,,,,,,,,,,,HUEN,1.0,yes,35,high,roll,351.0,30,1.1,1,,3556.6,match,3681,22.9,131,3653,176,176,176,0,131.0,763,2896,3072,609,8.0,,full,3,3
UR720-418d561a.csv,UGD720,5X-EQU,2026-09-07 21:13,EBB,LUN,HUEN,1.2,yes,17,high,roll,171.0,7,1.1,2,,3555.9,match,3681,46,112,2773,2885,796,15.0,167.0,603,2583,3186,altitude,full,3625,1,1,FLLS,0.5,yes,10,high,roll,95.0,14,0.2,5,,3592.0,,3941,22.9,126,3496,278,-34,590,624,126.0,590,2452,2730,1211,7.0,,full,-4,-4
UR720-418df8ef.csv,UGD720,5X-EQU,2026-09-07 23:49,LUN,HRE,FLLS,1.5,yes,10,high,roll,95.0,14,0.2,5,,3592.0,,3941,46,92,1959,2051,1890,17.0,158.0,155,1974,2129,altitude,full,3450,-2,-2,FVHA,0.2,yes,05,medium,approach-heading,44.0,11,2.0,1,,3520.0,,,,,,,,,,,,,,,,,,,
UR720-418e4460.csv,UGD720,5X-EQU,2026-09-08 01:42,HRE,EBB,FVHA,1.1,yes,05,low,climb-heading,24.0,77,22.0,1,,2720.0,,,,,,,,,,,,,,,,,,HUEN,0.8,yes,17,high,roll,171.0,7,1.1,2,,3555.8,match,3681,22.9,151,3738,272,272,272,0,152.0,923,2674,2946,735,13.0,,full,-2,-2
UR720-419dc18a.csv,UGD720,5X-KOB,2026-09-11 21:05,EBB,LUN,HUEN,1.1,yes,17,high,roll,171.0,16,1.1,2,,3554.7,match,3681,46,96,2573,2669,1012,15.0,171.0,605,2366,2971,altitude,full,4025,-2,-2,FLLS,0.3,yes,10,high,roll,95.0,16,0.2,2,,3592.0,,3941,22.9,134,3600,310,310,310,0,138.0,961,2423,2733,1208,5.0,,full,2,2
UR720-419e6520.csv,UGD720,5X-KOB,2026-09-11 23:25,LUN,HRE,FLLS,1.4,yes,10,high,roll,95.0,15,0.2,4,,3592.0,,3941,46,91,2665,2756,1185,18.0,170.0,778,2367,3145,altitude,full,4725,2,2,FVHA,1.1,yes,05,medium,approach-heading,45.0,12,1.0,1,,3560.0,,,,,,,,,,,,,,,,,,,
UR722-3eb560c4.csv,UGD722,,2026-03-12 14:48,EBB,HRE,HUEN,1.3,yes,17,high,roll,171.0,7,1.1,3,,3555.3,,3681,46,176,2808,2984,697,41.0,174.0,684,2642,3326,altitude,full,3725,-1,-1,FVHA,1.1,yes,23,medium,approach-heading,217.0,36,9.0,3,,3240.0,,,,,,,,,,,,,,,,,,,
UR722-3eb62c62.csv,UGD722,,2026-03-12 17:30,HRE,LUN,FVHA,1.2,yes,05,medium,climb-heading,41.0,7,5.0,191,,3400.0,,,,,,,,,,,,,,,,,,FLLS,0.2,yes,10,high,roll,95.0,9,0.2,3,,3592.0,,3941,22.9,145,3765,115,115,115,0,145.0,650,2620,2735,1206,9.0,,full,4,4
UR722-3eb68a79.csv,UGD722,,2026-03-12 19:14,LUN,EBB,FLLS,1.3,yes,10,high,roll,95.0,12,0.2,6,,3592.0,,3941,46,124,2854,2978,963,16.0,176.0,751,2603,3354,altitude,full,4175,2,2,HUEN,0.7,yes,17,high,roll,171.0,16,1.1,1,,3556.7,,3681,22.9,136,3774,458,458,458,0,134.0,458,2484,2942,739,11.0,,full,2,2
UR722-3ecf94de.csv,UGD722,,2026-03-19 14:41,EBB,HRE,HUEN,1.3,yes,17,high,roll,171.0,8,1.1,5,,3556.8,,3681,46,74,2449,2522,1159,16.0,168.0,645,2200,2845,altitude,full,3700,5,5,FVHA,0.1,yes,05,medium,approach-heading,45.0,9,1.0,2,,3560.0,,,,,,,,,,,,,,,,,,,
UR722-3ed07c57.csv,UGD722,,2026-03-19 17:24,HRE,LUN,FVHA,0.7,yes,05,medium,climb-heading,44.0,8,2.0,196,,3520.0,,,,,,,,,,,,,,,,,,FLLS,0.1,yes,10,high,roll,95.0,8,0.2,16,,3592.0,,3941,22.9,148,3834,410,410,410,0,147.0,410,2320,2730,1211,13.0,,full,-4,-4
UR722-3ed0e586.csv,UGD722,,2026-03-19 19:00,LUN,EBB,FLLS,1.5,yes,10,high,roll,95.0,14,0.2,1,,3592.0,,3941,46,72,3294,3366,575,18.0,182.0,603,3065,3668,altitude,full,3750,1,1,HUEN,0.6,yes,17,high,roll,171.0,9,1.1,1,,3557.2,,3681,22.9,142,3744,95,95,95,0,142.0,907,2835,2930,751,14.0,,full,0,0
UR722-417431eb.csv,UGD722,5X-KDP,2026-09-01 13:42,EBB,HRE,HUEN,1.3,yes,17,high,roll,171.0,13,1.1,3,,3555.4,match,3681,46,92,2375,2467,1214,17.0,163.0,794,2070,2864,altitude,full,4000,0,0,FVHA,1.1,yes,23,low,approach-heading,210.0,28,16.0,1,,2960.0,,,,,,,,,,,,,,,,,,,
UR722-41759bd9.csv,UGD722,5X-KDP,2026-09-01 19:11,LUN,EBB,FLLS,1.4,yes,10,high,roll,95.0,12,0.2,3,,3592.0,,3941,46,67,3042,3109,832,15.0,178.0,564,2827,3391,altitude,full,4275,-3,-3,HUEN,0.9,yes,17,high,roll,171.0,7,1.1,2,,3556.6,match,3681,22.9,147,3724,330,330,330,0,147.0,1403,2604,2934,747,9.0,,full,0,0
UR722-41780e53.csv,UGD722,5X-EQU,2026-09-02 12:14,EBB,HRE,HUEN,1.2,yes,17,high,roll,172.0,9,0.1,2,,3597.0,match,3681,46,107,2936,3043,638,17.0,174.0,613,2736,3349,altitude,full,3550,2,2,FVHA,0.1,yes,23,medium,approach-heading,222.0,20,4.0,0,,3440.0,,,,,,,,,,,,,,,,,,,
UR722-41793b26.csv,UGD722,5X-EQU,2026-09-02 17:02,LUN,EBB,FLLS,1.5,yes,10,high,roll,95.0,7,0.2,3,,3592.0,,3941,46,197,2750,2947,994,43.0,172.0,557,2668,3225,altitude,full,3625,-4,-4,HUEN,0.7,yes,17,high,roll,172.0,8,0.1,2,,3595.8,match,3681,22.9,144,3729,264,28,501,473,144.0,501,2682,2946,735,12.0,,full,1,1
UR722-417c552e.csv,UGD722,ET-APL,2026-09-03 13:38,EBB,HRE,HUEN,1.3,yes,17,high,roll,171.0,7,1.1,1,,3556.6,match,3681,46,83,2165,2247,1434,18.0,162.0,748,1873,2621,altitude,full,3650,1,1,FVHA,1.3,yes,05,medium,approach-heading,45.0,14,1.0,278,,3560.0,,,,,,,,,,,,,,,,,,,
UR722-417db548.csv,UGD722,ET-APL,2026-09-03 18:54,LUN,EBB,FLLS,1.4,yes,10,high,roll,95.0,15,0.2,1,,3592.0,,3941,46,62,2633,2694,1247,15.0,172.0,568,2410,2978,altitude,full,4825,-1,-1,HUEN,0.8,yes,17,high,roll,171.0,20,1.1,6,,3554.7,match,3681,22.9,151,3691,683,422,944,522,150.0,279,2251,2934,747,22.0,1062,full,-3,-3
UR722-41846f6f.csv,UGD722,5X-EQU,2026-09-05 13:15,EBB,HRE,HUEN,1.3,yes,17,high,roll,171.0,14,1.1,4,,3555.4,match,3681,46,72,2975,3047,633,17.0,174.0,187,2954,3141,altitude,full,3650,-4,-4,FVHA,1.1,yes,05,medium,approach-heading,45.0,15,1.0,1,,3560.0,match,,,,,,,,,,,,,,,,,,
UR722-41858892.csv,UGD722,5X-EQU,2026-09-05 17:41,LUN,EBB,FLLS,1.6,yes,10,high,roll,95.0,8,0.2,2,,3592.0,match,3941,46,85,2840,2925,1016,20.0,186.0,725,2563,3288,altitude,full,3575,0,0,HUEN,0.7,yes,17,high,roll,171.0,9,1.1,2,,3555.2,match,3681,22.9,141,3787,85,85,85,0,141.0,579,2866,2951,730,13.0,,full,-3,-3
UR722-418fa50a.csv,UGD722,ET-APL,2026-09-08 13:28,EBB,HRE,HUEN,1.3,yes,17,high,roll,171.0,8,1.1,11,,3555.7,match,3681,46,225,2006,2231,1449,45.0,159.0,614,1925,2538,altitude,full,3625,-2,-2,FVHA,1.1,yes,05,medium,approach-heading,45.0,11,1.0,2,,3560.0,,,,,,,,,,,,,,,,,,,
UR722-4190714f.csv,UGD722,ET-APL,2026-09-08 16:28,HRE,LUN,FVHA,0.2,yes,05,medium,roll,45.0,2,1.0,1,,3560.0,,4723,46,,,,,,,,,,,,,,,FLLS,0.2,yes,10,high,roll,95.0,10,0.2,1,,3592.0,,3941,22.9,139,3526,427,427,427,0,138.0,842,2304,2731,1210,13.0,1377,full,1,1
UR722-4190df8c.csv,UGD722,ET-APL,2026-09-08 18:12,LUN,EBB,FLLS,1.4,yes,10,high,roll,95.0,10,0.2,2,,3592.0,,3941,46,116,2477,2592,1349,17.0,157.0,664,2260,2925,altitude,full,4750,2,2,HUEN,0.6,yes,17,high,roll,171.0,20,1.1,2,,3554.8,match,3681,22.9,147,3679,489,153,826,673,148.0,1000,2434,2923,758,18.0,1061,full,-2,-2
UR722-4193829f.csv,UGD722,5X-KOB,2026-09-09 12:00,EBB,HRE,HUEN,1.3,yes,17,high,roll,171.0,8,1.1,21,,3557.2,match,3681,46,99,2634,2734,947,18.0,166.0,694,2387,3081,altitude,full,3600,1,1,FVHA,1.1,yes,05,medium,approach-heading,45.0,10,1.0,1,,3560.0,,,,,,,,,,,,,,,,,,,
UR722-4194953d.csv,UGD722,5X-KOB,2026-09-09 16:27,LUN,EBB,FLLS,1.4,yes,10,high,roll,95.0,17,0.2,2,,3592.0,,3941,46,108,3098,3206,735,26.0,171.0,737,2838,3575,altitude,full,4100,1,1,HUEN,0.6,yes,17,high,roll,171.0,10,1.1,2,,3555.1,match,3681,22.9,139,3750,309,309,309,0,138.0,896,2637,2946,735,17.0,,full,2,2
UR722-4197d3bc.csv,UGD722,ET-APL,2026-09-10 13:19,EBB,HRE,HUEN,1.1,yes,17,high,roll,171.0,17,1.1,1,,3556.6,match,3681,46,224,2242,2466,1215,39.0,166.0,552,2190,2742,altitude,full,4175,-2,-2,FVHA,0.1,yes,05,high,roll,45.0,3,1.0,27,,3560.0,,4723,23.0,154,4514,205,110,300,190,153.0,,3369,3574,1149,11.0,2294,full,-1,-1
UR722-4198a034.csv,UGD722,ET-APL,2026-09-10 16:16,HRE,LUN,FVHA,0.4,yes,05,medium,roll,45.0,2,1.0,4,,3560.0,,4723,46,,,,,,,,,,,,,,,FLLS,0.4,yes,10,high,roll,94.0,10,1.2,2,,3552.0,,3941,22.9,143,3601,337,337,337,0,144.0,781,2391,2728,1213,17.0,1373,full,-1,-1
UR722-41990761.csv,UGD722,ET-APL,2026-09-10 17:54,LUN,EBB,FLLS,1.3,yes,10,high,roll,95.0,7,0.2,2,,3592.0,,3941,46,115,2382,2497,1444,21.0,167.0,556,2219,2775,altitude,full,4575,0,0,HUEN,0.8,yes,17,high,roll,171.0,10,1.1,1,,3555.4,match,3681,22.9,154,3656,275,34,516,482,154.0,1097,2657,2932,749,21.0,1059,full,-5,-5
UR880-3e89981e.csv,UGD880,,2026-02-28 19:40,EBB,FIH,HUEN,1.3,yes,17,high,roll,171.0,6,1.1,3,,3554.5,match,3681,46,162,2519,2681,1000,18.0,165.0,888,2237,3125,altitude,full,3800,-5,-5,FZAA,3.8,no,24,medium,approach-alignment,236.9,1,1.1,10,,3557.8,,,,,,,,,,,,,,,,,,,
UR880-3ed2b94b.csv,UGD880,,2026-03-20 05:14,EBB,FIH,HUEN,1.0,yes,17,high,roll,171.0,8,1.1,1,,3556.5,match,3681,46,112,2899,3011,670,20.0,179.0,875,2573,3448,altitude,full,,0,0,FZAA,23.4,yes,24,medium,approach-heading,237.0,4,1.0,5,,3560.0,,,,,,,,,,,,,,,,,,,
UR881-3e8a5b68.csv,UGD881,,2026-02-28 21:49,FIH,EBB,FZAA,1.9,yes,06,medium,climb-heading,55.0,10,3.0,1,,3480.0,,,,,,,,,,,,,,,,,,HUEN,0.6,yes,17,high,roll,171.0,10,1.1,2,,3554.8,,3681,22.9,143,3802,249,249,249,0,143.0,,2685,2934,747,11.0,,full,-1,-1
UR881-3ed32b72.csv,UGD881,,2026-03-20 07:02,FIH,EBB,FZAA,1.7,yes,06,medium,climb-heading,57.0,12,1.0,1,,3560.0,,,,,,,,,,,,,,,,,,HUEN,0.7,yes,17,high,roll,171.0,9,1.1,1,,3556.5,match,3681,22.9,145,3726,320,320,320,0,144.0,808,2632,2952,729,15.0,,full,-1,-1
UR900-3e1c6cc6.csv,UGD900,,2026-01-29 23:20,LOS,EBB,DNAA,1.8,yes,04,low,climb-heading,123.0,38,88.0,65,,80.0,,,,,,,,,,,,,,,,,,HUEN,0.8,yes,17,high,roll,171.0,8,1.1,3,,3554.9,,3681,22.9,151,3768,361,101,620,519,151.0,1113,2579,2940,741,19.0,,full,-4,-4
UR900-3edaf42c.csv,UGD900,,2026-03-22 07:06,EBB,LOS,HUEN,1.1,yes,17,high,roll,172.0,6,0.1,2,,3597.4,match,3681,46,108,3174,3282,398,17.0,186.0,837,2864,3701,altitude,full,,4,4,DNMM,2.7,yes,18R,medium,approach-heading,179.0,19,1.0,22,1773,1750.7,,,,,,,,,,,,,,,,,,,
UR900-416bff14.csv,UGD900,,2026-08-30 10:21,EBB,LOS,HUEN,1.3,yes,17,high,roll,171.0,6,1.1,2,,3556.4,match,3681,46,192,1908,2099,1581,45.0,157.0,568,1815,2384,altitude,full,3575,1,1,DNMM,4.0,yes,18R,medium,roll,168.0,15,12.0,28,,3120.0,,3921,30.0,103,55,1206,1028,1385,357,0.0,,1301,2507,1413,33.0,1097,full,31,-1
UR900-4187ab98.csv,UGD900,ET-APL,2026-09-06 10:37,EBB,LOS,HUEN,1.1,yes,17,high,roll,171.0,7,1.1,1,,3556.1,match,3681,46,163,2306,2469,1212,31.0,172.0,567,2185,2752,altitude,full,3575,-2,-2,DNMM,3.9,yes,18R,medium,approach-heading,179.0,28,1.0,38,1761,1722.9,,,,,,,,,,,,,,,,,,,
UR900-418b4fe7.csv,UGD900,ET-APL,2026-09-07 10:22,EBB,LOS,,,,,,,,,,,,,,,,,,,,,,,,,,,,,,DNMM,4.5,yes,18R,high,roll,178.0,14,2.0,19,,3520.0,,3921,30.0,136,74,1180,1180,1180,0,130.0,,1340,2520,1401,22.0,554,full,33,0
UR901-3ec047c1.csv,UGD901,,2026-03-15 11:14,LOS,EBB,DNMM,0.9,yes,18L,high,roll,180.0,19,0.0,25,,3600.0,,2758,45,156,1961,2116,641,18.0,163.0,188,2022,2211,altitude,full,175,10,1,HUEN,0.6,yes,17,high,roll,171.0,25,1.1,3,,3556.9,match,3681,22.9,135,3868,488,417,560,143,135.0,279,2444,2932,749,21.0,,full,2,2
UR901-3ec47ccf.csv,UGD901,,2026-03-16 16:38,LOS,EBB,DNMM,1.7,yes,18R,high,roll,179.0,9,1.0,20,,3560.0,,3921,60,714,1408,2121,1799,97.0,159.0,182,2030,2213,altitude,full,200,23,11,HUEN,0.6,yes,17,high,roll,171.0,12,1.1,12,,3554.9,match,3681,22.9,138,3780,484,484,484,0,138.0,484,2442,2926,755,15.0,,full,-5,-5
UR901-3edb8be6.csv,UGD901,,2026-03-22 10:44,LOS,EBB,DNMM,0.9,yes,18L,high,roll,179.0,16,1.0,23,,3560.0,,2758,45,179,2099,2278,480,36.0,163.0,549,2003,2552,altitude,full,200,11,4,HUEN,0.6,yes,17,high,roll,171.0,8,1.1,1,,3555.1,match,3681,22.9,140,3853,274,274,274,0,140.0,274,2682,2956,724,18.0,,full,-3,-3
UR901-41889775.csv,UGD901,ET-APL,2026-09-06 14:25,LOS,EBB,DNMM,1.6,yes,18R,high,roll,179.0,6,1.0,23,,3560.0,,3921,60,667,2183,2850,1071,88.0,163.0,607,2547,3154,altitude,full,1175,12,15,HUEN,0.7,yes,17,high,roll,171.0,13,1.1,4,,3555.8,match,3681,22.9,151,3687,80,80,80,0,151.0,568,2877,2957,724,20.0,,full,-4,-4
UR901-418c2cc8.csv,UGD901,ET-APL,2026-09-07 13:59,LOS,EBB,DNMM,2.8,yes,18R,high,roll,179.0,6,1.0,20,,3560.0,,3921,60,1311,2007,3318,603,41.0,159.0,905,2865,3771,altitude,full,,12,25,HUEN,0.8,yes,17,high,roll,171.0,26,1.1,5,,3555.0,match,3681,22.9,147,3649,748,486,1011,525,149.0,486,2194,2942,739,25.0,,full,-4,-4
UR902-417e77f4.csv,UGD902,ET-APL,2026-09-04 00:00,EBB,LOS,HUEN,1.1,yes,17,high,roll,171.0,16,1.1,4,,3555.1,match,3681,46,166,3040,3206,475,19.0,189.0,192,3110,3302,altitude,full,3650,-4,-4,DNMM,3.6,yes,18R,medium,approach-heading,179.0,14,1.0,25,1748,1723.4,match,,,,,,,,,,,,,,,,,,
UR902-418298cd.csv,UGD902,ET-APL,2026-09-04 23:59,EBB,LOS,,,,,,,,,,,,,,,,,,,,,,,,,,,,,,DNMM,3.6,yes,18R,high,roll,179.0,6,1.0,23,,3560.0,match,3921,30.0,142,178,1216,1216,1216,0,124.0,1216,1305,2521,1400,14.0,2622,full,33,1
UR902-4199d7a2.csv,UGD902,ET-APL,2026-09-10 22:52,EBB,LOS,HUEN,1.3,yes,17,high,roll,171.0,12,1.1,2,,3555.3,match,3681,46,102,2571,2672,1008,21.0,175.0,644,2350,2995,altitude,full,3600,2,2,DNMM,3.4,yes,18R,medium,approach-heading,179.0,22,1.0,31,1754,1722.9,,,,,,,,,,,,,,,,,,,
UR902-419decb7.csv,UGD902,ET-APL,2026-09-11 22:05,EBB,LOS,HUEN,1.1,yes,17,high,roll,171.0,13,1.1,4,,3555.2,match,3681,46,201,2892,3093,588,43.0,188.0,201,2993,3193,altitude,full,3625,-4,-4,DNMM,3.5,yes,18R,high,roll,177.0,12,3.0,21,,3480.0,,3921,30.0,73,127,1218,935,1501,566,0.0,,1293,2511,1410,26.0,1365,full,36,4
UR903-417f62b7.csv,UGD903,ET-APL,2026-09-04 03:42,LOS,EBB,DNMM,2.1,yes,18R,high,roll,179.0,10,1.0,29,,3560.0,,3921,60,517,2210,2727,1193,80.0,176.0,569,2443,3012,altitude,full,75,15,16,HUEN,0.7,yes,17,high,roll,171.0,19,1.1,3,,3556.7,match,3681,22.9,161,3669,391,110,672,562,161.0,1093,2565,2956,725,23.0,1062,full,1,1
UR903-41837427.csv,UGD903,ET-APL,2026-09-05 03:40,LOS,EBB,DNMM,1.8,yes,18R,high,roll,180.0,11,0.0,32,,3600.0,,3921,60,211,2248,2459,1461,30.0,162.0,609,2155,2764,altitude,full,125,21,16,HUEN,0.8,yes,17,high,roll,171.0,8,1.1,12,,3556.4,match,3681,22.9,157,3665,586,586,586,0,158.0,1168,2352,2938,743,14.0,1061,full,-1,-1
UR903-419abbf6.csv,UGD903,ET-APL,2026-09-11 02:05,LOS,EBB,DNMM,2.8,yes,18R,high,roll,180.0,13,0.0,25,,3600.0,,3921,60,983,851,1834,2086,17.0,94.0,0,1834,1834,speed fallback (below the altitude-valid speed),no stop captured (rolling take-off) / no wheel-off signature,,26,7,HUEN,0.6,yes,35,high,roll,351.0,25,1.1,1,,3556.6,match,3681,22.9,149,3579,729,617,841,224,152.0,3770,2879,3608,73,150.0,,full / track ends on the runway (roll is a lower bound),-14,-14
WB422-3ec8568c.csv,WB422,,,,,HRYR,1.2,yes,10,high,roll,99.0,5,1.0,5,,3560.0,,3509,45,202,2684,2887,622,38.0,166.0,906,2434,3340,altitude,full,,-6,-4,HUEN,0.8,yes,17,high,roll,171.0,19,1.1,5,,3554.3,,3681,22.9,141,3831,280,280,280,0,141.0,755,2649,2929,752,11.0,,full,-7,-7
WB423-3ec8b104.csv,WB423,,,,,HUEN,1.2,yes,17,high,roll,172.0,7,0.1,3,,3596.2,,3681,46,283,2635,2918,763,39.0,169.0,690,2573,3263,altitude,full,,0,0,HRYR,0.3,yes,28,high,roll,280.0,4,0.0,8,,3600.0,,3509,22.6,166,4852,159,159,159,0,166.0,,2274,2433,1076,8.0,2413,full,7,7
WB464-3ece1ec4.csv,WB464,,,,,HUEN,1.2,yes,17,high,roll,171.0,10,1.1,24,,3555.5,,3681,46,141,2357,2498,1183,20.0,170.0,627,2184,2812,altitude,full,3675,3,3,HKJK,0.2,yes,06,high,roll,53.0,5,1.0,2,,3560.0,,4119,22.6,155,5194,115,115,115,0,155.0,,2174,2289,1830,12.0,839,full,-2,0
WB464-3ed22dac.csv,WB464,,,,,HRYR,1.2,yes,10,high,roll,98.0,10,2.0,2,,3520.0,,3509,45,100,2344,2444,1065,18.0,172.0,670,2109,2779,altitude,full,,-1,1,HUEN,0.9,yes,35,high,roll,351.0,20,1.1,2,,3555.1,,3681,22.9,147,3723,260,260,260,0,147.0,260,2817,3077,604,7.0,,full,-5,-5
XY1233-3ed1afa5.csv,XY1233,,,,,OEJN,0.3,yes,34C,high,roll,340.0,18,0.0,5,,3600.0,,4014,60,85,2099,2184,1830,16.0,163.0,722,1823,2545,altitude,full,175,6,6,HUEN,0.9,yes,35,high,roll,351.0,10,1.1,1,,3556.4,,3681,22.9,154,3737,433,433,433,0,155.0,,2641,3074,606,14.0,2554,full,-3,-3
XY1234-3ed29678.csv,XY1234,,,,,HUEN,2.0,yes,35,high,roll,351.0,4,1.1,2,,3555.5,,3681,46,77,1879,1956,1725,15.0,165.0,789,1562,2350,altitude,full,3700,-3,-2,OEJN,4.0,yes,34R,medium,approach-heading,339.0,20,1.0,102,1615,1512.3,,,,,,,,,,,,,,,,,,,
XY345-3ec8f945.csv,XY345,,,,,OERK,2.6,yes,33R,high,roll,328.0,4,2.0,28,,3520.0,,4217,60,2305,1552,3856,360,173.0,172.0,766,3473,4239,altitude,full,,-38,-38,HUEN,0.8,yes,17,high,roll,171.0,12,1.1,6,,3555.0,,3681,22.9,153,3824,277,277,277,0,153.0,1316,2675,2952,729,24.0,1215,full,-1,-1
XY346-3ec9f13a.csv,XY346,,,,,HUEN,1.3,yes,17,high,roll,171.0,10,1.1,2,,3554.5,,3681,46,127,2323,2451,1230,21.0,177.0,736,2083,2819,altitude,full,,-1,-1,,,,,,,,,,,,,,,,,,,,,,,,,,,,,,,
