file,flight,tail,when,log_origin,log_dest,dep_apt,dep_apt_dist_km,dep_apt_ground,dep_rwy,dep_conf,dep_method,dep_hdg,dep_n_seg,dep_err,dep_xt,dep_rival_xt,dep_margin,dep_day_dir,dep_rwy_len_m,dep_rwy_width_m,dep_roll_start_m,dep_roll_len_m,dep_runway_used_m,dep_rwy_remaining_m,dep_roll_start_speed_kt,dep_liftoff_speed_kt,dep_liftoff_bracket_m,dep_liftoff_along_lo,dep_liftoff_along_hi,dep_roll_source,dep_roll_capture,dep_accel_alt_ft,dep_liftoff_xt_m,dep_liftoff_xt_cal_m,arr_apt,arr_apt_dist_km,arr_apt_ground,arr_rwy,arr_conf,arr_method,arr_hdg,arr_n_seg,arr_err,arr_xt,arr_rival_xt,arr_margin,arr_day_dir,arr_rwy_len_m,arr_rwy_halfwidth_m,arr_thr_speed_kt,arr_thr_height_ft,arr_td_along_m,arr_td_along_lo,arr_td_along_hi,arr_td_bracket_m,arr_td_speed_kt,arr_alt_flat_m,arr_roll_len_m,arr_runway_used_m,arr_rwy_remaining_m,arr_turnoff_speed_kt,arr_stop_along_m,arr_roll_capture,arr_td_xt_m,arr_td_xt_cal_m
3e02c7e0.csv,3e02c7e0.csv,,,,,HUEN,1.2,yes,17,high,roll,171.0,26,1.1,6,,3557.0,,3681,46,116,1797,1913,1768,22.0,168.0,265,1781,2046,altitude,full,3675,4,4,HRYR,0.2,yes,28,high,roll,278.0,12,2.0,2,,3520.0,,3509,22.6,169,4790,105,105,105,0,169.0,,2771,2876,633,9.0,,full,1,1
41e29857.csv,UGD720X,,2026-09-29 08:13,NBO,EBB,HKJK,1.0,yes,06,high,roll,53.0,20,1.0,2,,3560.0,match,4119,45,116,3163,3279,840,22.0,174.0,1211,2674,3885,altitude,full,5000,1,2,HUEN,0.8,yes,35,high,roll,351.0,32,1.1,5,,3555.2,match,3681,22.9,142,3575,252,182,322,140,141.0,182,2823,3075,606,10.0,,full,-6,-5
ET332-3f77789d.csv,ET332,,,,,HAAB,1.4,yes,07L,high,roll,70.0,4,3.7,2,,3452.0,,3699,45,299,246,545,3154,54.0,80.0,0,545,545,speed fallback (below the altitude-valid speed),no stop captured (rolling take-off) / no wheel-off signature,,-1,-1,HUEN,1.1,yes,17,medium,approach-heading,172.0,16,0.1,1,,2661.9,,,,,,,,,,,,,,,,,,,
ET332-419f96b3.csv,ET332,,,,,HAAB,1.3,yes,25L,high,roll,253.0,4,0.6,9,,3576.0,,3802,45,329,350,679,3123,59.0,92.0,0,679,679,speed fallback (below the altitude-valid speed),no stop captured (rolling take-off) / no wheel-off signature,,8,8,HUEN,2.1,yes,17,medium,approach-heading,171.0,9,1.1,2,,2646.6,,,,,,,,,,,,,,,,,,,
ET333-41b7f1e8.csv,ET333,,,,,HUEN,1.3,yes,17,high,roll,171.0,15,1.1,2,,3556.5,,3681,46,118,2876,2993,687,22.0,180.0,862,2563,3424,altitude,full,3600,3,3,HAAB,0.6,yes,25L,high,roll,253.0,5,0.6,7,,3576.0,,3802,22.6,178,7314,835,835,835,0,174.0,835,2482,3317,485,13.0,3449,full,7,7
ET338-3ecd284b.csv,ET338,,,,,HAAB,1.2,yes,07L,high,roll,73.0,7,0.7,3,,3572.0,,3699,45,490,162,651,3048,76.0,92.0,0,651,651,speed fallback (below the altitude-valid speed),full / no wheel-off signature,,-1,-1,HUEN,0.6,yes,35,high,roll,351.0,29,1.1,4,,3556.7,,3681,22.9,146,3665,790,713,866,153,148.0,535,2289,3079,602,11.0,2572,full,-1,0
ET339-3ecddea6.csv,ET339,,,,,HUEN,1.3,yes,17,high,roll,171.0,7,1.1,2,,3555.6,,3681,46,80,2840,2920,761,15.0,178.0,900,2470,3370,altitude,full,,2,2,HAAB,1.0,yes,07L,medium,roll,73.0,2,0.7,2,,3572.0,,3699,22.6,174,7435,815,815,815,0,175.0,815,2341,3156,543,0.0,2875,full,-1,-1
ET3810-3ec097b8.csv,ET3810,,,,,HJJJ,1.3,yes,13,high,roll,130.0,6,0.0,29,,3600.0,,2403,45,1192,1140,2332,71,17.0,162.0,704,1980,2684,altitude,full,2450,20,17,HUEN,0.7,yes,17,high,roll,171.0,24,1.1,6,,3554.9,,3681,22.9,136,3831,366,136,595,459,136.0,595,2577,2943,738,26.0,2774,full,-1,-1
ET3810-3ec0fc36.csv,ET3810,,,,,HUEN,1.1,yes,17,high,roll,171.0,14,1.1,12,,3555.5,,3681,46,141,2755,2897,784,35.0,181.0,218,2788,3006,altitude,full,3800,-1,-1,HAAB,0.3,yes,07L,high,roll,73.0,3,0.7,3,,3572.0,,3699,22.6,150,7372,433,433,433,0,151.0,,1971,2404,1295,9.0,2322,full,5,5
ET3859-3e9f09ed.csv,ET3859,,,,,HTDA,1.5,yes,23,low,climb-heading,281.0,32,56.0,376,,1360.0,,,,,,,,,,,,,,,,,,HUEN,0.8,yes,17,high,roll,171.0,20,1.1,1,,3556.9,,3681,22.9,133,3750,654,589,718,129,134.0,453,2288,2942,739,16.0,2776,full,0,0
ET3859-3ec9f7fb.csv,ET3859,,,,,HAAB,1.5,yes,07L,high,roll,73.0,5,0.7,1,,3572.0,,3699,45,162,3237,3399,300,37.0,178.0,1341,2729,4070,altitude,full,,2,2,HUEN,0.9,yes,17,medium,approach-heading,172.0,18,0.1,2,,2494.6,,,,,,,,,,,,,,,,,,,
ET3873-3ec3eb91.csv,ET3873,,,,,HUEN,1.2,yes,17,high,roll,171.0,16,1.1,1,,3555.6,,3681,46,130,2904,3034,647,26.0,185.0,619,2724,3343,altitude,full,,0,0,FAOR,1.3,yes,03R,medium,roll,357.0,19,17.0,44,,2920.0,,3404,30.0,159,5349,722,722,722,0,147.0,,1930,2652,751,31.0,4762,full,-4,-6
ET3917-3eb743d6.csv,ET3917,,,,,HUEN,1.1,yes,17,high,roll,171.0,6,1.1,3,,3554.2,,3681,46,226,2926,3152,528,17.0,185.0,886,2709,3596,altitude,full,3700,-2,-2,DIAP,3.1,yes,21,medium,approach-heading,202.0,20,1.0,50,,3560.0,,,,,,,,,,,,,,,,,,,
ET3926-3ebcaed9.csv,ET3926,,,,,DRRN,1.1,yes,09R,high,roll,87.0,10,0.0,7,,3600.0,,3798,45,188,1711,1899,1899,17.0,180.0,236,1781,2017,altitude,full,825,4,4,HUEN,0.7,yes,17,high,roll,171.0,15,1.1,6,,3555.7,,3681,22.9,136,3896,131,131,131,0,137.0,1280,2808,2939,742,25.0,2798,full,5,5
ET506-3f0b062c.csv,ET506,,,,,HUEN,1.2,yes,17,high,roll,172.0,8,0.1,3,,3597.3,,3681,46,150,2579,2729,952,17.0,184.0,187,2636,2823,altitude,full,3625,4,4,SBGR,0.5,yes,28R,high,roll,258.0,10,4.0,12,,3440.0,,3547,22.6,139,2407,1385,1385,1385,0,109.0,,957,2343,1204,26.0,2635,full,-7,-7
ET8337-3ed1d0e7.csv,ET8337,,,,,OEMA,2.0,yes,17,high,roll,168.0,12,1.0,2,,3560.0,,4350,60,124,2958,3082,1269,15.0,185.0,650,2757,3407,altitude,full,2175,-1,-1,HUEN,1.8,no,,,,,,,,,,,,,,,,,,,,,,,,,,,,
FZ619-3ec67047.csv,FZ619,,,,,OMSJ,0.2,yes,30,medium,roll,302.0,2,0.0,4,,3600.0,,3317,60,,,,,,,,,,,,,,,HUEN,1.1,yes,17,medium,approach-heading,171.0,5,1.1,0,,2672.7,,,,,,,,,,,,,,,,,,,
GA7840-40bee98d.csv,GA7840,,,,,WIII,2.1,yes,07R,high,roll,67.0,14,1.3,11,,3548.0,,3587,60,104,2553,2657,930,17.0,163.0,777,2269,3046,altitude,full,,6,6,OEJN,2.4,yes,34L,high,roll,343.0,5,3.0,7,,3480.0,,3813,30.0,150,347,472,472,472,0,150.0,472,1948,2420,1393,21.0,3444,full,3,3
GA7840-40c0da23.csv,GA7840,,,,,OEJN,3.3,yes,34L,high,roll,340.0,11,0.0,2,,3600.0,,3813,60,148,303,451,3363,17.0,65.0,0,451,451,speed fallback (below the altitude-valid speed),full / no wheel-off signature,,2,2,HUEN,6.7,no,,,,,,,,,,,,,,,,,,,,,,,,,,,,
GA7840-41d34625.csv,GA7840,,,,,OEJN,1.4,yes,34C,high,roll,340.0,21,0.0,2,,3600.0,,4014,60,131,2615,2745,1269,16.0,165.0,777,2357,3134,altitude,full,150,3,-3,HUEN,0.8,yes,17,high,roll,171.0,9,1.1,4,,3555.3,,3681,22.9,167,3690,225,225,225,0,165.0,1114,2729,2954,726,17.0,3040,full,2,2
GA7850-41d47c07.csv,GA7850,,,,,HUEN,1.2,yes,17,high,roll,171.0,7,1.1,2,,3555.4,,3681,46,305,2653,2958,722,42.0,174.0,842,2537,3379,altitude,full,3725,0,0,OEJN,2.8,yes,34L,medium,approach-heading,339.0,16,1.0,9,2091,2082.3,,,,,,,,,,,,,,,,,,,
KL535-3ecd098e.csv,KL535,,,,,HRYR,1.0,yes,10,high,roll,100.0,21,0.0,2,,3600.0,,3509,45,127,2825,2952,557,17.0,176.0,204,2850,3053,altitude,full,4650,-2,0,HUEN,0.6,yes,35,high,roll,351.0,8,1.1,2,,3555.4,,3681,22.9,143,3685,306,67,545,478,143.0,,2774,3080,601,11.0,2444,full,-1,0
KL535-3ecd7db1.csv,KL535,,,,,HUEN,1.6,yes,35,high,roll,351.0,12,1.1,1,,3556.4,,3681,46,54,3163,3217,464,15.0,176.0,864,2785,3649,altitude,full,,-5,-4,,,,,,,,,,,,,,,,,,,,,,,,,,,,,,,
KL537-3ec578c8.csv,KL537,,,,,HUEN,1.0,yes,17,high,roll,171.0,19,1.1,1,,3555.7,,3681,46,182,2797,2980,701,19.0,182.0,230,2865,3094,altitude,full,3700,-2,-2,EHAM,9.6,yes,18R,medium,approach-heading,183.0,17,0.0,3,3833,3600.0,,,,,,,,,,,,,,,,,,,
KQ418-3ed1f7be.csv,KQ418,,,,,HKJK,1.4,yes,06,high,roll,53.0,9,1.0,4,,3560.0,,4119,45,80,3682,3762,357,15.0,180.0,1221,3152,4373,altitude,full,5150,-3,-2,HUEN,1.0,yes,17,high,roll,171.0,14,1.1,3,,3554.4,,3681,22.9,149,3731,314,28,600,572,149.0,600,2609,2923,758,10.0,1151,full,-4,-4
MS835-3edad4c7.csv,MS835,,,,,HRYR,1.3,yes,10,high,roll,99.0,4,1.0,2,,3560.0,,3509,45,829,1657,2486,1023,130.0,170.0,642,2165,2807,altitude,full,,-1,1,HUEN,0.9,yes,17,high,roll,171.0,38,1.1,1,,3556.3,,3681,22.9,147,3767,350,350,350,0,148.0,350,2592,2942,739,20.0,1300,full,-1,-1
MS835-3edb02b3.csv,MS835,,,,,HUEN,1.3,yes,17,high,roll,171.0,6,1.1,2,,3556.0,,3681,46,147,2177,2323,1358,16.0,164.0,737,1955,2691,altitude,full,3675,2,2,HECA,3.4,yes,23C,medium,approach-heading,229.0,21,4.0,3,1519,1440.7,,,,,,,,,,,,,,,,,,,
QR1383-3dfee37a.csv,QR1383,,,,,OTHH,2.2,yes,34L,high,roll,334.0,13,2.0,18,,3520.0,,4272,60,121,954,1075,3197,16.0,74.0,1139,506,1645,acceleration,full,525,10,10,HUEN,0.6,yes,17,high,roll,171.0,17,1.1,1,,3555.9,,3681,22.9,154,3808,324,324,324,0,153.0,826,2615,2939,742,15.0,1303,full,0,0
QR1383-3ecfb4b4.csv,QR1383,,,,,OESB,11.3,no,,,,,,,,,,,,,,,,,,,,,,,,,,,HUEN,0.7,yes,17,high,roll,171.0,9,1.1,11,,3554.9,,3681,22.9,158,3766,652,652,652,0,147.0,652,2282,2934,747,14.0,,full,-2,-2
QR1383-3ed815f2.csv,QR1383,,,,,OESB,11.2,no,,,,,,,,,,,,,,,,,,,,,,,,,,,HUEN,1.0,yes,17,high,roll,171.0,10,1.1,6,,3555.5,,3681,22.9,166,3790,259,259,259,0,166.0,989,2698,2957,723,24.0,1132,full,1,1
QR1384-3dfffdf3.csv,QR1384,,,,,HUEN,1.3,yes,17,high,roll,171.0,15,1.1,3,,3554.6,,3681,46,192,2663,2855,826,16.0,177.0,186,2762,2948,altitude,full,3750,-5,-5,OTHH,6.0,yes,34L,low,approach-heading,338.0,12,2.0,956,1999,1043.1,,,,,,,,,,,,,,,,,,,
QR1384-3ed25aaf.csv,QR1384,,,,,HUEN,1.2,yes,17,high,roll,172.0,7,0.1,3,,3596.1,,3681,46,148,2764,2911,769,17.0,176.0,860,2482,3341,altitude,full,3700,-3,-3,,,,,,,,,,,,,,,,,,,,,,,,,,,,,,,
QR1384-3eda717b.csv,QR1384,,,,,HUEN,1.1,yes,17,high,roll,172.0,14,0.1,9,,3595.7,,3681,46,213,3008,3221,460,15.0,188.0,235,3104,3339,altitude,full,3700,6,6,OTHH,4.9,no,,,,,,,,,,,,,,,,,,,,,,,,,,,,
SN455-3ecd0bc9.csv,SN455,,,,,HBBA,1.2,yes,17,high,roll,171.0,12,1.0,13,,3560.0,,3608,45,158,2320,2478,1129,33.0,172.0,359,2299,2658,altitude,full,2525,0,3,HUEN,1.1,yes,35,high,roll,351.0,7,1.1,2,,3555.5,,3681,22.9,144,3664,361,88,634,545,144.0,634,2716,3077,603,12.0,2362,full,-3,-2
SN455-3ecd8fa5.csv,SN455,,,,,HUEN,1.7,no,,,,,,,,,,,,,,,,,,,,,,,,,,,DABC,6.1,no,,,,,,,,,,,,,,,,,,,,,,,,,,,,
SN465-3ed1e1ee.csv,SN465,,,,,HUEN,1.2,yes,17,high,roll,171.0,7,1.1,3,,3555.2,,3681,46,126,3385,3511,170,15.0,194.0,864,3078,3943,altitude,full,,-3,-3,EBBR,4.4,yes,25R,medium,approach-heading,245.0,13,0.0,272,1924,1051.8,,,,,,,,,,,,,,,,,,,
SN467-3ec55b8a.csv,SN467,,,,,HUEN,1.1,yes,17,high,roll,171.0,11,1.1,4,,3554.1,,3681,46,121,3292,3414,267,20.0,192.0,909,2959,3868,altitude,full,,-4,-4,EBBR,5.0,yes,25L,medium,approach-heading,250.0,15,0.0,5,1968,2062.8,,,,,,,,,,,,,,,,,,,
TK612-3ed2843b.csv,TK612,,,,,HRYR,1.2,yes,10,high,roll,101.0,12,1.0,1,,3560.0,,3509,45,140,2750,2890,619,23.0,182.0,851,2465,3316,altitude,full,4975,-1,1,HUEN,0.7,yes,17,high,roll,171.0,8,1.1,1,,3555.5,,3681,22.9,173,3772,402,402,402,0,173.0,1194,2530,2932,748,12.0,,full,1,1
TK612-3ed30163.csv,TK612,,,,,HUEN,1.6,yes,35,high,roll,351.0,14,1.1,1,,3555.4,,3681,46,76,3449,3526,155,18.0,196.0,692,3180,3871,altitude,full,,-3,-2,LTFM,1.6,yes,35R,high,roll,359.0,25,5.0,14,,3400.0,,4104,29.9,134,481,325,251,399,148,135.0,399,1705,2030,2075,26.0,945,full,6,7
TK612-3eda9cd6.csv,TK612,,,,,HRYR,1.7,yes,10,medium,climb-heading,92.0,13,8.0,2,,3280.0,,,,,,,,,,,,,,,,,,HUEN,0.8,yes,17,high,roll,171.0,13,1.1,3,,3555.7,,3681,22.9,167,3777,274,274,274,0,168.0,869,2675,2949,732,24.0,1295,full,3,3
TK612-3edad833.csv,TK612,,,,,HUEN,1.3,yes,17,high,roll,171.0,7,1.1,1,,3556.8,,3681,46,163,3401,3564,117,37.0,201.0,724,3202,3926,altitude,full,,4,4,LTFM,2.1,yes,35R,high,roll,359.0,18,5.0,21,,3400.0,,4104,29.9,137,369,143,59,226,166,137.0,357,1891,2034,2070,30.0,227,full,0,3
UR110-3b71c98a.csv,UGD110,,2025-07-27 10:36,EBB,LGW,HUEN,1.1,yes,17,high,roll,171.0,13,1.1,4,,3555.9,,3681,46,136,2600,2736,945,26.0,181.0,632,2420,3052,altitude,full,3550,-1,-1,EGKK,2.8,yes,26L,medium,approach-heading,257.0,13,1.0,2,199,196.9,,,,,,,,,,,,,,,,,,,
UR110-3ea5b691.csv,UGD110,,2026-03-08 11:40,EBB,LGW,HUEN,1.2,yes,17,high,roll,171.0,27,1.1,3,,3556.9,,3681,46,129,2796,2926,755,19.0,184.0,194,2829,3023,altitude,full,3625,-1,-1,EGKK,4.3,yes,08R,high,roll,77.0,14,1.0,7,,3560.0,,3310,22.6,149,60,298,61,535,474,149.0,,2555,2853,457,14.0,3370,full,2,2
UR110-3ed2932d.csv,UGD110,,2026-03-20 04:24,EBB,LGW,HUEN,1.6,yes,35,high,roll,351.0,17,1.1,1,,3556.5,match,3681,46,228,2558,2785,896,44.0,179.0,843,2364,3207,altitude,full,3700,-1,0,EGKK,4.3,yes,08R,medium,approach-heading,77.0,13,1.0,1,198,197.0,,,,,,,,,,,,,,,,,,,
UR110-416c0a6a.csv,UGD110,5X-NIL,2026-08-30 10:52,EBB,LGW,HUEN,1.3,yes,17,high,roll,171.0,12,1.1,2,,3556.2,match,3681,46,136,2402,2537,1143,15.0,176.0,239,2418,2657,altitude,full,3475,0,0,EGKK,1.3,yes,26L,medium,approach-heading,257.0,24,1.0,0,197,196.9,,,,,,,,,,,,,,,,,,,
UR110-4173c002.csv,UGD110,5X-NIL,2026-09-01 10:51,EBB,LGW,,,,,,,,,,,,,,,,,,,,,,,,,,,,,,EGKK,3.3,yes,26L,high,roll,257.0,17,1.0,6,,3560.0,,3310,22.6,143,113,449,449,449,0,146.0,,2004,2453,857,23.0,22,full,-1,-1
UR110-4180268d.csv,UGD110,5X-NIL,2026-09-04 11:53,EBB,LGW,HUEN,1.2,yes,17,high,roll,172.0,9,0.1,4,,3597.2,match,3681,46,113,2706,2819,862,17.0,177.0,617,2510,3127,altitude,full,3625,8,8,EGKK,2.9,yes,26L,medium,approach-heading,257.0,18,1.0,1,196,195.7,,,,,,,,,,,,,,,,,,,
UR110-4187ba0c.csv,UGD110,5X-NIL,2026-09-06 11:06,EBB,LGW,HUEN,1.2,yes,17,high,roll,171.0,8,1.1,2,,3556.8,match,3681,46,267,2752,3019,662,45.0,180.0,817,2610,3427,altitude,full,3575,1,1,EGKK,3.5,yes,26L,medium,approach-heading,257.0,14,1.0,3,199,196.0,,,,,,,,,,,,,,,,,,,
UR110-418f4fdd.csv,UGD110,5X-NIL,2026-09-08 11:04,EBB,LGW,FZKA,24.7,no,,,,,,,,,,,,,,,,,,,,,,,,,,,EGKK,1.2,yes,26L,medium,approach-heading,257.0,27,1.0,0,197,196.7,,,,,,,,,,,,,,,,,,,
UR110-419bd397.csv,UGD110,5X-NIL,2026-09-11 12:11,EBB,LGW,HUEN,1.2,yes,17,high,roll,172.0,14,0.1,3,,3597.1,match,3681,46,274,2584,2858,823,46.0,186.0,294,2711,3005,altitude,full,3500,3,3,EGKK,3.5,yes,26L,high,roll,258.0,23,0.0,4,,3600.0,,3310,22.6,145,66,750,428,1071,643,146.0,,1997,2747,563,24.0,174,full,-5,-5
UR110-41a378de.csv,UGD110,5X-NIL,2026-09-13 10:46,EBB,LGW,HUEN,1.6,yes,35,high,roll,351.0,23,1.1,3,,3554.5,match,3681,46,200,2691,2891,790,45.0,187.0,329,2727,3055,altitude,full,3500,-2,-1,EGKK,3.7,yes,26L,medium,approach-heading,257.0,14,1.0,2,242,239.7,,,,,,,,,,,,,,,,,,,
UR110-41ab2720.csv,UGD110,5X-NIL,2026-09-15 10:37,EBB,LGW,HUEN,1.2,yes,17,high,roll,172.0,7,0.1,1,,3596.9,match,3681,46,130,2533,2664,1017,17.0,175.0,657,2335,2992,altitude,full,3600,-1,-1,EGKK,2.9,yes,26L,medium,approach-heading,257.0,19,1.0,0,196,195.9,,,,,,,,,,,,,,,,,,,
UR110-41b7bd06.csv,UGD110,5X-NIL,2026-09-18 11:14,EBB,LGW,HUEN,1.2,yes,17,high,roll,172.0,16,0.1,5,,3595.9,match,3681,46,134,2584,2718,962,27.0,181.0,228,2604,2832,altitude,full,3500,5,5,EGKK,2.8,yes,26L,medium,approach-heading,257.0,32,1.0,1,196,194.3,,,,,,,,,,,,,,,,,,,
UR110-41bf660b.csv,UGD110,5X-NIL,2026-09-20 10:30,EBB,LGW,HUEN,1.3,yes,17,high,roll,171.0,11,1.1,1,,3556.5,match,3681,46,185,2261,2447,1234,26.0,164.0,743,2075,2818,altitude,full,3500,0,0,EGKK,4.6,yes,26L,low,approach-heading,257.0,13,1.0,538,1283,744.4,,,,,,,,,,,,,,,,,,,
UR110-41c6f1e4.csv,UGD110,5X-NIL,2026-09-22 10:49,EBB,LGW,HUEN,1.3,yes,17,high,roll,172.0,7,0.1,2,,3596.8,match,3681,46,207,2395,2602,1079,29.0,171.0,763,2221,2984,altitude,full,3625,-1,-1,EGKK,4.8,yes,26L,medium,approach-heading,257.0,12,1.0,6,761,755.0,,,,,,,,,,,,,,,,,,,
UR110-41d363f4.csv,UGD110,5X-NIL,2026-09-25 11:18,EBB,LGW,HUEN,1.3,yes,17,high,roll,172.0,7,0.1,2,,3595.9,match,3681,46,227,2906,3133,548,41.0,175.0,1202,2532,3734,altitude,full,3625,4,4,EGKK,3.2,yes,26L,medium,approach-heading,257.0,15,1.0,2,198,196.8,,,,,,,,,,,,,,,,,,,
UR110-41db1bb9.csv,UGD110,5X-NIL,2026-09-27 10:21,EBB,LGW,HUEN,1.7,yes,35,high,roll,351.0,15,1.1,1,,3555.6,match,3681,46,158,2127,2284,1396,17.0,156.0,659,1955,2614,altitude,full,3550,0,1,EGKK,2.3,yes,26L,medium,approach-heading,257.0,22,1.0,1,197,196.9,,,,,,,,,,,,,,,,,,,
UR110-41e2ed75.csv,UGD110,5X-NIL,2026-09-29 11:04,EBB,LGW,HUEN,1.9,yes,35,high,roll,351.0,7,1.1,1,,3555.7,match,3681,46,157,2516,2673,1008,35.0,171.0,618,2364,2982,altitude,full,3575,-4,-3,EGKK,2.8,yes,08R,medium,approach-heading,77.0,21,1.0,1,198,196.8,,,,,,,,,,,,,,,,,,,
UR110-41ef26c4.csv,UGD110,,2026-10-02 11:12,EBB,LGW,HUEN,1.1,yes,17,high,roll,171.0,7,1.1,1,,3556.9,match,3681,46,150,2354,2504,1176,16.0,165.0,731,2139,2870,altitude,full,3625,2,2,EGKK,4.9,yes,26L,low,approach-heading,257.0,13,1.0,838,1579,741.8,,,,,,,,,,,,,,,,,,,
UR110-41f6b268.csv,UGD110,,2026-10-04 10:31,EBB,LGW,HUEN,1.3,yes,17,high,roll,171.0,6,1.1,2,,3555.8,match,3681,46,215,2633,2848,833,45.0,176.0,778,2459,3237,altitude,full,3625,6,6,EGKK,4.3,yes,26L,medium,approach-heading,257.0,13,1.0,134,885,750.2,,,,,,,,,,,,,,,,,,,
UR111-3b73a528.csv,UGD111,,2025-07-27 19:54,LGW,NBO,EGKK,1.6,yes,26L,medium,climb-heading,257.0,14,1.0,1,196,194.5,,,,,,,,,,,,,,,,,,HKJK,0.4,yes,06,high,roll,53.0,9,1.0,2,,3560.0,,4119,22.6,152,4977,144,144,144,0,152.0,1150,2859,3003,1116,10.0,715,full,-5,-2
UR111-3ea75e7b.csv,UGD111,,2026-03-08 19:50,LGW,EBB,EGKK,1.1,yes,08R,high,roll,78.0,13,0.0,1,,3600.0,,3310,45,361,254,615,2696,15.0,66.0,0,615,615,speed fallback (below the altitude-valid speed),full / no wheel-off signature,,0,1,HUEN,0.8,yes,17,high,roll,171.0,19,1.1,1,,3555.2,match,3681,22.9,150,3779,312,28,596,567,150.0,1143,2613,2925,755,21.0,,full,-4,-4
UR111-3edd2cdf.csv,UGD111,,2026-03-22 19:27,LGW,EBB,EGKK,0.9,yes,08R,high,roll,78.0,9,0.0,3,,3600.0,,3310,45,78,2363,2441,869,15.0,167.0,716,2083,2799,altitude,full,675,-2,4,HUEN,0.8,yes,17,high,roll,171.0,30,1.1,4,,3555.1,match,3681,22.9,153,3765,645,470,821,351,153.0,1030,2300,2945,736,17.0,1129,full,-1,-1
UR111-4175ff27.csv,UGD111,5X-NIL,2026-09-01 20:26,LGW,EBB,EGKK,1.2,yes,26L,high,roll,257.0,25,1.0,3,,3560.0,,3310,45,265,2067,2332,978,18.0,162.0,190,2237,2427,altitude,full,525,4,2,HUEN,0.7,yes,17,high,roll,171.0,11,1.1,1,,3555.7,match,3681,22.9,134,3644,85,85,85,0,134.0,,2865,2950,731,20.0,1217,full,3,3
UR111-41824e5d.csv,UGD111,5X-NIL,2026-09-04 20:24,LGW,EBB,EGKK,1.1,yes,26L,high,roll,257.0,19,1.0,1,,3560.0,,3310,45,266,1835,2101,1210,22.0,145.0,883,1659,2542,altitude,full,50,0,-2,HUEN,0.7,yes,17,high,roll,171.0,9,1.1,13,,3556.0,match,3681,22.9,154,3708,543,543,543,0,151.0,543,2412,2955,726,18.0,1217,full,-1,-1
UR111-4189ad1c.csv,UGD111,5X-NIL,2026-09-06 20:05,LGW,EBB,EGKK,1.9,yes,26L,high,roll,257.0,26,1.0,1,,3560.0,,3310,45,260,2324,2584,727,18.0,176.0,191,2488,2679,altitude,full,500,-3,-6,HUEN,0.8,yes,17,high,roll,171.0,7,1.1,1,,3555.9,match,3681,22.9,149,3659,228,228,228,0,149.0,1384,2718,2946,735,8.0,1534,full,2,2
UR111-4191c96b.csv,UGD111,5X-NIL,2026-09-08 21:57,LGW,EBB,EGKK,0.9,yes,26L,high,roll,257.0,26,1.0,6,,3560.0,,3310,45,246,1937,2182,1128,22.0,157.0,164,2100,2265,altitude,full,200,0,-2,HUEN,0.7,yes,17,high,roll,171.0,10,1.1,1,,3556.1,match,3681,22.9,148,3672,373,105,641,535,147.0,1081,2561,2934,747,17.0,,full,0,0
UR111-419e0f7e.csv,UGD111,5X-NIL,2026-09-11 20:50,LGW,EBB,EGKK,1.4,yes,26L,high,roll,258.0,26,0.0,2,,3600.0,,3310,45,251,2906,3157,153,17.0,165.0,709,2803,3512,altitude,full,525,7,4,HUEN,0.7,yes,17,high,roll,171.0,9,1.1,7,,3556.8,match,3681,22.9,149,3692,453,453,453,0,146.0,1106,2490,2943,738,11.0,1216,full,2,2
UR111-41a553a8.csv,UGD111,5X-NIL,2026-09-13 19:51,LGW,EBB,EGKK,1.3,yes,26L,high,roll,257.0,27,1.0,3,,3560.0,,3310,45,225,1361,1586,1724,15.0,128.0,626,1274,1899,acceleration,full,550,-4,-5,HUEN,0.6,yes,17,high,roll,171.0,20,1.1,3,,3554.3,match,3681,22.9,152,3672,497,497,497,0,152.0,970,2444,2941,740,17.0,1216,full,-8,-8
UR111-41ad6a9c.csv,UGD111,5X-NIL,2026-09-15 20:15,LGW,EBB,EGKK,1.3,yes,26L,high,roll,257.0,25,1.0,3,,3560.0,,3310,45,253,2175,2428,883,25.0,159.0,566,2145,2711,altitude,full,50,1,-1,HUEN,0.7,yes,35,high,roll,351.0,11,1.1,1,,3555.9,match,3681,22.9,143,3670,452,452,452,0,139.0,872,2624,3076,605,7.0,,full,0,1
UR111-41b9eb2f.csv,UGD111,5X-NIL,2026-09-18 19:50,LGW,EBB,EGKK,1.4,yes,26L,high,roll,257.0,23,1.0,6,,3560.0,,3310,45,257,1778,2035,1275,19.0,154.0,199,1936,2134,altitude,full,100,1,-1,HUEN,0.7,yes,17,high,roll,171.0,21,1.1,2,,3555.0,match,3681,22.9,157,3650,292,203,381,178,156.0,504,2646,2938,743,15.0,1300,full,-2,-2
UR111-41c151cc.csv,UGD111,5X-NIL,2026-09-20 19:57,LGW,EBB,EGKK,1.8,yes,26L,high,roll,257.0,23,1.0,1,,3560.0,,3310,45,261,1344,1605,1705,17.0,137.0,152,1529,1681,acceleration,full,250,-2,-3,HUEN,0.7,yes,17,high,roll,171.0,9,1.1,1,,3555.3,match,3681,22.9,149,3721,110,110,110,0,149.0,1097,2850,2960,721,15.0,1208,full,1,1
UR111-41cacce3.csv,UGD111,,2026-09-23 07:46,LGW,EBB,EGKK,1.2,yes,26L,high,roll,257.0,17,1.0,3,,3560.0,,3310,45,238,1489,1727,1583,22.0,143.0,311,1572,1883,acceleration,full,525,2,1,HUEN,0.6,yes,17,high,roll,171.0,12,1.1,6,,3555.5,match,3681,22.9,145,3709,190,100,279,178,145.0,948,2740,2930,751,18.0,1216,full,-1,-1
UR111-41d59a03.csv,UGD111,5X-NIL,2026-09-25 20:14,LGW,EBB,EGKK,1.3,yes,26L,high,roll,258.0,18,0.0,9,,3600.0,,3310,45,336,2098,2434,876,42.0,163.0,552,2158,2710,altitude,full,75,3,1,HUEN,1.0,yes,35,high,roll,351.0,12,1.1,2,,3555.2,match,3681,22.9,137,3679,414,414,414,0,137.0,414,2659,3073,607,10.0,2355,full,6,7
UR111-41dd1fbf.csv,UGD111,5X-NIL,2026-09-27 19:54,LGW,EBB,EGKK,1.2,yes,26L,high,roll,257.0,23,1.0,8,,3560.0,,3310,45,264,1899,2162,1148,28.0,157.0,179,2073,2252,altitude,full,125,5,3,HUEN,0.7,yes,17,high,roll,171.0,8,1.1,2,,3555.2,match,3681,22.9,152,3704,309,309,309,0,151.0,1031,2625,2934,747,11.0,1216,full,2,2
UR111-41e542d1.csv,UGD111,5X-NIL,2026-09-29 21:12,LGW,EBB,EGKK,0.6,yes,08R,high,roll,78.0,18,0.0,2,,3600.0,,3310,45,102,2064,2166,1144,17.0,157.0,643,1845,2488,altitude,full,275,-1,4,HUEN,0.7,yes,17,high,roll,171.0,8,1.1,1,,3556.9,match,3681,22.9,148,3691,464,464,464,0,149.0,464,2482,2946,735,18.0,1216,full,4,4
UR111-41f14933.csv,UGD111,,2026-10-02 20:05,LGW,EBB,EGKK,1.9,yes,26L,high,roll,258.0,26,0.0,3,,3600.0,,3310,45,267,1507,1774,1536,17.0,139.0,557,1496,2053,acceleration,full,250,1,0,HUEN,0.8,yes,17,high,roll,171.0,18,1.1,1,,3556.5,match,3681,22.9,158,3669,616,336,896,560,157.0,336,2325,2941,740,16.0,1216,full,-4,-4
UR120-3e88d1ac.csv,UGD120,,2026-02-28 15:39,EBB,JUB,HUEN,1.3,yes,17,high,roll,171.0,17,1.1,1,,3556.7,match,3681,46,149,2565,2714,967,28.0,169.0,229,2599,2828,altitude,full,3800,4,4,HJJJ,0.3,yes,13,high,roll,130.0,4,0.0,3,,3600.0,,2403,22.6,140,1737,257,257,257,0,133.0,257,1059,1316,1087,11.0,,full / track ends on the runway (roll is a lower bound),6,2
UR120-416d1703.csv,UGD120,,2026-08-30 17:03,EBB,JUB,HUEN,1.3,yes,17,high,roll,172.0,11,0.1,5,,3596.9,match,3681,46,118,2681,2798,882,15.0,168.0,192,2703,2894,altitude,full,3650,8,8,HJJJ,0.2,no,13,medium,roll,130.0,2,0.0,6,,3600.0,,2403,22.6,143,1625,458,458,458,0,131.0,458,502,960,1442,107.0,,full / track ends on the runway (roll is a lower bound),6,2
UR120-41780ef3.csv,UGD120,5X-KDP,2026-09-02 12:17,EBB,JUB,HUEN,1.3,yes,17,high,roll,172.0,9,0.1,6,,3597.3,match,3681,46,150,2516,2666,1014,35.0,171.0,167,2583,2750,altitude,full,3575,13,13,HJJJ,0.4,yes,13,high,roll,129.0,7,1.0,3,,3560.0,match,2403,22.6,141,1500,141,36,247,211,141.0,36,1038,1179,1224,70.0,,full / track ends on the runway (roll is a lower bound),8,4
UR120-417c6db7.csv,UGD120,5X-EQU,2026-09-03 13:58,EBB,JUB,HUEN,1.3,yes,17,high,roll,171.0,8,1.1,2,,3557.0,match,3681,46,97,2776,2873,808,16.0,167.0,774,2486,3260,altitude,full,3675,3,3,HJJJ,0.2,yes,13,high,roll,130.0,3,0.0,3,,3600.0,,2403,22.6,138,1600,181,181,181,0,134.0,181,779,960,1443,88.0,,full / track ends on the runway (roll is a lower bound),4,0
UR120-4180920f.csv,UGD120,5X-EQU,2026-09-04 14:16,EBB,JUB,HUEN,1.3,yes,17,high,roll,172.0,14,0.1,2,,3597.3,match,3681,46,72,2761,2833,847,16.0,173.0,218,2724,2942,altitude,full,3700,0,0,HJJJ,0.1,yes,13,high,roll,129.0,4,1.0,39,,3560.0,,2403,22.6,136,1625,-140,-140,-140,0,142.0,396,1782,1642,760,6.0,,no deceleration captured (coarse export) / track ends on the runway (roll is a lower bound),7,2
UR120-41847582.csv,UGD120,5X-KOB,2026-09-05 13:25,EBB,JUB,HUEN,1.2,yes,17,high,roll,172.0,7,0.1,2,,3596.5,match,3681,46,144,2620,2764,916,21.0,167.0,535,2497,3032,altitude,full,3675,-1,-1,HJJJ,0.3,yes,13,medium,roll,130.0,2,0.0,4,,3600.0,,2403,22.6,145,1609,159,159,159,0,144.0,159,1333,1492,911,19.0,,full / track ends on the runway (roll is a lower bound),3,-1
UR120-41883fc1.csv,UGD120,5X-KDP,2026-09-06 14:14,EBB,JUB,HUEN,1.5,yes,35,high,roll,351.0,28,1.1,2,,3555.7,match,3681,46,107,3146,3254,427,28.0,191.0,226,3140,3367,altitude,full,3675,-2,-1,HJJJ,0.2,yes,13,high,roll,130.0,3,0.0,6,,3600.0,,2403,22.6,140,1607,177,177,177,0,135.0,177,829,1006,1397,96.0,,full / track ends on the runway (roll is a lower bound),8,4
UR120-418fbf90.csv,UGD120,5X-KOB,2026-09-08 13:53,EBB,JUB,HUEN,1.2,yes,17,high,roll,171.0,8,1.1,2,,3557.0,match,3681,46,93,2275,2368,1313,18.0,157.0,794,1971,2765,altitude,full,4175,2,2,HJJJ,0.2,yes,13,medium,approach-heading,130.0,13,0.0,3,,3600.0,,,,,,,,,,,,,,,,,,,
UR120-4197f45b.csv,UGD120,5X-KOB,2026-09-10 13:59,EBB,JUB,HUEN,1.4,yes,17,high,roll,171.0,12,1.1,2,,3556.9,match,3681,46,111,2749,2861,820,23.0,166.0,566,2578,3144,altitude,full,3600,6,6,HJJJ,0.0,yes,13,high,roll,130.0,4,0.0,4,,3600.0,,2403,22.6,142,1525,185,185,185,0,139.0,185,1274,1459,943,41.0,,full / track ends on the runway (roll is a lower bound),8,4
UR120-419c1e98.csv,UGD120,5X-EQU,2026-09-11 13:56,EBB,JUB,HUEN,1.2,yes,17,high,roll,171.0,11,1.1,2,,3557.0,match,3681,46,87,2381,2468,1213,15.0,164.0,189,2374,2563,altitude,full,4325,3,3,HJJJ,0.4,no,13,medium,roll,130.0,2,0.0,4,,3600.0,,2403,22.6,140,1600,377,377,377,0,134.0,377,403,780,1623,114.0,,full / track ends on the runway (roll is a lower bound),4,0
UR120-41a0261b.csv,UGD120,5X-KOB,2026-09-12 13:10,EBB,JUB,HUEN,1.3,yes,17,high,roll,171.0,10,1.1,4,,3556.8,match,3681,46,173,2249,2422,1259,45.0,168.0,166,2339,2505,altitude,full,3600,10,10,HJJJ,0.5,yes,13,medium,approach-heading,130.0,15,0.0,2,,3600.0,,,,,,,,,,,,,,,,,,,
UR120-41a3fe75.csv,UGD120,5X-KDP,2026-09-13 14:17,EBB,JUB,HUEN,1.7,yes,35,high,roll,351.0,23,1.1,1,,3556.0,match,3681,46,67,2751,2818,863,20.0,173.0,224,2706,2930,altitude,full,3625,0,1,HJJJ,0.2,yes,13,high,roll,130.0,3,0.0,3,,3600.0,,2403,22.6,145,1504,325,56,595,539,144.0,56,976,1301,1102,0.0,1301,full / track ends on the runway (roll is a lower bound),3,-1
UR120-41abad91.csv,UGD120,5X-KOB,2026-09-15 14:01,EBB,JUB,HUEN,1.3,yes,17,high,roll,172.0,7,0.1,1,,3596.7,match,3681,46,174,3340,3514,167,42.0,181.0,841,3094,3935,altitude,full,3650,4,4,HJJJ,0.6,no,13,medium,roll,130.0,2,0.0,3,,3600.0,,2403,22.6,153,1566,276,276,276,0,153.0,276,330,606,1796,123.0,,full / track ends on the runway (roll is a lower bound),4,0
UR120-41b3e17b.csv,UGD120,5X-KOB,2026-09-17 13:19,EBB,JUB,HUEN,1.1,yes,17,high,roll,171.0,24,1.1,2,,3555.8,match,3681,46,93,2733,2826,855,17.0,167.0,137,2757,2895,altitude,full,3575,-1,-1,HJJJ,0.1,yes,13,high,roll,130.0,3,0.0,2,,3600.0,,2403,22.6,136,1525,232,232,232,0,127.0,232,815,1047,1356,76.0,,full / track ends on the runway (roll is a lower bound),1,-3
UR120-41b83349.csv,UGD120,5X-KOB,2026-09-18 14:01,EBB,JUB,HUEN,1.4,yes,17,high,roll,171.0,14,1.1,2,,3555.3,match,3681,46,103,2414,2518,1163,21.0,167.0,356,2340,2696,altitude,full,3650,0,0,HJJJ,0.6,yes,13,high,roll,129.0,4,1.0,2,,3560.0,,2403,22.6,115,1575,221,221,221,0,102.0,,1086,1307,1096,49.0,,full / track ends on the runway (roll is a lower bound),4,0
UR120-41bc4a90.csv,UGD120,5X-KDP,2026-09-19 13:58,EBB,JUB,HUEN,1.3,yes,17,high,roll,172.0,14,0.1,6,,3597.2,match,3681,46,120,2587,2707,974,17.0,164.0,209,2603,2811,altitude,full,3600,9,9,HJJJ,0.2,yes,13,high,roll,129.0,10,1.0,4,,3560.0,,2403,22.6,133,1550,240,240,240,0,125.0,240,1404,1644,758,11.0,,full,9,5
UR120-41bf6752.csv,UGD120,5X-KDP,2026-09-20 10:23,EBB,JUB,HUEN,1.3,yes,17,high,roll,171.0,7,1.1,4,,3557.4,match,3681,46,102,2921,3023,658,16.0,172.0,739,2653,3393,altitude,full,3550,11,11,HJJJ,0.5,yes,13,high,roll,129.0,15,1.0,4,,3560.0,,2403,22.6,133,1428,96,21,170,149,132.0,21,1549,1645,758,7.0,,full,7,3
UR120-41c73bfe.csv,UGD120,5X-KOB,2026-09-22 12:33,EBB,JUB,HUEN,1.1,yes,17,high,roll,171.0,13,1.1,2,,3556.8,match,3681,46,191,2806,2996,684,17.0,170.0,649,2672,3321,altitude,full,3650,4,4,HJJJ,0.2,yes,31,high,roll,310.0,5,0.0,15,,3600.0,,2403,22.6,137,1523,566,566,566,0,132.0,566,997,1563,840,18.0,,full / track ends on the runway (roll is a lower bound),-3,-1
UR120-41cfb0b4.csv,UGD120,5X-KOB,2026-09-24 14:16,EBB,JUB,HUEN,1.4,yes,17,high,roll,171.0,17,1.1,1,,3555.6,match,3681,46,108,2739,2848,833,15.0,171.0,201,2747,2948,altitude,full,3600,-2,-2,HJJJ,0.1,yes,13,medium,roll,129.0,2,1.0,2,,3560.0,,2403,22.6,112,911,1081,1081,1081,0,66.0,,199,1280,1122,44.0,,full / track ends on the runway (roll is a lower bound),1,-3
UR120-41d3da59.csv,UGD120,5X-KDP,2026-09-25 14:03,EBB,JUB,HUEN,1.3,yes,17,high,roll,171.0,11,1.1,2,,3555.2,match,3681,46,93,2772,2865,816,15.0,177.0,218,2756,2974,altitude,full,3650,0,0,HJJJ,0.3,yes,13,high,roll,129.0,12,1.0,2,,3560.0,,2403,22.6,130,1575,221,221,221,0,123.0,221,1424,1645,758,11.0,,full,4,0
UR120-41d7f4d1.csv,UGD120,5X-EQU,2026-09-26 14:07,EBB,JUB,HUEN,1.4,yes,17,high,roll,171.0,12,1.1,2,,3555.2,match,3681,46,94,2774,2868,813,15.0,168.0,598,2569,3167,altitude,full,3700,0,0,HJJJ,0.3,yes,13,high,roll,130.0,3,0.0,4,,3600.0,,2403,22.6,135,1606,141,141,141,0,131.0,141,1503,1644,759,10.0,,full,5,1
UR120-41dbbee6.csv,UGD120,5X-KOB,2026-09-27 14:35,EBB,JUB,HUEN,1.2,yes,17,high,roll,171.0,14,1.1,3,,3555.8,match,3681,46,99,2860,2960,721,19.0,170.0,220,2850,3069,altitude,full,3700,-3,-3,HJJJ,0.2,yes,13,high,roll,130.0,16,0.0,9,,3600.0,,2403,22.6,150,1650,528,528,528,0,136.0,528,1157,1685,717,7.0,1646,full / track ends on the runway (roll is a lower bound),7,3
UR120-41e348a9.csv,UGD120,5X-KDP,2026-09-29 13:19,EBB,JUB,HUEN,1.6,yes,35,high,roll,351.0,15,1.1,2,,3556.8,match,3681,46,101,2303,2404,1277,18.0,157.0,786,2010,2797,altitude,full,3950,-1,0,HJJJ,0.4,yes,13,high,roll,130.0,4,0.0,3,,3600.0,,2403,22.6,140,1600,85,85,85,0,139.0,85,1558,1643,759,10.0,,full,5,1
UR120-41eb8825.csv,UGD120,,2026-10-01 13:48,EBB,JUB,HUEN,1.7,yes,35,high,roll,351.0,23,1.1,1,,3556.4,match,3681,46,98,2427,2525,1156,18.0,173.0,188,2431,2619,altitude,full,3625,-1,0,HJJJ,0.6,yes,31,high,roll,309.0,15,1.0,1,,3560.0,,2403,22.6,144,1530,309,184,434,250,144.0,434,1850,2159,243,19.0,,full / track ends on the runway (roll is a lower bound),0,2
UR120-41efa5e5.csv,UGD120,,2026-10-02 14:14,EBB,JUB,HUEN,1.1,yes,17,high,roll,171.0,19,1.1,2,,3556.3,match,3681,46,150,2326,2476,1204,35.0,165.0,164,2394,2559,altitude,full,3650,1,1,HJJJ,0.1,yes,13,high,roll,129.0,5,1.0,3,,3560.0,,2403,22.6,143,1565,174,174,174,0,141.0,174,1469,1643,759,8.0,,full,4,0
UR120-41f37392.csv,UGD120,,2026-10-03 13:06,EBB,JUB,HUEN,1.2,yes,17,high,roll,171.0,12,1.1,5,,3557.1,match,3681,46,254,2495,2749,931,55.0,169.0,176,2661,2837,altitude,full,3650,8,8,HJJJ,0.1,yes,13,high,roll,129.0,5,1.0,5,,3560.0,,2403,22.6,133,1551,299,7,591,583,133.0,7,1344,1643,759,7.0,,full,10,6
UR120-41f706c9.csv,UGD120,,2026-10-04 12:45,EBB,JUB,HUEN,1.3,yes,17,high,roll,171.0,11,1.1,4,,3556.4,match,3681,46,206,2425,2631,1049,42.0,168.0,208,2527,2735,altitude,full,3675,0,0,HJJJ,0.1,yes,13,high,roll,129.0,5,1.0,5,,3560.0,,2403,22.6,142,1600,329,329,329,0,133.0,329,1424,1753,650,9.0,,full / track ends on the runway (roll is a lower bound),8,4
UR121-41785f0d.csv,UGD121,5X-KDP,2026-09-02 13:11,JUB,EBB,HJJJ,1.3,yes,13,high,roll,130.0,11,0.0,21,,3600.0,match,2403,45,-180,2357,2177,226,15.0,173.0,594,1880,2474,altitude,full,1550,5,2,HUEN,0.7,yes,17,high,roll,171.0,20,1.1,1,,3556.5,match,3681,22.9,138,3686,520,213,826,614,138.0,826,2418,2938,743,10.0,,full,0,0
UR121-417cddad.csv,UGD121,5X-EQU,2026-09-03 15:05,JUB,EBB,HJJJ,1.4,yes,13,high,roll,130.0,4,0.0,2,,3600.0,,2403,45,-201,1937,1737,666,86.0,163.0,666,1404,2069,altitude,full,1600,1,-2,HUEN,0.6,yes,17,high,roll,171.0,15,1.1,4,,3555.7,match,3681,22.9,132,3770,465,465,465,0,129.0,953,2474,2939,741,10.0,,full,-1,-1
UR121-4180fd53.csv,UGD121,5X-EQU,2026-09-04 15:14,JUB,EBB,HJJJ,1.5,yes,13,high,roll,130.0,4,0.0,8,,3600.0,,2403,45,-181,2066,1885,518,15.0,163.0,637,1566,2203,altitude,full,,5,2,HUEN,0.6,yes,17,high,roll,171.0,9,1.1,1,,3556.3,match,3681,22.9,136,3793,267,267,267,0,135.0,735,2668,2935,746,10.0,,full,3,3
UR121-4184d091.csv,UGD121,5X-KOB,2026-09-05 14:25,JUB,EBB,HJJJ,1.4,yes,13,high,roll,130.0,4,0.0,12,,3600.0,,2403,45,-223,1947,1724,678,84.0,160.0,750,1350,2099,altitude,full,2225,10,7,HUEN,0.7,yes,17,high,roll,171.0,9,1.1,4,,3556.9,match,3681,22.9,145,3821,224,-25,473,498,145.0,473,2711,2935,746,10.0,,full,5,5
UR121-4188a506.csv,UGD121,5X-KDP,2026-09-06 15:23,JUB,EBB,HJJJ,1.4,yes,13,high,roll,130.0,3,0.0,4,,3600.0,,2403,45,,,,,,,,,,,,,,,HUEN,0.6,yes,17,high,roll,171.0,15,1.1,4,,3557.0,match,3681,22.9,135,3769,239,-49,526,575,135.0,526,2719,2958,723,11.0,,full,5,5
UR121-41902eb3.csv,UGD121,5X-KOB,2026-09-08 15:03,JUB,EBB,HJJJ,1.4,yes,13,high,roll,130.0,5,0.0,9,,3600.0,,2403,45,-210,2240,2030,372,15.0,168.0,715,1673,2388,altitude,full,,8,5,HUEN,0.6,yes,17,high,roll,171.0,10,1.1,1,,3556.7,match,3681,22.9,140,3752,432,432,432,0,136.0,432,2519,2951,730,17.0,,full,4,4
UR121-41985ecc.csv,UGD121,5X-KOB,2026-09-10 15:00,JUB,EBB,HJJJ,1.6,yes,13,high,roll,129.0,4,1.0,41,,3560.0,,2403,45,159,1993,2153,250,76.0,169.0,783,1761,2544,altitude,full,,8,5,HUEN,0.7,yes,17,high,roll,171.0,12,1.1,1,,3555.5,match,3681,22.9,139,3752,257,194,319,124,139.0,319,2679,2936,745,11.0,,full,-2,-2
UR121-419c8c32.csv,UGD121,5X-EQU,2026-09-11 14:59,JUB,EBB,HJJJ,1.4,yes,13,high,roll,130.0,4,0.0,3,,3600.0,,2403,45,-199,1932,1734,669,86.0,164.0,694,1387,2080,altitude,no stop captured (rolling take-off),2075,-2,-5,HUEN,0.6,yes,17,high,roll,171.0,9,1.1,1,,3555.9,match,3681,22.9,141,3750,285,285,285,0,141.0,887,2651,2936,744,12.0,,full,-6,-6
UR121-41a0758b.csv,UGD121,5X-KOB,2026-09-12 13:59,JUB,EBB,HJJJ,1.8,yes,13,high,roll,129.0,3,1.0,4,,3560.0,,2403,45,,,,,,,,,,,,,,,HUEN,0.7,yes,17,high,roll,171.0,20,1.1,1,,3555.7,match,3681,22.9,146,3711,309,54,565,511,146.0,565,2630,2939,742,10.0,,full,0,0
UR121-41a44da9.csv,UGD121,5X-KDP,2026-09-13 15:04,JUB,EBB,HJJJ,1.5,yes,13,high,roll,130.0,7,0.0,7,,3600.0,,2403,45,170,1410,1580,822,114.0,167.0,221,1470,1691,altitude,no stop captured (rolling take-off),1550,6,3,HUEN,0.7,yes,17,high,roll,171.0,16,1.1,1,,3556.8,match,3681,22.9,141,3775,228,2,454,451,141.0,1046,2718,2946,735,14.0,,full,7,7
UR121-41ac15c0.csv,UGD121,5X-KOB,2026-09-15 14:58,JUB,EBB,HJJJ,1.4,yes,13,high,roll,130.0,6,0.0,11,,3600.0,,2403,45,-110,1901,1791,612,17.0,163.0,780,1401,2181,altitude,no stop captured (rolling take-off),,6,3,HUEN,0.6,yes,17,high,roll,171.0,15,1.1,8,,3556.0,match,3681,22.9,131,3759,265,194,335,141,131.0,50,2663,2928,753,11.0,,full,-2,-2
UR121-41b8ad67.csv,UGD121,5X-KOB,2026-09-18 15:19,JUB,EBB,HJJJ,1.4,yes,13,high,roll,130.0,3,0.0,1,,3600.0,,2403,45,-178,0,-178,2581,88.0,88.0,0,-178,-178,speed fallback (below the altitude-valid speed),full / no wheel-off signature,,2,-3,HUEN,0.6,yes,17,high,roll,171.0,14,1.1,1,,3555.3,match,3681,22.9,137,3732,351,34,667,634,137.0,667,2586,2937,744,10.0,,full,1,1
UR121-41bca7aa.csv,UGD121,5X-KDP,2026-09-19 14:55,JUB,EBB,HJJJ,1.3,yes,13,high,roll,130.0,10,0.0,12,,3600.0,,2403,45,-120,1812,1692,711,16.0,165.0,612,1386,1998,altitude,full,1575,5,2,HUEN,0.6,yes,17,high,roll,171.0,18,1.1,1,,3555.9,match,3681,22.9,133,3690,486,244,729,485,133.0,729,2432,2918,763,11.0,,full / track ends on the runway (roll is a lower bound),-1,-1
UR121-41c785ac.csv,UGD121,5X-KOB,2026-09-22 13:27,JUB,EBB,HJJJ,0.7,yes,31,high,roll,310.0,21,0.0,7,,3600.0,,2403,45,119,2074,2193,210,25.0,161.0,158,2113,2272,altitude,full,1550,-4,-1,HUEN,0.6,yes,17,high,roll,171.0,10,1.1,2,,3556.4,match,3681,22.9,136,3789,106,106,106,0,136.0,557,2831,2937,743,14.0,,full,2,2
UR121-41d01c10.csv,UGD121,5X-KOB,2026-09-24 15:17,JUB,EBB,HJJJ,1.3,yes,13,high,roll,130.0,10,0.0,19,,3600.0,,2403,45,-242,2254,2013,390,19.0,164.0,770,1628,2398,altitude,full,1550,14,11,HUEN,0.6,yes,17,high,roll,171.0,9,1.1,5,,3555.9,match,3681,22.9,137,3746,266,-33,565,598,137.0,1005,2672,2938,743,22.0,,full,2,2
UR121-41d44538.csv,UGD121,5X-KDP,2026-09-25 15:03,JUB,EBB,HJJJ,1.4,yes,13,high,roll,130.0,4,0.0,4,,3600.0,,2403,45,-114,2350,2237,166,15.0,175.0,786,1844,2629,altitude,full,,2,-1,HUEN,0.7,yes,17,high,roll,171.0,20,1.1,8,,3555.1,match,3681,22.9,150,3781,376,376,376,0,149.0,948,2572,2948,733,19.0,,full,1,1
UR121-41d858f1.csv,UGD121,5X-EQU,2026-09-26 15:03,JUB,EBB,HJJJ,1.5,yes,13,high,roll,130.0,4,0.0,4,,3600.0,,2403,45,384,1573,1958,445,117.0,173.0,628,1644,2271,altitude,no stop captured (rolling take-off),,6,3,HUEN,0.6,yes,17,high,roll,171.0,16,1.1,1,,3556.2,match,3681,22.9,136,3823,412,412,412,0,135.0,412,2527,2939,742,14.0,,full,1,1
UR121-41dc2618.csv,UGD121,5X-KOB,2026-09-27 15:38,JUB,EBB,HJJJ,1.5,yes,13,high,roll,130.0,11,0.0,2,,3600.0,,2403,45,42,2203,2244,158,104.0,173.0,750,1869,2619,altitude,full,1650,1,-2,HUEN,0.6,yes,17,high,roll,171.0,30,1.1,2,,3555.1,match,3681,22.9,141,3792,532,298,765,467,141.0,765,2397,2929,751,10.0,,full,2,2
UR121-41e39049.csv,UGD121,5X-KDP,2026-09-29 13:58,JUB,EBB,HJJJ,1.3,yes,13,high,roll,129.0,13,1.0,29,,3560.0,,2403,45,-76,1957,1882,521,17.0,170.0,455,1654,2109,altitude,full,1625,4,1,HUEN,0.8,yes,35,high,roll,351.0,23,1.1,5,,3556.2,match,3681,22.9,141,3712,270,270,270,0,142.0,753,2802,3072,609,10.0,,full,1,2
UR121-41ec0628.csv,UGD121,,2026-10-01 15:18,JUB,EBB,HJJJ,0.6,yes,31,high,roll,310.0,16,0.0,4,,3600.0,,2403,45,124,504,628,1775,23.0,92.0,0,628,628,speed fallback (below the altitude-valid speed),full / no wheel-off signature,,-2,0,HUEN,0.8,yes,17,high,roll,171.0,22,1.1,3,,3554.8,match,3681,22.9,159,3740,233,233,233,0,159.0,1337,2697,2930,751,14.0,,full,2,2
UR121-41f010d9.csv,UGD121,,2026-10-02 15:27,JUB,EBB,HJJJ,1.3,yes,13,high,roll,129.0,7,1.0,27,,3560.0,,2403,45,-151,1838,1687,715,15.0,162.0,663,1356,2019,altitude,full,1575,1,-2,HUEN,0.7,yes,17,high,roll,171.0,22,1.1,2,,3554.7,match,3681,22.9,147,3747,407,407,407,0,146.0,887,2533,2940,740,10.0,,full,0,0
UR121-41f3c84a.csv,UGD121,,2026-10-03 14:03,JUB,EBB,HJJJ,1.5,yes,13,high,roll,130.0,5,0.0,7,,3600.0,,2403,45,,,,,,,,,,,,,,,HUEN,0.7,yes,17,high,roll,171.0,14,1.1,7,,3557.2,match,3681,22.9,138,3761,622,537,708,172,137.0,63,2317,2939,742,9.0,,full,3,3
UR121-41f760f0.csv,UGD121,,2026-10-04 13:56,JUB,EBB,HJJJ,1.4,yes,13,high,roll,130.0,5,0.0,20,,3600.0,,2403,45,-205,1735,1529,873,86.0,156.0,730,1165,1894,altitude,full,,7,4,HUEN,0.7,yes,17,high,roll,171.0,9,1.1,1,,3557.3,match,3681,22.9,139,3801,259,259,259,0,138.0,1173,2694,2953,728,10.0,,full,1,1
UR122-417764c7.csv,UGD122,5X-KOB,2026-09-02 07:20,EBB,JUB,HUEN,1.3,yes,17,high,roll,172.0,15,0.1,13,,3596.9,match,3681,46,117,2754,2871,810,20.0,167.0,163,2789,2953,altitude,full,3600,20,20,HJJJ,1.5,yes,31,medium,roll,310.0,2,0.0,2,,3600.0,match,2403,22.6,147,1519,256,256,256,0,147.0,256,2337,2593,-191,0.0,2593,no deceleration captured (coarse export) / track ends on the runway (roll is a lower bound),-3,-1
UR122-418ae9b7.csv,UGD122,5X-KOB,2026-09-07 07:05,EBB,JUB,HUEN,1.3,yes,17,high,roll,172.0,11,0.1,4,,3597.0,match,3681,46,73,2967,3040,640,15.0,176.0,364,2858,3222,altitude,full,3575,9,9,HJJJ,0.5,yes,31,high,roll,310.0,6,0.0,2,,3600.0,,2403,22.6,151,1478,195,195,195,0,151.0,195,2262,2457,-54,5.0,,full / track ends on the runway (roll is a lower bound),-3,-1
UR122-4192dcb1.csv,UGD122,5X-EQU,2026-09-09 06:59,EBB,JUB,HUEN,1.3,yes,17,high,roll,172.0,7,0.1,4,,3597.4,match,3681,46,110,2700,2810,871,15.0,176.0,566,2527,3093,altitude,full,3675,4,4,HJJJ,0.5,yes,31,high,roll,309.0,10,1.0,12,,3560.0,,2403,22.6,144,1566,393,393,393,0,143.0,393,1728,2121,282,19.0,,full / track ends on the runway (roll is a lower bound),-4,-2
UR122-41a6be85.csv,UGD122,5X-KOB,2026-09-14 07:29,EBB,JUB,HUEN,1.6,yes,35,high,roll,351.0,16,1.1,3,,3554.9,match,3681,46,68,2408,2476,1205,15.0,163.0,203,2374,2578,altitude,full,3575,-3,-2,HJJJ,0.6,yes,31,high,roll,309.0,9,1.0,9,,3560.0,,2403,22.6,144,1518,250,141,360,219,144.0,360,1951,2201,202,0.0,2201,full,-3,-1
UR122-41aed958.csv,UGD122,5X-KOB,2026-09-16 06:57,EBB,JUB,HUEN,1.3,yes,17,high,roll,171.0,16,1.1,2,,3556.8,match,3681,46,107,2663,2769,911,22.0,172.0,610,2465,3074,altitude,full,3625,1,1,HJJJ,0.5,no,13,medium,roll,130.0,2,0.0,3,,3600.0,,2403,22.6,141,1475,200,200,200,0,139.0,200,476,676,1726,102.0,,full / track ends on the runway (roll is a lower bound),2,-2
UR122-41c2a08d.csv,UGD122,5X-KDP,2026-09-21 07:07,EBB,JUB,HUEN,1.0,yes,17,high,roll,171.0,7,1.1,1,,3557.3,match,3681,46,171,2762,2933,748,40.0,171.0,578,2644,3222,altitude,full,4200,4,4,HJJJ,0.7,yes,31,high,roll,310.0,9,0.0,3,,3600.0,,2403,22.6,148,1576,270,6,533,527,148.0,533,1931,2201,202,18.0,,full / track ends on the runway (roll is a lower bound),-2,0
UR122-41ca7c4d.csv,UGD122,5X-KOB,2026-09-23 06:47,EBB,JUB,HUEN,1.3,yes,17,high,roll,172.0,10,0.1,5,,3596.0,match,3681,46,73,3276,3350,331,20.0,175.0,669,3015,3684,altitude,full,3600,4,4,HJJJ,0.7,yes,31,high,roll,309.0,4,1.0,23,,3560.0,,2403,22.6,147,1520,1213,1213,1213,0,112.0,,1038,2251,152,15.0,,full / track ends on the runway (roll is a lower bound),-4,-1
UR122-41de7ef4.csv,UGD122,5X-KOB,2026-09-28 07:03,EBB,JUB,HUEN,1.3,yes,17,high,roll,171.0,14,1.1,4,,3557.4,match,3681,46,109,3002,3111,570,22.0,173.0,788,2717,3505,altitude,full,3650,16,16,HJJJ,0.1,yes,13,high,roll,130.0,3,0.0,4,,3600.0,,2403,22.6,136,1475,381,381,381,0,120.0,381,1066,1447,956,0.0,1447,full / track ends on the runway (roll is a lower bound),4,0
UR122-41e68392.csv,UGD122,5X-KOB,2026-09-30 06:57,EBB,JUB,HUEN,1.0,yes,17,high,roll,171.0,10,1.1,5,,3556.7,match,3681,46,130,2728,2858,823,17.0,177.0,413,2652,3064,altitude,full,4100,1,1,HJJJ,0.1,yes,31,high,roll,309.0,7,1.0,3,,3560.0,,2403,22.6,134,1525,179,179,179,0,134.0,179,2197,2376,26,8.0,,full,-5,-3
UR123-4177ab0d.csv,UGD123,5X-KOB,2026-09-02 08:30,JUB,EBB,HJJJ,0.8,yes,31,high,roll,309.0,5,1.0,2,,3560.0,match,2403,45,89,310,399,2003,17.0,72.0,0,399,399,speed fallback (below the altitude-valid speed),full / no wheel-off signature,,-1,1,HUEN,0.6,yes,17,high,roll,171.0,16,1.1,1,,3557.2,match,3681,22.9,141,3625,171,171,171,0,141.0,1158,2760,2931,750,10.0,,full,4,4
UR123-418b318e.csv,UGD123,5X-KOB,2026-09-07 08:23,JUB,EBB,HJJJ,0.8,yes,31,medium,climb-heading,310.0,11,0.0,2,,3600.0,,,,,,,,,,,,,,,,,,HUEN,0.7,yes,17,high,roll,171.0,19,1.1,1,,3556.8,match,3681,22.9,153,3574,345,345,345,0,153.0,1050,3301,3646,35,8.0,,full,-2,-2
UR123-41931d98.csv,UGD123,5X-EQU,2026-09-09 07:58,JUB,EBB,HJJJ,0.9,yes,31,high,roll,310.0,4,0.0,4,,3600.0,,2403,45,703,391,1095,1308,84.0,80.0,0,1095,1095,speed fallback (below the altitude-valid speed),full / no wheel-off signature,,-5,-2,HUEN,0.6,yes,17,high,roll,171.0,9,1.1,1,,3557.0,match,3681,22.9,141,3642,272,272,272,0,141.0,272,2667,2939,742,15.0,,full,-2,-2
UR123-41a6f97b.csv,UGD123,5X-KOB,2026-09-14 08:20,JUB,EBB,HJJJ,1.0,yes,31,medium,climb-heading,303.0,24,7.0,2,,3320.0,,,,,,,,,,,,,,,,,,HUEN,0.7,yes,17,high,roll,171.0,14,1.1,1,,3556.8,match,3681,22.9,138,3603,788,698,877,179,133.0,558,2158,2946,735,12.0,,full,-1,-1
UR123-41af1f03.csv,UGD123,5X-KOB,2026-09-16 08:05,JUB,EBB,HJJJ,1.5,yes,13,high,roll,130.0,4,0.0,27,,3600.0,,2403,45,-212,2423,2212,191,16.0,165.0,548,1937,2486,altitude,no stop captured (rolling take-off),,9,6,HUEN,0.7,yes,17,high,roll,171.0,19,1.1,4,,3557.2,match,3681,22.9,146,3642,542,542,542,0,141.0,542,2400,2942,739,14.0,,full,4,4
UR123-41c2d26a.csv,UGD123,5X-KDP,2026-09-21 07:44,JUB,EBB,HJJJ,0.9,yes,31,high,roll,310.0,5,0.0,3,,3600.0,,2403,45,129,1898,2027,375,20.0,159.0,596,1729,2325,altitude,full,,-3,0,HUEN,0.6,yes,17,high,roll,171.0,12,1.1,1,,3557.2,match,3681,22.9,134,3662,476,182,770,588,134.0,770,2481,2957,724,15.0,,full,0,0
UR123-41cac651.csv,UGD123,5X-KOB,2026-09-23 08:05,JUB,EBB,HJJJ,1.1,yes,31,medium,roll,309.0,2,1.0,3,,3560.0,,2403,45,133,0,133,2269,35.0,35.0,0,133,133,speed fallback (below the altitude-valid speed),full / no wheel-off signature,,0,2,HUEN,0.7,yes,35,high,roll,351.0,9,1.1,3,,3554.3,match,3681,22.9,138,3607,332,332,332,0,139.0,332,2741,3073,607,9.0,,full,-1,0
UR123-41deb61c.csv,UGD123,5X-KOB,2026-09-28 07:52,JUB,EBB,HJJJ,1.5,yes,13,high,roll,130.0,5,0.0,16,,3600.0,,2403,45,160,1481,1641,762,76.0,156.0,552,1365,1917,altitude,no stop captured (rolling take-off),1450,4,1,HUEN,0.6,yes,17,high,roll,171.0,8,1.1,1,,3557.2,match,3681,22.9,144,3672,325,325,325,0,144.0,795,2621,2946,735,13.0,,full,-1,-1
UR123-41e6bc42.csv,UGD123,5X-KOB,2026-09-30 07:40,JUB,EBB,HJJJ,0.9,yes,31,medium,roll,310.0,2,0.0,74,,3600.0,,2403,45,,,,,,,,,,,,,,,HUEN,0.7,yes,17,high,roll,171.0,9,1.1,16,,3556.2,match,3681,22.9,144,3654,355,355,355,0,143.0,979,2594,2949,732,11.0,,full,-1,-1
UR200-416bb51f.csv,UGD200,,2026-08-30 07:51,EBB,NBO,HUEN,1.3,yes,17,high,roll,172.0,7,0.1,2,,3596.3,match,3681,46,65,2850,2915,766,15.0,171.0,643,2593,3236,altitude,full,3600,3,3,HKJK,0.2,yes,06,high,roll,53.0,6,1.0,2,,3560.0,,4119,22.6,144,4986,556,556,556,0,143.0,556,1726,2282,1837,11.0,,full,0,2
UR200-417784a4.csv,UGD200,5X-KDP,2026-09-02 08:16,EBB,NBO,HUEN,1.3,yes,17,high,roll,172.0,11,0.1,18,,3597.1,match,3681,46,138,2594,2732,949,17.0,164.0,577,2444,3021,altitude,full,3600,4,4,HKJK,1.1,yes,06,high,roll,53.0,7,1.0,4,,3560.0,match,4119,22.6,153,5016,690,458,921,463,153.0,921,2318,3008,1111,7.0,,full,-6,-4
UR200-417b918b.csv,UGD200,5X-EQU,2026-09-03 07:58,EBB,NBO,HUEN,1.2,yes,17,high,roll,171.0,9,1.1,1,,3557.2,match,3681,46,123,2768,2891,790,24.0,177.0,644,2569,3213,altitude,full,3625,0,0,HKJK,0.1,yes,06,high,roll,53.0,6,1.0,1,,3560.0,match,4119,22.6,146,5040,428,428,428,0,146.0,428,1866,2294,1825,10.0,,full,0,2
UR200-417fae7e.csv,UGD200,5X-KDP,2026-09-04 07:58,EBB,NBO,HUEN,1.2,yes,17,high,roll,171.0,14,1.1,1,,3557.2,match,3681,46,81,3067,3148,533,17.0,181.0,875,2711,3586,altitude,full,,3,3,HKJK,0.3,yes,06,high,roll,53.0,14,1.0,2,,3560.0,match,4119,22.6,157,5075,491,-4,985,989,157.0,985,1831,2322,1797,7.0,,full,2,4
UR200-4183c10c.csv,UGD200,5X-KOB,2026-09-05 08:05,EBB,NBO,HUEN,1.9,yes,35,high,roll,351.0,14,1.1,6,,3555.9,match,3681,46,82,2771,2853,828,17.0,168.0,573,2567,3140,altitude,full,3650,-3,-2,HKJK,0.2,yes,06,high,roll,53.0,5,1.0,12,,3560.0,match,4119,22.6,149,5071,934,934,934,0,136.0,,1366,2300,1819,11.0,,full,-1,1
UR200-41876032.csv,UGD200,5X-KDP,2026-09-06 07:53,EBB,NBO,HUEN,1.0,yes,17,high,roll,171.0,12,1.1,1,,3556.1,match,3681,46,123,2412,2535,1146,21.0,168.0,598,2236,2834,altitude,full,3925,1,1,HKJK,0.0,yes,06,high,roll,54.0,16,0.0,2,,3600.0,match,4119,22.6,150,5011,66,66,66,0,150.0,1100,2234,2300,1819,9.0,,full,-5,-2
UR200-418b059c.csv,UGD200,5X-KDP,2026-09-07 08:00,EBB,NBO,HUEN,1.2,yes,17,high,roll,171.0,17,1.1,3,,3555.3,match,3681,46,115,3093,3209,472,25.0,177.0,762,2828,3589,altitude,full,3550,4,4,HKJK,0.2,yes,06,high,roll,53.0,7,1.0,2,,3560.0,match,4119,22.6,151,5011,384,384,384,0,150.0,937,1902,2286,1834,9.0,,full,-3,-1
UR200-418ef7ea.csv,UGD200,5X-KDP,2026-09-08 08:09,EBB,NBO,HUEN,1.6,yes,35,high,roll,351.0,17,1.1,4,,3555.4,match,3681,46,154,2747,2902,779,39.0,174.0,586,2608,3195,altitude,full,3625,2,3,HKJK,0.1,yes,06,high,roll,53.0,22,1.0,1,,3560.0,match,4119,22.6,147,5007,425,358,493,135,146.0,358,1871,2296,1823,9.0,,full,-3,-1
UR200-4192fdbd.csv,UGD200,5X-KDP,2026-09-09 07:56,EBB,NBO,HUEN,1.3,yes,17,high,roll,171.0,13,1.1,3,,3555.6,match,3681,46,133,2558,2691,990,23.0,176.0,184,2599,2783,altitude,full,3625,-2,-2,HKJK,0.2,yes,06,high,roll,53.0,10,1.0,14,,3560.0,match,4119,22.6,145,5031,511,201,821,620,144.0,821,1791,2302,1817,12.0,,full,-2,0
UR200-4197180a.csv,UGD200,5X-EQU,2026-09-10 07:55,EBB,NBO,HUEN,1.3,yes,17,high,roll,172.0,13,0.1,2,,3596.1,match,3681,46,172,2772,2943,737,42.0,184.0,199,2844,3043,altitude,full,3600,1,1,HKJK,0.2,yes,06,high,roll,53.0,15,1.0,2,,3560.0,match,4119,22.6,149,5009,536,64,1008,944,149.0,1008,1762,2298,1821,9.0,,full,-2,0
UR200-419b4457.csv,UGD200,5X-KDP,2026-09-11 07:53,EBB,NBO,HUEN,1.6,yes,35,high,roll,351.0,27,1.1,10,,3555.2,match,3681,46,92,2625,2717,964,19.0,172.0,214,2610,2824,altitude,full,3575,-13,-12,HKJK,0.2,yes,06,high,roll,53.0,6,1.0,3,,3560.0,match,4119,22.6,151,5007,533,41,1026,985,151.0,1026,1747,2280,1840,11.0,,full / track ends on the runway (roll is a lower bound),-6,-4
UR200-419f6f66.csv,UGD200,5X-KOB,2026-09-12 07:52,EBB,NBO,HUEN,1.1,yes,17,high,roll,172.0,7,0.1,3,,3596.3,match,3681,46,130,2607,2737,944,33.0,178.0,660,2407,3067,altitude,full,4075,4,4,HKJK,0.0,yes,06,high,roll,53.0,21,1.0,1,,3560.0,match,4119,22.6,143,5012,621,548,694,146,139.0,49,1674,2295,1824,14.0,,full,-4,-2
UR200-41a3301d.csv,UGD200,5X-KDP,2026-09-13 08:00,EBB,NBO,HUEN,1.3,yes,17,high,roll,171.0,7,1.1,1,,3556.0,match,3681,46,114,2813,2927,754,15.0,178.0,635,2609,3244,altitude,full,3600,0,0,HKJK,0.3,yes,06,high,roll,53.0,27,1.0,2,,3560.0,match,4119,22.6,150,5042,696,586,806,220,146.0,442,2305,3001,1118,11.0,,full,-2,0
UR200-41a6dc61.csv,UGD200,5X-EQU,2026-09-14 08:24,EBB,NBO,HUEN,1.6,yes,35,high,roll,351.0,23,1.1,6,,3555.1,match,3681,46,130,2456,2585,1095,16.0,165.0,464,2353,2817,altitude,full,3575,-2,-1,HKJK,0.4,yes,06,high,roll,53.0,5,1.0,2,,3560.0,match,4119,22.6,152,5032,680,680,680,0,148.0,680,1619,2299,1820,11.0,,full,-4,-2
UR200-41aad374.csv,UGD200,5X-KOB,2026-09-15 07:54,EBB,NBO,HUEN,1.1,yes,17,high,roll,172.0,8,0.1,2,,3596.4,match,3681,46,127,2277,2404,1276,28.0,167.0,628,2090,2719,altitude,full,4325,3,3,HKJK,0.2,yes,06,high,roll,53.0,20,1.0,2,,3560.0,match,4119,22.6,142,5031,424,424,424,0,141.0,888,2579,3003,1116,11.0,,full,-5,-3
UR200-41aefb2d.csv,UGD200,5X-EQU,2026-09-16 08:03,EBB,NBO,HUEN,1.2,yes,17,high,roll,171.0,12,1.1,1,,3556.8,match,3681,46,114,2959,3073,608,21.0,175.0,673,2736,3410,altitude,full,3600,2,2,HKJK,0.3,yes,06,high,roll,53.0,6,1.0,2,,3560.0,match,4119,22.6,146,5008,220,220,220,0,146.0,668,2070,2290,1829,10.0,,full,-1,1
UR200-41b32993.csv,UGD200,5X-KOB,2026-09-17 08:03,EBB,NBO,HUEN,1.7,yes,35,high,roll,351.0,22,1.1,1,,3555.6,match,3681,46,181,2383,2564,1116,48.0,164.0,568,2281,2848,altitude,full,3575,0,1,HKJK,0.2,yes,06,high,roll,53.0,17,1.0,3,,3560.0,match,4119,22.6,157,5001,453,8,899,891,157.0,899,1842,2295,1824,11.0,,full,-4,-2
UR200-41b75759.csv,UGD200,5X-KOB,2026-09-18 08:00,EBB,NBO,HUEN,1.1,yes,17,high,roll,171.0,15,1.1,7,,3556.6,match,3681,46,103,3241,3344,337,22.0,178.0,794,2947,3741,altitude,full,3625,5,5,HKJK,0.0,yes,06,high,roll,53.0,5,1.0,2,,3560.0,match,4119,22.6,147,5037,794,794,794,0,138.0,794,1489,2283,1836,11.0,,full,-2,0
UR200-41bb7f03.csv,UGD200,5X-KDP,2026-09-19 08:01,EBB,NBO,HUEN,1.3,yes,17,high,roll,172.0,14,0.1,3,,3596.3,match,3681,46,155,2297,2453,1228,37.0,169.0,210,2348,2558,altitude,full,3550,5,5,HKJK,0.1,yes,06,high,roll,53.0,13,1.0,2,,3560.0,match,4119,22.6,140,4983,787,787,787,0,126.0,787,1510,2297,1822,11.0,,full,-1,1
UR200-41bef3ab.csv,UGD200,5X-KDP,2026-09-20 06:19,EBB,NBO,HUEN,1.1,yes,17,high,roll,171.0,7,1.1,1,,3556.8,match,3681,46,158,2708,2866,815,29.0,176.0,823,2454,3278,altitude,full,4075,0,0,HKJK,0.1,yes,06,high,roll,53.0,17,1.0,2,,3560.0,match,4119,22.6,142,5033,787,787,787,0,131.0,787,1511,2298,1822,8.0,,full,-1,1
UR200-41c2c35a.csv,UGD200,5X-KOB,2026-09-21 08:15,EBB,NBO,HUEN,1.1,yes,17,high,roll,171.0,12,1.1,1,,3557.2,match,3681,46,99,2965,3064,617,21.0,177.0,815,2657,3472,altitude,full,3625,2,2,HKJK,0.2,yes,06,high,roll,53.0,6,1.0,2,,3560.0,match,4119,22.6,147,5050,325,325,325,0,146.0,325,1968,2293,1826,12.0,,full,1,3
UR200-41c6a102.csv,UGD200,5X-KOB,2026-09-22 08:05,EBB,NBO,HUEN,1.3,yes,17,high,roll,171.0,14,1.1,3,,3556.3,match,3681,46,85,2834,2919,762,15.0,174.0,568,2635,3203,altitude,full,3625,9,9,HKJK,0.1,yes,06,high,roll,53.0,13,1.0,2,,3560.0,match,4119,22.6,149,5060,847,847,847,0,144.0,847,1439,2286,1833,12.0,,full,-3,-1
UR200-41ca65dc.csv,UGD200,5X-KDP,2026-09-23 06:03,EBB,NBO,HUEN,1.2,yes,17,high,roll,171.0,21,1.1,3,,3556.0,match,3681,46,99,2496,2595,1086,21.0,175.0,190,2500,2690,altitude,full,3650,6,6,HKJK,0.3,yes,06,high,roll,53.0,5,1.0,24,,3560.0,match,4119,22.6,140,5066,853,853,853,0,135.0,853,1435,2288,1831,12.0,,full,-3,-1
UR200-41cec179.csv,UGD200,5X-KDP,2026-09-24 07:54,EBB,NBO,HUEN,1.3,yes,17,high,roll,171.0,7,1.1,2,,3557.4,match,3681,46,185,3396,3581,100,45.0,195.0,668,3247,3915,altitude,full,,5,5,HKJK,0.2,yes,06,high,roll,53.0,6,1.0,1,,3560.0,match,4119,22.6,151,5038,449,449,449,0,149.0,1041,1847,2296,1823,13.0,,full,-3,-1
UR200-41d2f65d.csv,UGD200,5X-EQU,2026-09-25 07:51,EBB,NBO,HUEN,1.2,yes,17,high,roll,172.0,7,0.1,17,,3594.9,match,3681,46,134,2486,2620,1061,24.0,172.0,645,2298,2942,altitude,full,3600,-2,-2,HKJK,0.2,yes,06,high,roll,53.0,24,1.0,1,,3560.0,match,4119,22.6,149,5050,680,680,680,0,146.0,680,2324,3004,1116,10.0,,full,-4,-2
UR200-41d71a6e.csv,UGD200,5X-KOB,2026-09-26 08:03,EBB,NBO,HUEN,1.3,yes,17,high,roll,171.0,7,1.1,2,,3556.8,match,3681,46,125,2527,2651,1029,18.0,183.0,675,2314,2989,altitude,full,3650,2,2,HKJK,0.2,yes,06,high,roll,53.0,8,1.0,9,,3560.0,match,4119,22.6,156,5071,959,959,959,0,141.0,959,1336,2295,1824,9.0,,full,-5,-3
UR200-41dad9af.csv,UGD200,ET-APL,2026-09-27 08:04,EBB,NBO,HUEN,1.6,yes,35,high,roll,352.0,29,0.1,5,,3595.2,match,3681,46,196,1975,2171,1510,38.0,156.0,156,2093,2249,altitude,full,3600,-2,-1,HKJK,0.4,yes,06,high,roll,53.0,27,1.0,3,,3560.0,match,4119,22.6,158,5029,462,462,462,0,159.0,1000,2542,3004,1115,12.0,906,full,-3,-1
UR200-41de9953.csv,UGD200,5X-KDP,2026-09-28 07:59,EBB,NBO,HUEN,1.2,yes,17,high,roll,171.0,7,1.1,3,,3557.0,match,3681,46,102,2165,2267,1414,15.0,163.0,561,1986,2548,altitude,full,3650,4,4,HKJK,0.0,yes,06,high,roll,53.0,16,1.0,2,,3560.0,match,4119,22.6,142,5079,339,339,339,0,143.0,339,1956,2295,1824,9.0,,full,-4,-2
UR200-41e293db.csv,UGD200,5X-EQU,2026-09-29 08:07,EBB,NBO,HUEN,1.8,yes,35,high,roll,351.0,7,1.1,2,,3556.0,match,3681,46,190,1890,2081,1600,45.0,156.0,598,1782,2380,altitude,full,3550,-1,0,HKJK,0.1,yes,06,high,roll,53.0,17,1.0,3,,3560.0,match,4119,22.6,135,5025,382,295,470,174,136.0,295,1910,2292,1827,12.0,,full,-2,0
UR200-41e6aecc.csv,UGD200,5X-EQU,2026-09-30 08:13,EBB,NBO,HUEN,1.3,yes,17,high,roll,172.0,7,0.1,2,,3596.5,match,3681,46,201,2772,2973,708,45.0,176.0,665,2641,3305,altitude,full,3625,5,5,HKJK,0.2,yes,06,high,roll,53.0,6,1.0,2,,3560.0,match,4119,22.6,146,5026,612,612,612,0,145.0,612,1684,2296,1823,12.0,,full,-2,0
UR200-41eab7db.csv,UGD200,,2026-10-01 07:56,EBB,NBO,HUEN,1.8,yes,35,high,roll,351.0,13,1.1,2,,3555.1,match,3681,46,96,1908,2004,1677,21.0,149.0,731,1638,2369,altitude,full,3600,-2,-1,HKJK,0.2,yes,06,high,roll,53.0,16,1.0,3,,3560.0,match,4119,22.6,143,5049,318,155,481,326,142.0,481,1974,2292,1827,7.0,,full,-4,-2
UR200-41eec497.csv,UGD200,,2026-10-02 07:52,EBB,NBO,HUEN,1.2,yes,17,high,roll,171.0,7,1.1,3,,3555.8,match,3681,46,107,2958,3065,616,24.0,177.0,688,2721,3409,altitude,full,,5,5,HKJK,0.1,yes,06,high,roll,53.0,6,1.0,2,,3560.0,match,4119,22.6,142,5037,716,716,716,0,134.0,716,1578,2294,1825,9.0,,full,-3,-1
UR200-41f2d460.csv,UGD200,,2026-10-03 08:06,EBB,NBO,HUEN,1.6,yes,35,high,roll,351.0,13,1.1,3,,3555.9,match,3681,46,104,2461,2565,1116,17.0,167.0,790,2169,2960,altitude,full,4100,-2,-1,HKJK,0.0,yes,06,high,roll,53.0,9,1.0,2,,3560.0,match,4119,22.6,142,5040,350,350,350,0,142.0,986,1938,2288,1832,15.0,,full,0,2
UR200-41f679e6.csv,UGD200,,2026-10-04 08:13,EBB,NBO,HUEN,1.1,yes,17,high,roll,171.0,11,1.1,4,,3557.0,match,3681,46,93,2705,2798,883,15.0,173.0,225,2685,2910,altitude,full,3650,5,5,HKJK,0.2,yes,06,high,roll,53.0,5,1.0,2,,3560.0,match,4119,22.6,147,5075,892,892,892,0,139.0,892,1407,2299,1820,9.0,,full,-2,0
UR201-4177c828.csv,UGD201,5X-KDP,2026-09-02 10:18,NBO,EBB,HKJK,0.9,yes,06,high,roll,53.0,11,1.0,3,,3560.0,,4119,45,148,3247,3395,724,22.0,181.0,617,3086,3703,altitude,full,4950,-1,0,HUEN,0.9,yes,17,high,roll,171.0,21,1.1,6,,3557.2,match,3681,22.9,143,3635,473,402,544,142,144.0,402,2472,2945,736,11.0,,full,1,1
UR201-417bd90e.csv,UGD201,5X-EQU,2026-09-03 10:05,NBO,EBB,HKJK,1.3,yes,06,high,roll,54.0,8,0.0,19,,3600.0,match,4119,45,147,2617,2764,1355,38.0,176.0,569,2480,3049,altitude,full,4975,-3,-2,HUEN,0.8,yes,17,high,roll,171.0,8,1.1,1,,3557.3,match,3681,22.9,149,3654,299,299,299,0,147.0,299,2646,2945,736,13.0,,full,1,1
UR201-417ff073.csv,UGD201,5X-KDP,2026-09-04 10:00,NBO,EBB,HKJK,1.0,yes,06,high,roll,53.0,17,1.0,4,,3560.0,match,4119,45,98,2882,2981,1139,21.0,170.0,1228,2366,3595,altitude,full,5000,-6,-5,HUEN,0.9,yes,17,high,roll,171.0,8,1.1,16,,3556.7,match,3681,22.9,149,3659,423,423,423,0,150.0,423,2514,2937,743,9.0,,full,-2,-2
UR201-41840565.csv,UGD201,5X-KOB,2026-09-05 10:21,NBO,EBB,HKJK,1.1,yes,06,high,roll,53.0,7,1.0,16,,3560.0,,4119,45,112,3466,3578,541,26.0,182.0,1223,2966,4189,altitude,full,,-12,-11,HUEN,0.7,yes,17,high,roll,171.0,13,1.1,10,,3557.0,match,3681,22.9,146,3661,263,80,447,367,146.0,447,2693,2956,725,10.0,,full,-2,-2
UR201-41879c5d.csv,UGD201,5X-KDP,2026-09-06 09:58,NBO,EBB,HKJK,1.2,yes,06,high,roll,53.0,11,1.0,6,,3560.0,match,4119,45,81,3458,3538,581,17.0,179.0,1194,2941,4136,altitude,full,4950,-8,-7,HUEN,0.8,yes,17,high,roll,171.0,8,1.1,2,,3557.3,match,3681,22.9,153,3643,95,95,95,0,153.0,611,2851,2946,735,12.0,,full,5,5
UR201-418b4b5b.csv,UGD201,5X-KDP,2026-09-07 10:07,NBO,EBB,HKJK,1.0,yes,06,high,roll,53.0,11,1.0,5,,3560.0,match,4119,45,97,3365,3462,657,15.0,176.0,1174,2875,4049,altitude,full,4925,-10,-9,HUEN,0.8,yes,17,high,roll,171.0,14,1.1,1,,3557.2,match,3681,22.9,151,3604,210,210,210,0,151.0,872,2734,2944,736,9.0,,full,0,0
UR201-418f35c8.csv,UGD201,5X-KDP,2026-09-08 10:03,NBO,EBB,HKJK,1.1,yes,06,high,roll,53.0,10,1.0,4,,3560.0,match,4119,45,93,2912,3005,1114,18.0,176.0,802,2604,3406,altitude,full,,-7,-6,HUEN,0.6,yes,17,high,roll,171.0,9,1.1,1,,3557.1,match,3681,22.9,140,3599,468,468,468,0,136.0,468,2485,2953,727,17.0,,full,4,4
UR201-41933e05.csv,UGD201,5X-KDP,2026-09-09 09:56,NBO,EBB,HKJK,1.0,yes,06,high,roll,53.0,18,1.0,4,,3560.0,,4119,45,130,3389,3520,599,15.0,186.0,817,3111,3928,altitude,full,4950,1,2,HUEN,0.6,yes,17,high,roll,171.0,16,1.1,3,,3557.4,match,3681,22.9,143,3644,357,282,433,151,144.0,282,2597,2954,727,19.0,,full,5,5
UR201-41975f58.csv,UGD201,5X-EQU,2026-09-10 10:04,NBO,EBB,HKJK,0.9,yes,06,high,roll,53.0,26,1.0,2,,3560.0,match,4119,45,137,3524,3661,458,26.0,182.0,1253,3035,4288,altitude,full,4925,0,1,HUEN,0.6,yes,17,high,roll,171.0,29,1.1,1,,3557.0,match,3681,22.9,138,3611,288,75,501,426,138.0,1067,2667,2955,726,11.0,,full,1,1
UR201-419b8ebf.csv,UGD201,5X-KDP,2026-09-11 10:05,NBO,EBB,HKJK,0.9,yes,06,high,roll,53.0,25,1.0,5,,3560.0,match,4119,45,110,3290,3401,719,15.0,173.0,1139,2831,3970,altitude,full,4950,-11,-10,HUEN,0.7,yes,17,high,roll,171.0,9,1.1,3,,3557.3,match,3681,22.9,149,3643,115,115,115,0,149.0,1219,2823,2938,742,15.0,,full,1,1
UR201-419fab19.csv,UGD201,5X-KOB,2026-09-12 09:52,NBO,EBB,HKJK,1.0,yes,06,high,roll,53.0,12,1.0,2,,3560.0,,4119,45,98,2119,2217,1902,17.0,148.0,1112,1661,2773,acceleration,full,4925,-3,-1,HUEN,0.8,yes,17,high,roll,171.0,21,1.1,2,,3556.9,match,3681,22.9,145,3670,378,135,621,486,144.0,621,2581,2959,721,10.0,,full,10,10
UR201-41a36e0a.csv,UGD201,5X-KDP,2026-09-13 10:06,NBO,EBB,HKJK,1.1,yes,06,high,roll,53.0,19,1.0,2,,3560.0,match,4119,45,97,3133,3230,889,23.0,182.0,769,2845,3615,altitude,full,4975,-1,0,HUEN,0.8,yes,17,high,roll,171.0,16,1.1,2,,3557.3,match,3681,22.9,156,3650,248,-4,500,505,156.0,1041,2687,2935,746,9.0,,full,8,8
UR201-41a71fbf.csv,UGD201,5X-EQU,2026-09-14 10:29,NBO,EBB,HKJK,1.1,yes,06,high,roll,54.0,14,0.0,3,,3600.0,match,4119,45,165,3374,3539,580,21.0,183.0,821,3129,3949,altitude,full,4925,-5,-4,HUEN,0.7,yes,17,high,roll,171.0,10,1.1,7,,3557.2,match,3681,22.9,152,3618,474,474,474,0,149.0,474,2488,2962,718,5.0,,full,5,5
UR201-41ab1cfb.csv,UGD201,5X-KOB,2026-09-15 10:07,NBO,EBB,HKJK,1.0,yes,06,high,roll,53.0,8,1.0,7,,3560.0,match,4119,45,85,3097,3182,937,15.0,182.0,557,2904,3461,altitude,full,,-10,-9,HUEN,0.7,yes,17,high,roll,171.0,24,1.1,7,,3556.7,match,3681,22.9,149,3629,514,439,589,150,147.0,439,2444,2958,723,10.0,,full,-5,-5
UR201-41af4085.csv,UGD201,5X-EQU,2026-09-16 10:05,NBO,EBB,HKJK,1.1,yes,06,high,roll,53.0,19,1.0,4,,3560.0,,4119,45,101,2721,2821,1298,23.0,174.0,236,2703,2940,altitude,full,4925,-3,-2,HUEN,0.7,yes,17,high,roll,171.0,9,1.1,2,,3557.3,match,3681,22.9,144,3630,298,34,563,529,144.0,1101,2634,2932,749,12.0,,full,1,1
UR201-41b37043.csv,UGD201,5X-KOB,2026-09-17 10:12,NBO,EBB,HKJK,1.0,yes,06,high,roll,53.0,12,1.0,5,,3560.0,match,4119,45,114,3418,3532,587,15.0,184.0,793,3136,3929,altitude,full,4925,-6,-5,HUEN,0.6,yes,35,high,roll,351.0,20,1.1,3,,3554.2,match,3681,22.9,150,3584,224,224,224,0,150.0,681,2840,3064,617,9.0,,full / track ends on the runway (roll is a lower bound),-5,-4
UR201-41b7a13a.csv,UGD201,5X-KOB,2026-09-18 10:11,NBO,EBB,HKJK,1.1,yes,06,high,roll,54.0,11,0.0,4,,3600.0,match,4119,45,129,2834,2963,1156,27.0,172.0,564,2681,3245,altitude,full,4925,1,2,HUEN,0.7,yes,17,high,roll,171.0,9,1.1,1,,3557.0,match,3681,22.9,142,3628,183,183,183,0,141.0,1166,2747,2930,751,13.0,,full,2,2
UR201-41bbb429.csv,UGD201,5X-KDP,2026-09-19 09:49,NBO,EBB,HKJK,1.0,yes,06,high,roll,53.0,27,1.0,3,,3560.0,,4119,45,91,3123,3213,906,16.0,184.0,228,3099,3327,altitude,full,4900,-1,0,HUEN,0.7,yes,17,high,roll,171.0,22,1.1,2,,3557.2,match,3681,22.9,147,3600,590,329,851,522,147.0,851,2356,2946,735,11.0,,full,1,1
UR201-41bf2c9c.csv,UGD201,5X-KDP,2026-09-20 08:19,NBO,EBB,HKJK,1.1,yes,06,high,roll,53.0,7,1.0,2,,3560.0,match,4119,45,100,2871,2972,1148,21.0,177.0,639,2652,3291,altitude,full,4950,-3,-2,HUEN,0.7,yes,17,high,roll,171.0,24,1.1,3,,3556.2,match,3681,22.9,150,3620,443,443,443,0,146.0,1060,2493,2936,745,8.0,,full,1,1
UR201-41c305d1.csv,UGD201,5X-KOB,2026-09-21 10:18,NBO,EBB,HKJK,1.1,yes,06,high,roll,53.0,18,1.0,4,,3560.0,match,4119,45,98,2524,2622,1497,26.0,166.0,756,2244,3000,altitude,full,4975,-6,-5,HUEN,0.7,yes,17,high,roll,171.0,9,1.1,10,,3556.9,match,3681,22.9,143,3667,422,422,422,0,139.0,932,2529,2951,729,12.0,,full,3,3
UR201-41c6eb7e.csv,UGD201,5X-KOB,2026-09-22 10:20,NBO,EBB,HKJK,1.1,yes,06,high,roll,53.0,25,1.0,2,,3560.0,match,4119,45,71,3349,3420,699,15.0,179.0,1256,2792,4048,altitude,full,4975,-1,0,HUEN,0.6,yes,17,high,roll,171.0,9,1.1,1,,3557.1,match,3681,22.9,149,3670,309,309,309,0,147.0,818,2622,2931,750,13.0,,full / track ends on the runway (roll is a lower bound),2,2
UR201-41caa5ee.csv,UGD201,5X-KDP,2026-09-23 08:03,NBO,EBB,HKJK,1.2,yes,06,high,roll,53.0,9,1.0,3,,3560.0,,4119,45,101,2871,2972,1147,17.0,176.0,639,2652,3292,altitude,full,4950,-3,-2,HUEN,0.9,yes,35,high,roll,351.0,10,1.1,1,,3554.8,match,3681,22.9,138,3588,67,67,67,0,138.0,555,3006,3073,608,9.0,,full,-1,0
UR201-41cf065c.csv,UGD201,5X-KDP,2026-09-24 09:53,NBO,EBB,HKJK,1.4,yes,06,high,roll,53.0,16,1.0,2,,3560.0,match,4119,45,119,3627,3746,374,18.0,182.0,1188,3152,4339,altitude,full,4925,-3,-2,HUEN,0.6,yes,17,high,roll,171.0,20,1.1,2,,3556.9,match,3681,22.9,151,3587,505,417,594,177,148.0,264,2452,2957,724,11.0,,full,2,2
UR201-41d33f1f.csv,UGD201,5X-EQU,2026-09-25 10:02,NBO,EBB,HKJK,1.1,yes,06,high,roll,53.0,14,1.0,2,,3560.0,match,4119,45,117,3121,3238,881,23.0,182.0,649,2913,3563,altitude,full,4950,-1,0,HUEN,1.0,yes,17,high,roll,171.0,12,1.1,3,,3557.2,match,3681,22.9,149,3659,298,37,559,522,149.0,1087,3347,3645,35,9.0,,full,8,8
UR201-41d75ec0.csv,UGD201,5X-KOB,2026-09-26 10:19,NBO,EBB,HKJK,1.0,yes,06,high,roll,54.0,19,0.0,2,,3600.0,,4119,45,98,3254,3353,766,17.0,184.0,562,3072,3633,altitude,full,4975,2,3,HUEN,0.6,yes,17,high,roll,171.0,18,1.1,1,,3556.0,match,3681,22.9,148,3681,166,166,166,0,148.0,662,2763,2929,752,11.0,,full,3,3
UR201-41db1c4e.csv,UGD201,ET-APL,2026-09-27 10:26,NBO,EBB,HKJK,0.9,yes,06,high,roll,53.0,24,1.0,3,,3560.0,match,4119,45,143,3142,3285,834,27.0,180.0,1200,2685,3885,altitude,full,4975,-4,-3,HUEN,0.7,yes,35,high,roll,351.0,19,1.1,2,,3554.9,match,3681,22.9,146,3590,404,95,713,618,146.0,713,2669,3073,607,9.0,,full,-3,-2
UR201-41dedae8.csv,UGD201,5X-KDP,2026-09-28 10:02,NBO,EBB,HKJK,0.9,yes,06,high,roll,53.0,26,1.0,7,,3560.0,match,4119,45,180,3340,3520,599,24.0,178.0,1381,2830,4211,altitude,full,4975,-6,-5,HUEN,1.1,yes,17,high,roll,171.0,9,1.1,2,,3556.7,match,3681,22.9,160,3698,409,161,656,495,160.0,656,2521,2930,750,9.0,,full / track ends on the runway (roll is a lower bound),3,3
UR201-41e2da29.csv,UGD201,5X-EQU,2026-09-29 10:15,NBO,EBB,HKJK,1.0,yes,06,high,roll,53.0,16,1.0,3,,3560.0,match,4119,45,118,3051,3168,951,21.0,166.0,1267,2535,3802,altitude,full,4975,-4,-3,HUEN,0.7,yes,35,high,roll,351.0,22,1.1,2,,3555.3,match,3681,22.9,139,3615,484,407,560,153,138.0,407,2584,3068,613,10.0,,full,-2,-1
UR201-41e6f003.csv,UGD201,5X-EQU,2026-09-30 10:13,NBO,EBB,HKJK,1.0,yes,06,high,roll,53.0,25,1.0,2,,3560.0,,4119,45,172,3606,3778,341,38.0,188.0,1245,3155,4400,altitude,full,4950,-5,-4,HUEN,0.6,yes,17,high,roll,171.0,14,1.1,1,,3556.3,match,3681,22.9,150,3663,443,443,443,0,151.0,443,2497,2940,740,9.0,,full,0,0
UR201-41eafd1e.csv,UGD201,,2026-10-01 10:10,NBO,EBB,HKJK,1.2,yes,06,high,roll,53.0,12,1.0,2,,3560.0,match,4119,45,180,3476,3656,463,45.0,183.0,1396,2958,4354,altitude,full,4975,0,1,HUEN,0.6,yes,35,high,roll,351.0,27,1.1,1,,3555.7,match,3681,22.9,147,3595,135,135,135,0,146.0,596,2939,3074,607,7.0,,full,-2,-1
UR201-41ef0b96.csv,UGD201,,2026-10-02 10:07,NBO,EBB,HKJK,1.1,yes,06,high,roll,53.0,12,1.0,5,,3560.0,match,4119,45,94,2866,2960,1159,23.0,175.0,605,2657,3262,altitude,full,4950,-11,-10,HUEN,1.0,yes,17,high,roll,171.0,8,1.1,1,,3556.9,match,3681,22.9,160,3664,101,101,101,0,160.0,1158,2828,2929,752,16.0,,full,1,1
UR201-41f31849.csv,UGD201,,2026-10-03 10:30,NBO,EBB,HKJK,1.1,yes,06,high,roll,54.0,17,0.0,9,,3600.0,,4119,45,94,3486,3580,539,22.0,180.0,1257,2952,4209,altitude,full,4950,8,9,HUEN,0.6,yes,35,high,roll,351.0,22,1.1,1,,3556.3,match,3681,22.9,155,3608,677,585,769,184,151.0,427,2398,3075,606,7.0,,full,2,3
UR201-41f6b7db.csv,UGD201,,2026-10-04 10:25,NBO,EBB,HKJK,1.3,yes,06,high,roll,53.0,7,1.0,4,,3560.0,match,4119,45,110,2909,3019,1100,15.0,176.0,771,2634,3404,altitude,full,,-4,-3,HUEN,0.7,yes,17,high,roll,171.0,29,1.1,4,,3556.3,match,3681,22.9,150,3689,489,417,560,143,148.0,100,3156,3645,36,9.0,,full,3,3
UR203-3b751c2a.csv,UGD111X,,2025-07-28 08:07,NBO,EBB,HKJK,1.1,yes,06,high,roll,53.0,14,1.0,2,,3560.0,,4119,45,69,2920,2989,1130,15.0,176.0,790,2594,3384,altitude,full,,-2,-1,HUEN,0.7,yes,17,high,roll,171.0,8,1.1,1,,3555.6,,3681,22.9,156,3556,299,299,299,0,157.0,299,2655,2954,727,22.0,1145,full,-3,-3
UR206-4171f72c.csv,UGD206,,2026-08-31 22:24,EBB,NBO,HUEN,1.0,yes,17,high,roll,171.0,16,1.1,2,,3555.2,match,3681,46,169,2422,2591,1090,15.0,171.0,793,2194,2987,altitude,full,4150,1,1,HKJK,0.4,yes,06,high,roll,53.0,16,1.0,3,,3560.0,,4119,22.6,154,5030,754,754,754,0,149.0,1264,2250,3004,1115,15.0,1047,full,-1,1
UR206-41752255.csv,UGD206,ET-APL,2026-09-01 18:17,EBB,NBO,HUEN,1.3,yes,17,high,roll,171.0,7,1.1,4,,3555.9,match,3681,46,240,1944,2183,1498,46.0,155.0,835,1766,2601,altitude,full,3650,2,2,HKJK,0.4,yes,06,high,roll,53.0,23,1.0,2,,3560.0,,4119,22.6,157,5038,71,71,71,0,157.0,1243,2934,3005,1114,15.0,1009,full,-3,0
UR206-418165b0.csv,UGD206,5X-KDP,2026-09-04 17:58,EBB,NBO,HUEN,1.2,yes,17,high,roll,171.0,10,1.1,2,,3556.8,match,3681,46,118,2715,2833,848,24.0,169.0,776,2445,3221,altitude,full,3750,3,3,HKJK,0.1,yes,06,high,roll,53.0,11,1.0,1,,3560.0,match,4119,22.6,142,5159,369,369,369,0,142.0,369,1915,2284,1835,13.0,,full,1,3
UR206-4188ec01.csv,UGD206,5X-KOB,2026-09-06 17:40,EBB,NBO,HUEN,1.3,yes,17,high,roll,171.0,12,1.1,1,,3556.8,match,3681,46,135,2434,2568,1112,23.0,166.0,592,2272,2865,altitude,full,3675,1,1,HKJK,0.2,yes,06,high,roll,53.0,27,1.0,1,,3560.0,match,4119,22.6,143,5116,101,101,101,0,143.0,,2898,2999,1120,11.0,,full,0,3
UR206-418c9428.csv,UGD206,5X-KOB,2026-09-07 17:38,EBB,NBO,HUEN,1.3,yes,17,high,roll,171.0,12,1.1,15,,3557.0,match,3681,46,109,2104,2214,1467,18.0,155.0,725,1852,2576,altitude,full,4075,1,1,HKJK,0.2,yes,06,high,roll,53.0,27,1.0,1,,3560.0,match,4119,22.6,137,5127,720,720,720,0,133.0,720,2281,3001,1119,11.0,,full,0,2
UR206-419089a6.csv,UGD206,5X-EQU,2026-09-08 17:33,EBB,NBO,HUEN,1.3,yes,17,high,roll,171.0,8,1.1,5,,3556.8,match,3681,46,160,2862,3023,658,38.0,166.0,597,2724,3321,altitude,full,3700,16,16,HKJK,0.1,yes,06,high,roll,53.0,6,1.0,1,,3560.0,match,4119,22.6,143,5097,266,266,266,0,143.0,266,2040,2306,1813,10.0,,full,2,4
UR206-419d01d3.csv,UGD206,5X-KDP,2026-09-11 17:49,EBB,NBO,HUEN,1.3,yes,17,high,roll,171.0,9,1.1,5,,3554.3,match,3681,46,90,2202,2293,1388,15.0,158.0,757,1914,2671,altitude,full,3700,-1,-1,HKJK,0.1,yes,06,high,roll,53.0,13,1.0,12,,3560.0,match,4119,22.6,144,5138,776,776,776,0,133.0,,1518,2294,1825,11.0,,full,-3,-1
UR206-41a49de8.csv,UGD206,5X-KOB,2026-09-13 17:40,EBB,NBO,HUEN,1.1,yes,17,high,roll,171.0,10,1.1,2,,3554.9,match,3681,46,161,2875,3035,645,40.0,172.0,781,2645,3426,altitude,full,3700,-1,-1,HKJK,0.2,yes,06,high,roll,53.0,10,1.0,1,,3560.0,match,4119,22.6,149,5151,310,310,310,0,149.0,310,1986,2296,1823,10.0,,full,3,5
UR206-41a86189.csv,UGD206,5X-KOB,2026-09-14 17:34,EBB,NBO,HUEN,1.2,yes,17,high,roll,171.0,9,1.1,10,,3556.8,match,3681,46,114,2735,2849,832,25.0,172.0,591,2553,3145,altitude,full,3675,-2,-2,HKJK,0.4,yes,06,high,roll,53.0,9,1.0,1,,3560.0,match,4119,22.6,150,5111,825,825,825,0,143.0,825,2171,2996,1123,10.0,,full,0,2
UR206-41ac818e.csv,UGD206,5X-EQU,2026-09-15 17:45,EBB,NBO,HUEN,1.3,yes,17,high,roll,171.0,8,1.1,4,,3554.9,match,3681,46,149,2433,2582,1099,37.0,165.0,640,2262,2901,altitude,full,3700,-2,-2,HKJK,0.2,yes,06,high,roll,54.0,4,0.0,0,,3600.0,match,4119,22.6,138,5089,239,239,239,0,138.0,,2051,2290,1829,11.0,,full,0,2
UR206-41b93ad1.csv,UGD206,5X-KOB,2026-09-18 18:31,EBB,NBO,HUEN,1.3,yes,17,high,roll,171.0,9,1.1,3,,3554.8,match,3681,46,131,2683,2814,867,28.0,170.0,543,2543,3085,altitude,full,3650,1,1,HKJK,0.0,yes,06,high,roll,53.0,10,1.0,8,,3560.0,match,4119,22.6,142,5070,868,868,868,0,130.0,,1420,2288,1831,8.0,,full,2,4
UR206-41c0d4cb.csv,UGD206,5X-KOB,2026-09-20 18:50,EBB,NBO,HUEN,1.2,yes,17,high,roll,171.0,11,1.1,11,,3555.8,match,3681,46,122,2766,2888,793,17.0,171.0,566,2605,3171,altitude,full,3675,0,0,HKJK,0.1,yes,06,high,roll,53.0,12,1.0,13,,3560.0,match,4119,22.6,148,5089,982,982,982,0,131.0,,1314,2296,1823,13.0,,full,-1,1
UR206-41c4349e.csv,UGD206,5X-KDP,2026-09-21 17:18,EBB,NBO,HUEN,1.3,yes,17,high,roll,171.0,7,1.1,1,,3557.0,match,3681,46,62,2672,2734,947,17.0,172.0,608,2430,3038,altitude,full,3725,1,1,HKJK,0.2,yes,06,high,roll,53.0,13,1.0,8,,3560.0,match,4119,22.6,142,5143,829,829,829,0,136.0,829,1455,2284,1835,12.0,,full,3,5
UR206-41c837bf.csv,UGD206,5X-KDP,2026-09-22 17:35,EBB,NBO,HUEN,1.3,yes,17,high,roll,171.0,14,1.1,3,,3554.9,match,3681,46,93,2702,2795,886,17.0,170.0,618,2486,3104,altitude,full,3700,-1,-1,HKJK,0.2,yes,06,high,roll,53.0,23,1.0,1,,3560.0,match,4119,22.6,142,5142,92,92,92,0,142.0,,2910,3002,1117,10.0,,full,-5,-2
UR206-41d4b294.csv,UGD206,5X-EQU,2026-09-25 17:54,EBB,NBO,HUEN,1.1,yes,17,high,roll,171.0,8,1.1,11,,3556.0,match,3681,46,125,3317,3442,239,24.0,185.0,593,3145,3738,altitude,full,,1,1,HKJK,0.1,yes,06,high,roll,53.0,12,1.0,13,,3560.0,match,4119,22.6,136,5165,883,883,883,0,122.0,,1414,2297,1823,11.0,,full,-1,1
UR206-41dcb77b.csv,UGD206,5X-EQU,2026-09-27 19:19,EBB,NBO,HUEN,1.1,yes,17,high,roll,171.0,11,1.1,2,,3555.2,match,3681,46,149,2867,3016,664,34.0,175.0,167,2933,3100,altitude,full,3725,-2,-2,HKJK,0.5,yes,06,high,roll,53.0,4,1.0,39,,3560.0,match,4119,22.6,146,5159,797,797,797,0,134.0,797,1499,2296,1824,10.0,,full,-6,-4
UR206-41e01fb8.csv,UGD206,5X-KOB,2026-09-28 17:28,EBB,NBO,HUEN,1.3,yes,17,high,roll,171.0,7,1.1,3,,3555.3,match,3681,46,143,2114,2257,1424,39.0,158.0,738,1888,2625,altitude,full,4475,1,1,HKJK,0.1,yes,06,high,roll,54.0,9,0.0,3,,3600.0,match,4119,22.6,138,5172,555,555,555,0,138.0,555,1733,2288,1831,11.0,,full,-6,-4
UR206-41e4c9eb.csv,UGD206,5X-KOB,2026-09-29 20:28,EBB,NBO,HUEN,1.3,yes,17,high,roll,171.0,9,1.1,1,,3555.7,match,3681,46,126,2734,2860,821,19.0,176.0,726,2497,3223,altitude,full,3675,-1,-1,HKJK,0.0,yes,06,high,roll,53.0,5,1.0,4,,3560.0,match,4119,22.6,131,5058,317,317,317,0,130.0,317,1971,2288,1831,13.0,,full,0,2
UR206-41f07068.csv,UGD206,,2026-10-02 17:52,EBB,NBO,HUEN,1.0,yes,17,high,roll,171.0,18,1.1,2,,3555.3,match,3681,46,102,2659,2761,920,21.0,174.0,228,2647,2875,altitude,full,3675,0,0,HKJK,0.5,yes,06,high,roll,53.0,3,1.0,2,,3560.0,match,4119,22.6,142,5156,653,653,653,0,141.0,653,1636,2289,1830,9.0,,full,-5,-3
UR206-41f881dd.csv,UGD206,,2026-10-04 20:41,EBB,NBO,HUEN,1.2,yes,17,high,roll,171.0,10,1.1,2,,3556.7,match,3681,46,90,3321,3412,269,15.0,180.0,820,3001,3822,altitude,full,3750,7,7,HKJK,0.0,yes,06,high,roll,53.0,5,1.0,4,,3560.0,match,4119,22.6,151,5124,440,-16,896,912,151.0,,1850,2290,1829,9.0,,full,3,5
UR207-4173413d.csv,UGD207D,ET-APL,2026-09-01 07:04,NBO,EBB,HKJK,1.0,yes,06,high,roll,53.0,14,1.0,3,,3560.0,match,4119,45,90,2070,2160,1959,15.0,163.0,773,1773,2546,altitude,full,4975,-4,-2,HUEN,0.6,yes,17,high,roll,168.0,17,4.1,12,,3435.9,match,3681,22.9,152,3634,65,65,65,0,152.0,,2860,2925,755,28.0,,full,0,0
UR207-4175b03e.csv,UGD207,ET-APL,2026-09-01 21:06,NBO,EBB,HKJK,1.0,yes,06,high,roll,53.0,17,1.0,6,,3560.0,match,4119,45,81,2286,2367,1753,15.0,168.0,598,2068,2666,altitude,full,4975,-7,-6,HUEN,0.7,yes,17,high,roll,171.0,13,1.1,12,,3554.4,match,3681,22.9,161,3667,193,193,193,0,162.0,949,2747,2940,741,27.0,1056,full,-3,-3
UR207-4181d8cb.csv,UGD207,5X-KDP,2026-09-04 19:56,NBO,EBB,HKJK,1.1,yes,06,high,roll,53.0,6,1.0,1,,3560.0,match,4119,45,95,3421,3515,604,23.0,170.0,1218,2906,4124,altitude,full,,0,1,HUEN,0.7,yes,17,high,roll,171.0,10,1.1,1,,3556.5,match,3681,22.9,143,3772,116,116,116,0,143.0,601,2820,2936,744,16.0,,full,3,3
UR207-41896043.csv,UGD207,5X-KOB,2026-09-06 19:53,NBO,EBB,HKJK,1.2,yes,06,high,roll,53.0,6,1.0,5,,3560.0,match,4119,45,65,3181,3246,873,15.0,175.0,1205,2644,3849,altitude,full,,-1,0,HUEN,0.7,yes,17,high,roll,171.0,18,1.1,8,,3557.1,match,3681,22.9,151,3710,519,519,519,0,149.0,519,2431,2950,731,9.0,,full,0,0
UR207-418d1ff2.csv,UGD207,5X-KOB,2026-09-07 20:07,NBO,EBB,HKJK,1.1,yes,06,high,roll,53.0,10,1.0,4,,3560.0,match,4119,45,119,3012,3131,988,28.0,171.0,1221,2520,3742,altitude,full,5025,-2,-1,HUEN,0.6,yes,17,high,roll,171.0,9,1.1,11,,3555.7,match,3681,22.9,141,3687,433,433,433,0,139.0,433,2511,2944,736,11.0,,full,-1,-1
UR207-419103e8.csv,UGD207,5X-EQU,2026-09-08 19:43,NBO,EBB,HKJK,1.0,yes,06,high,roll,53.0,16,1.0,1,,3560.0,match,4119,45,86,3030,3115,1004,21.0,173.0,1158,2536,3694,altitude,full,,3,4,HUEN,0.7,yes,17,high,roll,171.0,7,1.1,2,,3557.1,match,3681,22.9,148,3745,478,478,478,0,147.0,478,2477,2955,726,11.0,,full,5,5
UR207-419d83dc.csv,UGD207,5X-KDP,2026-09-11 19:56,NBO,EBB,HKJK,6.8,no,,,,,,,,,,,,,,,,,,,,,,,,,,,HUEN,0.7,yes,17,high,roll,171.0,8,1.1,2,,3554.3,match,3681,22.9,148,3706,517,517,517,0,143.0,1138,2422,2939,742,11.0,,full,-5,-5
UR207-41a50b65.csv,UGD207,5X-KOB,2026-09-13 19:52,NBO,EBB,HKJK,1.1,yes,06,high,roll,53.0,9,1.0,13,,3560.0,match,4119,45,98,3485,3584,536,15.0,180.0,1246,2961,4207,altitude,full,,-4,-3,HUEN,0.8,yes,17,high,roll,171.0,9,1.1,1,,3555.8,match,3681,22.9,150,3720,299,299,299,0,151.0,849,2650,2949,732,12.0,,full,1,1
UR207-41a8dbba.csv,UGD207,5X-KOB,2026-09-14 19:43,NBO,EBB,HKJK,1.1,yes,06,high,roll,53.0,6,1.0,4,,3560.0,match,4119,45,82,3189,3272,847,18.0,178.0,1216,2664,3880,altitude,full,,-1,0,HUEN,0.6,yes,17,high,roll,171.0,10,1.1,9,,3555.4,match,3681,22.9,143,3689,443,443,443,0,143.0,443,2481,2924,756,13.0,,full,1,1
UR207-41ad0af7.csv,UGD207,5X-EQU,2026-09-15 20:08,NBO,EBB,HKJK,1.1,yes,06,high,roll,53.0,8,1.0,4,,3560.0,match,4119,45,92,3367,3459,660,19.0,171.0,1142,2888,4030,altitude,full,,-15,-14,HUEN,0.7,yes,17,high,roll,171.0,12,1.1,10,,3555.7,match,3681,22.9,148,3760,512,433,591,158,147.0,591,2417,2929,752,9.0,,full,-1,-1
UR207-41b9b636.csv,UGD207,5X-KOB,2026-09-18 20:57,NBO,EBB,HKJK,1.2,yes,06,high,roll,53.0,10,1.0,4,,3560.0,match,4119,45,106,3326,3432,688,19.0,185.0,803,3030,3833,altitude,full,4975,-3,-2,HUEN,0.9,yes,17,high,roll,171.0,7,1.1,2,,3554.7,match,3681,22.9,150,3687,330,330,330,0,150.0,330,2607,2937,744,9.0,,full,-4,-4
UR207-41c1368c.csv,UGD207,5X-KOB,2026-09-20 20:57,NBO,EBB,HKJK,1.0,yes,06,high,roll,53.0,24,1.0,4,,3560.0,match,4119,45,94,3306,3400,719,17.0,175.0,1207,2796,4003,altitude,full,4975,-5,-4,HUEN,0.8,yes,17,high,roll,171.0,20,1.1,1,,3556.3,match,3681,22.9,153,3722,405,138,672,534,153.0,1191,2518,2923,758,15.0,,full,-5,-5
UR207-41c4b71a.csv,UGD207,5X-KDP,2026-09-21 19:43,NBO,EBB,HKJK,1.2,yes,06,high,roll,53.0,5,1.0,3,,3560.0,match,4119,45,198,3312,3511,608,44.0,173.0,1292,2865,4157,altitude,full,,-5,-4,HUEN,0.8,yes,17,high,roll,171.0,9,1.1,1,,3556.5,match,3681,22.9,156,3779,471,194,749,555,157.0,749,2459,2930,751,11.0,,full,3,3
UR207-41c8b8fc.csv,UGD207,5X-KDP,2026-09-22 19:57,NBO,EBB,HKJK,1.1,yes,06,high,roll,53.0,13,1.0,4,,3560.0,match,4119,45,100,3528,3628,491,19.0,176.0,1135,3060,4195,altitude,full,,0,1,HUEN,0.7,yes,17,high,roll,171.0,7,1.1,3,,3556.1,match,3681,22.9,149,3745,248,248,248,0,149.0,753,2664,2912,769,9.0,,full / track ends on the runway (roll is a lower bound),4,4
UR207-41d53375.csv,UGD207,5X-EQU,2026-09-25 19:58,NBO,EBB,HKJK,0.9,yes,06,high,roll,53.0,22,1.0,1,,3560.0,match,4119,45,148,2864,3012,1107,15.0,166.0,1210,2407,3617,altitude,full,5075,0,1,HUEN,0.7,yes,17,high,roll,171.0,7,1.1,2,,3555.9,match,3681,22.9,147,3728,427,427,427,0,146.0,933,2515,2942,738,11.0,,full,4,4
UR207-41dd12bf.csv,UGD207,5X-EQU,2026-09-27 21:10,NBO,EBB,HKJK,1.1,yes,06,high,roll,53.0,22,1.0,7,,3560.0,match,4119,45,107,2921,3027,1092,19.0,168.0,1209,2423,3632,altitude,full,5050,-3,-2,HUEN,0.9,yes,17,high,roll,171.0,7,1.1,2,,3555.6,match,3681,22.9,154,3748,158,158,158,0,154.0,843,2766,2924,756,13.0,,full,-2,-2
UR207-41e08fd3.csv,UGD207,5X-KOB,2026-09-28 19:34,NBO,EBB,HKJK,1.2,yes,06,high,roll,53.0,5,1.0,8,,3560.0,match,4119,45,181,3121,3303,816,41.0,173.0,1224,2691,3915,altitude,full,,-12,-11,HUEN,0.6,yes,17,high,roll,171.0,11,1.1,11,,3555.3,match,3681,22.9,142,3760,465,465,465,0,140.0,465,2464,2929,752,14.0,,full,-1,-1
UR207-41e5225e.csv,UGD207,5X-KOB,2026-09-29 22:13,NBO,EBB,HKJK,1.0,yes,06,high,roll,53.0,27,1.0,5,,3560.0,match,4119,45,113,3342,3454,665,25.0,176.0,1157,2876,4033,altitude,full,4975,-3,-2,HUEN,0.7,yes,17,high,roll,171.0,7,1.1,1,,3555.9,match,3681,22.9,154,3725,545,545,545,0,149.0,545,2379,2924,757,11.0,,full,-1,-1
UR207-41f0f239.csv,UGD207,,2026-10-02 20:03,NBO,EBB,HKJK,1.2,yes,06,high,roll,53.0,6,1.0,8,,3560.0,match,4119,45,86,3360,3446,673,19.0,176.0,1177,2858,4034,altitude,full,,-4,-3,HUEN,0.9,yes,17,high,roll,171.0,13,1.1,7,,3555.7,match,3681,22.9,156,3717,490,293,688,395,156.0,688,2433,2923,758,11.0,,full,1,1
UR208-3e8ba951.csv,UGD208,,2026-03-01 10:04,EBB,NBO,HUEN,1.2,yes,17,high,roll,171.0,8,1.1,7,,3555.9,match,3681,46,95,2287,2382,1299,16.0,161.0,563,2100,2663,altitude,full,4375,4,4,HKJK,0.0,yes,06,high,roll,54.0,11,0.0,1,,3600.0,,4119,22.6,138,5157,754,754,754,0,136.0,754,1542,2296,1823,20.0,,full,-1,1
UR208-417a1e38.csv,UGD208,5X-KDP,2026-09-02 22:20,EBB,NBO,HUEN,1.2,yes,17,high,roll,171.0,10,1.1,4,,3554.3,match,3681,46,119,2852,2971,710,21.0,178.0,679,2631,3311,altitude,full,3650,-2,-2,HKJK,0.2,yes,06,high,roll,53.0,15,1.0,6,,3560.0,match,4119,22.6,152,5063,542,457,626,168,151.0,307,1746,2288,1831,6.0,,full,3,5
UR208-417e2cfc.csv,UGD208,5X-KDP,2026-09-03 22:12,EBB,NBO,HUEN,1.3,yes,17,high,roll,171.0,16,1.1,10,,3555.6,match,3681,46,112,2760,2872,809,20.0,174.0,179,2782,2961,altitude,full,3675,3,3,HKJK,0.0,yes,06,high,roll,53.0,8,1.0,1,,3560.0,match,4119,22.6,138,5139,754,754,754,0,131.0,754,1528,2282,1837,9.0,,full,0,2
UR208-41862a43.csv,UGD208,5X-KDP,2026-09-05 22:10,EBB,NBO,HUEN,1.2,yes,17,high,roll,172.0,8,0.1,21,,3595.0,match,3681,46,142,2558,2700,981,21.0,170.0,600,2400,3000,altitude,full,3725,-3,-3,HKJK,0.0,yes,06,high,roll,53.0,5,1.0,2,,3560.0,match,4119,22.6,142,5093,101,101,101,0,142.0,,2187,2288,1831,11.0,,full,1,4
UR208-4189c9e6.csv,UGD208,5X-KOB,2026-09-06 22:22,EBB,NBO,HUEN,1.2,yes,17,high,roll,171.0,12,1.1,6,,3556.0,match,3681,46,90,2737,2827,853,15.0,173.0,653,2501,3154,altitude,full,3625,1,1,HKJK,0.5,yes,06,high,roll,53.0,5,1.0,2,,3560.0,match,4119,22.6,147,5052,471,12,929,917,147.0,929,1831,2302,1817,7.0,,full / track ends on the runway (roll is a lower bound),-1,1
UR208-418d864b.csv,UGD208,5X-KOB,2026-09-07 22:13,EBB,NBO,HUEN,1.2,yes,17,high,roll,171.0,18,1.1,6,,3556.2,match,3681,46,120,2697,2816,865,20.0,173.0,176,2728,2904,altitude,full,3600,12,12,HKJK,0.0,yes,06,high,roll,53.0,15,1.0,1,,3560.0,match,4119,22.6,141,5064,407,407,407,0,141.0,407,1878,2285,1834,8.0,,full,1,3
UR208-419596f7.csv,UGD208,5X-KDP,2026-09-09 22:10,EBB,NBO,HUEN,1.1,yes,17,high,roll,171.0,10,1.1,10,,3555.2,match,3681,46,109,2618,2726,954,15.0,169.0,727,2363,3090,altitude,full,4050,7,7,HKJK,0.5,yes,06,high,roll,53.0,8,1.0,1,,3560.0,match,4119,22.6,141,5066,552,101,1004,903,141.0,1004,2452,3004,1115,8.0,,full,0,2
UR208-4199c0af.csv,UGD208,5X-KDP,2026-09-10 22:19,EBB,NBO,HUEN,1.1,yes,17,high,roll,171.0,12,1.1,3,,3554.5,match,3681,46,97,2506,2603,1078,24.0,167.0,638,2283,2922,altitude,full,3900,-3,-3,HKJK,0.6,yes,06,high,roll,53.0,22,1.0,1,,3560.0,match,4119,22.6,152,5062,527,433,620,187,151.0,620,2475,3002,1117,9.0,,full,1,3
UR208-41a1f1b5.csv,UGD208,5X-EQU,2026-09-12 22:11,EBB,NBO,HUEN,1.2,yes,17,high,roll,171.0,11,1.1,6,,3555.4,match,3681,46,97,2353,2449,1231,15.0,169.0,611,2144,2755,altitude,full,3650,2,2,HKJK,0.0,yes,06,high,roll,53.0,14,1.0,1,,3560.0,match,4119,22.6,136,5083,416,416,416,0,136.0,922,1862,2278,1841,9.0,,full / track ends on the runway (roll is a lower bound),-2,0
UR208-41a571ea.csv,UGD208,5X-KOB,2026-09-13 22:09,EBB,NBO,HUEN,1.3,yes,17,high,roll,172.0,8,0.1,18,,3595.5,match,3681,46,221,2547,2767,913,44.0,169.0,792,2371,3163,altitude,full,3625,-1,-1,HKJK,0.0,yes,06,high,roll,53.0,13,1.0,3,,3560.0,match,4119,22.6,142,5056,668,668,668,0,139.0,668,1620,2288,1831,12.0,,full,0,2
UR208-41a9522d.csv,UGD208,5X-KOB,2026-09-14 22:03,EBB,NBO,HUEN,1.1,yes,17,high,roll,171.0,15,1.1,4,,3554.9,match,3681,46,92,2534,2625,1055,19.0,171.0,779,2236,3015,altitude,full,4025,1,1,HKJK,0.0,yes,06,high,roll,54.0,8,0.0,18,,3600.0,match,4119,22.6,141,5030,195,195,195,0,141.0,346,2100,2295,1824,9.0,,full,-6,-4
UR208-41b1befa.csv,UGD208,ET-APL,2026-09-16 22:58,EBB,NBO,HUEN,1.2,yes,17,high,roll,171.0,16,1.1,3,,3555.6,match,3681,46,141,2591,2732,949,20.0,172.0,225,2620,2845,altitude,full,3625,-4,-4,HKJK,0.1,yes,06,high,roll,53.0,30,1.0,1,,3560.0,match,4119,22.6,152,5038,710,710,710,0,149.0,710,2294,3004,1115,10.0,,full,-1,1
UR208-41b5cc6c.csv,UGD208,5X-EQU,2026-09-17 22:25,EBB,NBO,HUEN,1.2,yes,17,high,roll,171.0,9,1.1,2,,3555.6,match,3681,46,111,3054,3166,515,15.0,178.0,634,2849,3482,altitude,full,3600,2,2,HKJK,0.3,yes,06,high,roll,53.0,21,1.0,3,,3560.0,match,4119,22.6,153,5055,438,438,438,0,152.0,438,2562,3000,1120,8.0,,full,-5,-3
UR208-41bddb17.csv,UGD208,5X-KOB,2026-09-19 21:54,EBB,NBO,HUEN,1.2,yes,17,high,roll,171.0,14,1.1,5,,3555.3,match,3681,46,127,2338,2465,1216,27.0,178.0,592,2169,2761,altitude,full,4625,6,6,HKJK,0.3,yes,06,high,roll,53.0,20,1.0,2,,3560.0,match,4119,22.6,136,5039,677,677,677,0,130.0,677,1604,2281,1838,11.0,,full,0,2
UR208-41c52e98.csv,UGD208,5X-KDP,2026-09-21 22:16,EBB,NBO,HUEN,1.2,yes,17,high,roll,171.0,16,1.1,10,,3556.7,match,3681,46,236,2276,2511,1169,47.0,170.0,184,2419,2604,altitude,full,3650,4,4,HKJK,0.2,yes,06,high,roll,53.0,17,1.0,3,,3560.0,match,4119,22.6,138,5093,104,104,104,0,138.0,,2182,2286,1833,10.0,,full,-3,0
UR208-41cd42ae.csv,UGD208,5X-KOB,2026-09-23 22:17,EBB,NBO,HUEN,1.1,yes,17,high,roll,171.0,15,1.1,10,,3555.5,match,3681,46,94,2733,2827,853,16.0,178.0,174,2740,2915,altitude,full,3575,13,13,HKJK,0.3,yes,06,high,roll,53.0,5,1.0,3,,3560.0,match,4119,22.6,141,5062,776,776,776,0,135.0,776,1517,2293,1826,8.0,,full,-3,-1
UR208-41d1676e.csv,UGD208,5X-EQU,2026-09-24 22:13,EBB,NBO,HUEN,1.1,yes,17,high,roll,171.0,16,1.1,3,,3554.6,match,3681,46,111,3002,3113,568,16.0,182.0,272,2977,3249,altitude,full,3600,-1,-1,HKJK,0.1,yes,06,high,roll,53.0,10,1.0,0,,3560.0,match,4119,22.6,149,5052,616,616,616,0,147.0,616,2386,3002,1117,8.0,,full,1,3
UR208-41d99e43.csv,UGD208,5X-KDP,2026-09-26 22:10,EBB,NBO,HUEN,1.3,yes,17,high,roll,171.0,9,1.1,3,,3554.7,match,3681,46,111,2541,2652,1028,15.0,171.0,648,2328,2976,altitude,full,3700,-3,-3,HKJK,0.4,yes,06,high,roll,53.0,3,1.0,2,,3560.0,match,4119,22.6,142,5115,702,702,702,0,138.0,702,1585,2287,1832,12.0,,full,-1,1
UR208-41dd6c0c.csv,UGD208,5X-EQU,2026-09-27 23:22,EBB,NBO,HUEN,1.2,yes,17,high,roll,171.0,7,1.1,2,,3555.9,match,3681,46,224,1922,2147,1534,40.0,154.0,730,1781,2512,altitude,full,3675,-1,-1,HKJK,0.0,yes,06,high,roll,53.0,6,1.0,1,,3560.0,match,4119,22.6,142,5107,192,192,192,0,141.0,192,2096,2288,1831,15.0,,full,-2,0
UR208-41e10850.csv,UGD208,5X-EQU,2026-09-28 22:01,EBB,NBO,HUEN,1.3,yes,17,high,roll,171.0,8,1.1,17,,3556.7,match,3681,46,169,2500,2670,1011,44.0,170.0,756,2292,3048,altitude,full,3675,2,2,HKJK,0.4,yes,06,high,roll,53.0,3,1.0,6,,3560.0,match,4119,22.6,140,5081,786,786,786,0,132.0,786,1508,2294,1825,10.0,,full,-8,-6
UR208-41e92968.csv,UGD208,,2026-09-30 22:02,EBB,NBO,HUEN,1.2,yes,17,high,roll,171.0,7,1.1,4,,3554.4,match,3681,46,129,2969,3097,583,20.0,175.0,671,2762,3433,altitude,full,3675,-5,-5,HKJK,0.2,yes,06,high,roll,53.0,4,1.0,6,,3560.0,match,4119,22.6,141,5089,246,246,246,0,140.0,,2051,2297,1822,7.0,,full,-6,-4
UR208-41ed489c.csv,UGD208,,2026-10-01 22:15,EBB,NBO,HUEN,1.6,yes,35,high,roll,351.0,23,1.1,3,,3556.1,match,3681,46,161,2403,2564,1117,36.0,169.0,193,2468,2661,altitude,full,3600,-1,0,HKJK,0.1,yes,06,high,roll,53.0,7,1.0,5,,3560.0,match,4119,22.6,140,5055,188,188,188,0,140.0,188,2100,2288,1831,9.0,,full,-5,-3
UR208-41f5271f.csv,UGD208,,2026-10-03 21:48,EBB,NBO,HUEN,1.2,yes,17,high,roll,171.0,24,1.1,6,,3555.6,match,3681,46,71,2495,2566,1115,15.0,173.0,171,2480,2651,altitude,full,3650,8,8,HKJK,0.2,yes,06,high,roll,53.0,20,1.0,6,,3560.0,match,4119,22.6,131,5081,767,767,767,0,119.0,,1520,2287,1832,9.0,,full,-9,-7
UR209-3e8bda7f.csv,UGD209,,2026-03-01 11:59,NBO,EBB,HKJK,1.2,yes,06,high,roll,53.0,10,1.0,1,,3560.0,,4119,45,117,3232,3349,770,15.0,156.0,1038,2830,3868,altitude,full,6225,-6,-5,HUEN,0.6,yes,17,high,roll,171.0,12,1.1,10,,3555.9,match,3681,22.9,132,3730,465,465,465,0,132.0,465,2470,2935,746,17.0,,full,-1,-1
UR209-416ac5e5.csv,UGD209,,2026-08-30 00:16,NBO,EBB,HKJK,1.2,yes,06,high,roll,54.0,11,0.0,2,,3600.0,,4119,45,217,2843,3060,1059,47.0,177.0,798,2661,3459,altitude,full,4950,3,4,HUEN,0.9,yes,17,high,roll,171.0,13,1.1,9,,3555.3,match,3681,22.9,150,3710,371,371,371,0,149.0,1046,2574,2945,736,11.0,,full,1,1
UR209-417a83ba.csv,UGD209,5X-KDP,2026-09-03 00:35,NBO,EBB,HKJK,0.9,yes,06,high,roll,53.0,14,1.0,1,,3560.0,match,4119,45,99,3247,3346,773,19.0,175.0,1352,2670,4022,altitude,full,,-2,-1,HUEN,0.8,yes,17,high,roll,171.0,9,1.1,1,,3556.9,match,3681,22.9,152,3765,438,438,438,0,151.0,1083,2499,2937,744,9.0,,full,0,0
UR209-417e92a9.csv,UGD209,5X-KDP,2026-09-04 00:23,NBO,EBB,HKJK,1.2,yes,06,high,roll,53.0,6,1.0,1,,3560.0,match,4119,45,80,3357,3437,682,17.0,179.0,1244,2815,4059,altitude,full,,3,4,HUEN,1.0,yes,17,high,roll,171.0,8,1.1,1,,3556.1,match,3681,22.9,155,3763,327,70,584,514,155.0,584,2617,2944,737,9.0,,full,0,0
UR209-41868450.csv,UGD209,5X-KDP,2026-09-06 00:30,NBO,EBB,HKJK,1.2,yes,06,high,roll,53.0,5,1.0,3,,3560.0,match,4119,45,83,3483,3566,553,17.0,170.0,1146,2993,4139,altitude,full,5750,-5,-4,HUEN,0.8,yes,17,high,roll,171.0,7,1.1,1,,3556.6,match,3681,22.9,160,3786,215,215,215,0,159.0,800,2682,2897,783,9.0,,full / track ends on the runway (roll is a lower bound),1,1
UR209-418a175e.csv,UGD209,5X-KOB,2026-09-07 00:24,NBO,EBB,HKJK,1.1,yes,06,high,roll,53.0,9,1.0,5,,3560.0,match,4119,45,108,2910,3019,1100,22.0,174.0,1258,2390,3648,altitude,full,4975,-2,-1,HUEN,0.7,yes,17,high,roll,171.0,7,1.1,1,,3556.7,match,3681,22.9,149,3699,274,274,274,0,148.0,942,2626,2900,781,11.0,,full / track ends on the runway (roll is a lower bound),3,3
UR209-418de625.csv,UGD209,5X-KOB,2026-09-08 00:22,NBO,EBB,HKJK,1.2,yes,06,high,roll,54.0,9,0.0,3,,3600.0,match,4119,45,74,3447,3521,598,16.0,179.0,1207,2918,4124,altitude,full,4975,2,3,HUEN,0.9,yes,17,high,roll,171.0,7,1.1,2,,3556.3,match,3681,22.9,151,3716,289,289,289,0,152.0,1433,2660,2949,732,10.0,,full,5,5
UR209-4196031c.csv,UGD209,5X-KDP,2026-09-10 00:29,NBO,EBB,HKJK,1.1,yes,06,high,roll,53.0,10,1.0,7,,3560.0,match,4119,45,113,3351,3465,654,17.0,177.0,1241,2844,4085,altitude,full,,-8,-7,HUEN,0.7,yes,17,high,roll,171.0,24,1.1,1,,3555.7,match,3681,22.9,149,3721,259,259,259,0,148.0,1301,3386,3645,36,8.0,,full,1,1
UR209-419a2656.csv,UGD209,5X-KDP,2026-09-11 00:26,NBO,EBB,HKJK,1.2,yes,06,high,roll,53.0,11,1.0,7,,3560.0,match,4119,45,81,3504,3585,534,20.0,186.0,1180,2995,4175,altitude,full,4975,0,1,HUEN,0.9,yes,17,high,roll,171.0,8,1.1,19,,3556.6,match,3681,22.9,156,3725,438,438,438,0,155.0,1086,2505,2943,737,11.0,,full,0,0
UR209-41a248bd.csv,UGD209,5X-EQU,2026-09-13 00:24,NBO,EBB,HKJK,1.0,yes,06,high,roll,53.0,10,1.0,14,,3560.0,match,4119,45,107,3540,3647,472,22.0,178.0,1159,3067,4226,altitude,full,,8,9,HUEN,0.8,yes,17,high,roll,171.0,8,1.1,1,,3556.8,match,3681,22.9,155,3747,151,151,151,0,155.0,831,2739,2890,791,8.0,,full / track ends on the runway (roll is a lower bound),1,1
UR209-41a5c15c.csv,UGD209,5X-KOB,2026-09-14 00:06,NBO,EBB,HKJK,1.3,yes,06,high,roll,53.0,5,1.0,3,,3560.0,match,4119,45,156,3093,3250,870,35.0,167.0,1090,2704,3795,altitude,full,,5,6,HUEN,0.7,yes,17,high,roll,171.0,8,1.1,2,,3556.6,match,3681,22.9,145,3701,421,182,660,478,145.0,660,2525,2946,734,13.0,,full,0,0
UR209-41a9a5f8.csv,UGD209,5X-KOB,2026-09-14 23:51,NBO,EBB,HKJK,1.3,yes,06,high,roll,53.0,6,1.0,3,,3560.0,match,4119,45,150,2120,2270,1849,37.0,164.0,739,1901,2639,altitude,full,4975,-1,1,HUEN,0.6,yes,17,high,roll,171.0,10,1.1,1,,3556.4,match,3681,22.9,131,3682,182,182,182,0,133.0,745,2763,2945,736,15.0,,full,0,0
UR209-41b21e7f.csv,UGD209,ET-APL,2026-09-17 00:52,NBO,EBB,HKJK,0.9,yes,06,high,roll,53.0,22,1.0,1,,3560.0,match,4119,45,178,2225,2403,1717,22.0,166.0,354,2226,2579,altitude,full,5000,0,1,HUEN,0.6,yes,17,high,roll,171.0,9,1.1,1,,3556.7,match,3681,22.9,146,3697,146,146,146,0,147.0,,2797,2943,738,18.0,1062,full,0,0
UR209-41b64e88.csv,UGD209,5X-EQU,2026-09-18 01:06,NBO,EBB,HKJK,1.0,yes,06,high,roll,53.0,12,1.0,3,,3560.0,match,4119,45,82,3401,3483,636,18.0,183.0,1172,2898,4069,altitude,full,5025,-1,0,HUEN,0.8,yes,17,high,roll,171.0,15,1.1,1,,3556.3,match,3681,22.9,149,3741,443,443,443,0,150.0,443,2488,2931,750,10.0,3026,full,1,1
UR209-41be365c.csv,UGD209,5X-KOB,2026-09-20 00:12,NBO,EBB,HKJK,1.1,yes,06,high,roll,53.0,7,1.0,2,,3560.0,match,4119,45,112,2792,2903,1216,23.0,174.0,787,2509,3297,altitude,full,,0,1,HUEN,0.7,yes,17,high,roll,171.0,8,1.1,1,,3555.9,match,3681,22.9,153,3697,267,267,267,0,152.0,906,2687,2954,726,12.0,,full,-2,-2
UR209-41c58ffa.csv,UGD209,5X-KDP,2026-09-22 00:28,NBO,EBB,HKJK,1.0,yes,06,high,roll,53.0,14,1.0,2,,3560.0,match,4119,45,108,3332,3441,678,27.0,172.0,1258,2812,4070,altitude,full,,7,8,HUEN,0.6,yes,17,high,roll,171.0,22,1.1,1,,3556.3,match,3681,22.9,141,3778,245,18,473,456,141.0,473,2693,2938,743,8.0,,full,0,0
UR209-41cd9edc.csv,UGD209,5X-KOB,2026-09-24 00:14,NBO,EBB,HKJK,1.2,yes,06,high,roll,53.0,5,1.0,5,,3560.0,match,4119,45,200,3159,3359,760,44.0,171.0,1167,2776,3942,altitude,full,,5,6,HUEN,0.6,yes,17,high,roll,171.0,21,1.1,5,,3555.4,match,3681,22.9,151,3683,352,272,433,160,150.0,272,2602,2954,727,10.0,,full,-2,-2
UR209-41d1cb47.csv,UGD209,5X-EQU,2026-09-25 00:12,NBO,EBB,HKJK,1.2,yes,06,high,roll,53.0,7,1.0,1,,3560.0,match,4119,45,74,2743,2817,1302,15.0,177.0,594,2520,3114,altitude,full,4975,-2,-1,HUEN,0.6,yes,17,high,roll,171.0,8,1.1,1,,3555.8,match,3681,22.9,147,3703,293,293,293,0,147.0,923,2615,2908,772,9.0,,full / track ends on the runway (roll is a lower bound),-4,-4
UR209-41d9ef18.csv,UGD209,5X-KDP,2026-09-27 00:13,NBO,EBB,HKJK,1.2,yes,06,high,roll,53.0,10,1.0,3,,3560.0,match,4119,45,122,3471,3593,526,22.0,172.0,1143,3021,4164,altitude,full,,9,10,HUEN,0.9,yes,17,high,roll,172.0,8,0.1,18,,3596.7,match,3681,22.9,150,3803,483,483,483,0,148.0,483,2469,2952,729,11.0,,full,0,0
UR209-41ddc3bb.csv,UGD209,5X-EQU,2026-09-28 01:24,NBO,EBB,HKJK,1.1,yes,06,high,roll,53.0,13,1.0,2,,3560.0,match,4119,45,95,3539,3634,485,19.0,170.0,1178,3045,4223,altitude,full,5675,-5,-4,HUEN,0.8,yes,17,high,roll,171.0,17,1.1,1,,3555.9,match,3681,22.9,149,3749,324,324,324,0,150.0,813,2607,2931,750,15.0,,full,0,0
UR209-41e16155.csv,UGD209,5X-EQU,2026-09-28 23:55,NBO,EBB,HKJK,1.2,yes,06,high,roll,53.0,5,1.0,5,,3560.0,match,4119,45,204,3319,3523,596,46.0,166.0,1120,2963,4083,altitude,full,5850,-11,-10,HUEN,0.7,yes,17,high,roll,171.0,15,1.1,2,,3554.5,match,3681,22.9,147,3747,381,381,381,0,147.0,865,2543,2924,757,15.0,,full,-2,-2
UR209-41e99651.csv,UGD209,,2026-10-01 00:14,NBO,EBB,HKJK,1.2,yes,06,high,roll,54.0,5,0.0,7,,3600.0,match,4119,45,234,3331,3565,554,42.0,172.0,1142,2994,4136,altitude,full,,20,21,HUEN,0.7,yes,17,high,roll,171.0,8,1.1,19,,3555.8,match,3681,22.9,140,3751,443,443,443,0,142.0,443,2485,2928,753,12.0,,full,0,0
UR209-41eda850.csv,UGD209,,2026-10-02 00:18,NBO,EBB,HKJK,1.3,yes,06,high,roll,53.0,8,1.0,3,,3560.0,match,4119,45,148,3003,3151,968,35.0,174.0,1119,2591,3711,altitude,full,4975,-1,0,HUEN,0.9,yes,35,high,roll,351.0,14,1.1,1,,3556.9,match,3681,22.9,137,3665,146,146,146,0,137.0,732,2926,3072,609,8.0,,full,4,5
UR209-41f57df7.csv,UGD209,,2026-10-04 00:00,NBO,EBB,HKJK,1.2,yes,06,high,roll,53.0,6,1.0,4,,3560.0,match,4119,45,168,2932,3100,1019,43.0,166.0,1107,2546,3654,altitude,full,,1,2,HUEN,0.8,yes,17,high,roll,171.0,8,1.1,3,,3555.9,match,3681,22.9,157,3764,213,213,213,0,156.0,1249,2717,2930,751,15.0,,full,0,0
UR320-416c35db.csv,UGD320,,2026-08-30 11:55,EBB,DAR,HUEN,1.3,yes,17,high,roll,171.0,9,1.1,3,,3555.7,match,3681,46,90,2760,2850,830,15.0,162.0,760,2470,3230,altitude,full,3575,6,6,HTDA,3.5,no,05,medium,approach-alignment,44.7,1,0.3,3,,3586.0,,,,,,,,,,,,,,,,,,,
UR320-4173e8c5.csv,UGD320,5X-KOB,2026-09-01 11:49,EBB,DAR,HUEN,1.4,yes,17,high,roll,172.0,11,0.1,7,,3597.2,match,3681,46,146,2145,2291,1390,34.0,159.0,204,2189,2393,altitude,full,3550,6,6,HTDA,4.5,no,23,medium,approach-alignment,224.9,1,0.1,7,,3595.7,,,,,,,,,,,,,,,,,,,
UR320-4187e58c.csv,UGD320,5X-KOB,2026-09-06 12:01,EBB,DAR,HUEN,1.2,yes,17,high,roll,172.0,15,0.1,3,,3597.4,match,3681,46,101,2892,2994,687,19.0,177.0,200,2894,3094,altitude,full,3600,8,8,HTDA,3.6,no,23,medium,approach-alignment,224.9,1,0.1,0,,3594.7,,,,,,,,,,,,,,,,,,,
UR320-418b7e9a.csv,UGD320,5X-KOB,2026-09-07 11:38,EBB,DAR,HUEN,1.2,yes,17,high,roll,171.0,17,1.1,1,,3556.3,match,3681,46,219,2703,2923,758,48.0,170.0,700,2573,3273,altitude,full,3525,5,5,HTDA,3.9,no,05,medium,approach-alignment,44.5,1,0.5,11,,3581.4,match,,,,,,,,,,,,,,,,,,
UR320-418f6b4e.csv,UGD320,5X-EQU,2026-09-08 11:36,EBB,DAR,HUEN,1.3,yes,17,high,roll,171.0,13,1.1,3,,3557.6,match,3681,46,100,2423,2523,1158,19.0,169.0,804,2121,2925,altitude,full,4075,7,7,HTDA,3.4,no,23,medium,approach-alignment,225.0,1,0.0,10,,3599.4,,,,,,,,,,,,,,,,,,,
UR320-41a3a9e7.csv,UGD320,5X-KOB,2026-09-13 12:00,EBB,DAR,HUEN,1.3,yes,17,high,roll,171.0,11,1.1,9,,3555.3,match,3681,46,150,2755,2905,776,42.0,174.0,203,2804,3006,altitude,full,3575,-4,-4,HTDA,3.8,no,05,medium,approach-alignment,44.7,1,0.3,6,,3589.3,,,,,,,,,,,,,,,,,,,
UR320-41a74223.csv,UGD320,5X-KOB,2026-09-14 11:36,EBB,DAR,HUEN,1.3,yes,17,high,roll,172.0,6,0.1,3,,3597.5,match,3681,46,140,2223,2363,1318,38.0,165.0,711,2007,2718,altitude,full,3550,1,1,HTDA,3.6,no,05,medium,approach-alignment,44.9,1,0.1,13,,3594.6,,,,,,,,,,,,,,,,,,,
UR320-41ab6437.csv,UGD320,5X-EQU,2026-09-15 12:09,EBB,DAR,HUEN,1.2,yes,17,high,roll,172.0,15,0.1,4,,3597.2,match,3681,46,104,2615,2719,962,19.0,170.0,167,2636,2802,altitude,full,3600,4,4,HTDA,3.6,no,05,medium,approach-alignment,44.7,1,0.3,7,,3589.3,,,,,,,,,,,,,,,,,,,
UR320-41c00890.csv,UGD320,5X-KDP,2026-09-20 14:45,EBB,DAR,HUEN,1.2,yes,17,high,roll,171.0,10,1.1,11,,3556.0,match,3681,46,110,2406,2516,1165,17.0,167.0,182,2425,2607,altitude,full,3650,0,0,HTDA,3.5,no,23,medium,approach-alignment,225.5,1,0.5,16,,3581.9,,,,,,,,,,,,,,,,,,,
UR320-41c32e3c.csv,UGD320,5X-KDP,2026-09-21 11:31,EBB,DAR,HUEN,1.3,yes,17,high,roll,171.0,7,1.1,3,,3557.4,match,3681,46,100,2559,2659,1022,16.0,163.0,571,2374,2944,altitude,full,3625,3,3,HTDA,3.5,no,23,medium,approach-alignment,224.5,1,0.5,2,,3578.9,,,,,,,,,,,,,,,,,,,
UR320-41c723d3.csv,UGD320,5X-KDP,2026-09-22 11:54,EBB,DAR,HUEN,1.3,yes,17,high,roll,171.0,8,1.1,5,,3557.3,match,3681,46,197,2477,2674,1006,39.0,167.0,577,2386,2963,altitude,full,3650,7,7,HTDA,3.7,no,23,medium,approach-alignment,224.6,1,0.4,0,,3585.8,,,,,,,,,,,,,,,,,,,
UR320-41df0915.csv,UGD320,5X-KOB,2026-09-28 11:24,EBB,DAR,HUEN,1.2,yes,17,high,roll,171.0,11,1.1,11,,3556.2,match,3681,46,89,2777,2866,815,21.0,178.0,657,2537,3195,altitude,full,3625,1,1,HTDA,3.6,no,05,medium,approach-alignment,44.7,1,0.3,2,,3587.1,match,,,,,,,,,,,,,,,,,,
UR320-41e30e1b.csv,UGD320,5X-KOB,2026-09-29 11:45,EBB,DAR,HUEN,1.8,yes,35,high,roll,351.0,7,1.1,2,,3556.7,match,3681,46,93,2821,2914,767,16.0,169.0,737,2545,3282,altitude,full,3550,5,6,HTDA,3.4,no,05,medium,approach-alignment,44.8,1,0.2,9,,3592.5,,,,,,,,,,,,,,,,,,,
UR320-41f7c66c.csv,UGD320,,2026-10-04 16:57,EBB,DAR,HUEN,1.3,yes,17,high,roll,172.0,7,0.1,3,,3596.5,match,3681,46,193,2276,2469,1211,39.0,160.0,663,2138,2801,altitude,full,3750,-2,-2,HTDA,3.4,no,05,medium,approach-alignment,45.6,1,0.6,18,,3576.1,,,,,,,,,,,,,,,,,,,
UR321-4174518e.csv,UGD321,5X-KOB,2026-09-01 14:23,DAR,EBB,HTDA,1.5,yes,23,medium,climb-heading,231.0,8,6.0,103,,3360.0,,,,,,,,,,,,,,,,,,HUEN,0.6,yes,17,high,roll,171.0,11,1.1,2,,3555.5,match,3681,22.9,141,3694,120,120,120,0,141.0,963,2830,2950,731,23.0,,full,2,2
UR321-418856b0.csv,UGD321,5X-KOB,2026-09-06 14:49,DAR,EBB,HTDA,0.6,yes,05,medium,climb-heading,42.0,9,3.0,185,,3480.0,match,,,,,,,,,,,,,,,,,HUEN,0.7,yes,17,high,roll,171.0,16,1.1,9,,3556.1,match,3681,22.9,145,3755,366,366,366,0,144.0,366,2574,2940,741,11.0,,full,0,0
UR321-418be466.csv,UGD321,5X-KOB,2026-09-07 14:18,DAR,EBB,HTDA,1.5,yes,05,medium,climb-heading,43.0,10,2.0,37,,3520.0,match,,,,,,,,,,,,,,,,,HUEN,0.6,yes,17,high,roll,171.0,11,1.1,5,,3555.4,match,3681,22.9,135,3744,194,-40,428,468,135.0,428,2760,2954,727,12.0,,full,3,3
UR321-418fd0ec.csv,UGD321,5X-EQU,2026-09-08 14:16,DAR,EBB,HTDA,1.5,yes,23,low,climb-heading,271.0,23,46.0,82,,1760.0,,,,,,,,,,,,,,,,,,HUEN,0.6,yes,17,high,roll,171.0,11,1.1,4,,3556.9,match,3681,22.9,141,3746,56,-23,135,158,141.0,,2897,2953,728,10.0,,full,3,3
UR321-41a40914.csv,UGD321,5X-KOB,2026-09-13 14:33,DAR,EBB,HTDA,1.2,yes,05,medium,climb-heading,45.0,10,0.0,191,,3600.0,match,,,,,,,,,,,,,,,,,HUEN,0.8,yes,17,high,roll,171.0,8,1.1,1,,3555.2,match,3681,22.9,145,3767,105,105,105,0,145.0,1338,2840,2945,736,15.0,,full,0,0
UR321-41a7ac25.csv,UGD321,5X-KOB,2026-09-14 14:17,DAR,EBB,HTDA,0.6,yes,05,medium,climb-heading,42.0,10,3.0,184,,3480.0,,,,,,,,,,,,,,,,,,HUEN,0.7,yes,17,high,roll,171.0,8,1.1,2,,3556.6,match,3681,22.9,138,3712,235,235,235,0,138.0,828,2707,2942,739,11.0,,full,4,4
UR321-41abde8c.csv,UGD321,5X-EQU,2026-09-15 15:04,DAR,EBB,HTDA,1.5,yes,05,medium,climb-heading,42.0,11,3.0,101,,3480.0,,,,,,,,,,,,,,,,,,HUEN,0.6,yes,17,high,roll,171.0,14,1.1,1,,3556.2,match,3681,22.9,142,3776,455,289,622,332,142.0,622,2490,2945,736,10.0,,full,-1,-1
UR321-41c08b8e.csv,UGD321,5X-KDP,2026-09-20 17:24,DAR,EBB,HTDA,1.4,yes,23,medium,climb-heading,225.0,9,0.0,5,,3600.0,,,,,,,,,,,,,,,,,,HUEN,0.6,yes,17,high,roll,171.0,8,1.1,2,,3554.6,match,3681,22.9,140,3747,138,138,138,0,140.0,775,2800,2938,743,10.0,,full,-5,-5
UR321-41c390fe.csv,UGD321,5X-KDP,2026-09-21 14:10,DAR,EBB,HTDA,1.5,yes,05,medium,climb-heading,45.0,19,0.0,83,,3600.0,,,,,,,,,,,,,,,,,,HUEN,0.6,yes,17,high,roll,171.0,10,1.1,3,,3557.2,match,3681,22.9,136,3819,120,120,120,0,136.0,567,2835,2955,726,10.0,,full,7,7
UR321-41c78c36.csv,UGD321,5X-KDP,2026-09-22 14:31,DAR,EBB,HTDA,1.5,yes,05,medium,climb-heading,45.0,14,0.0,98,,3600.0,,,,,,,,,,,,,,,,,,HUEN,0.8,yes,17,high,roll,171.0,13,1.1,1,,3555.7,match,3681,22.9,153,3804,340,28,652,624,153.0,652,2618,2958,722,9.0,,full,1,1
UR321-41df7645.csv,UGD321,5X-KOB,2026-09-28 14:14,DAR,EBB,HTDA,4.6,no,05,medium,climb-alignment,44.7,1,0.3,10,,3587.5,match,,,,,,,,,,,,,,,,,HUEN,0.6,yes,17,high,roll,171.0,13,1.1,1,,3555.6,match,3681,22.9,144,3791,85,85,85,0,144.0,631,2846,2931,750,10.0,,full,-1,-1
UR321-41e3771f.csv,UGD321,5X-KOB,2026-09-29 14:27,DAR,EBB,HTDA,1.5,yes,05,medium,climb-heading,41.0,7,4.0,110,,3440.0,,,,,,,,,,,,,,,,,,HUEN,0.8,yes,35,high,roll,351.0,14,1.1,1,,3556.0,match,3681,22.9,152,3715,106,106,106,0,152.0,743,2968,3074,607,13.0,,full,-2,-1
UR321-41f85400.csv,UGD321,,2026-10-04 19:44,DAR,EBB,HTDA,0.4,yes,05,medium,climb-heading,39.0,8,6.0,183,,3360.0,match,,,,,,,,,,,,,,,,,HUEN,0.9,yes,17,high,roll,171.0,18,1.1,1,,3556.8,match,3681,22.9,153,3816,274,274,274,0,154.0,764,2668,2942,739,7.0,,full,3,3
UR322-3ec4a809.csv,UGD322,,2026-03-16 19:25,EBB,DAR,HUEN,1.4,yes,17,high,roll,171.0,9,1.1,2,,3554.5,,3681,46,78,2354,2431,1250,15.0,161.0,645,2109,2754,altitude,full,3775,-3,-3,HTDA,3.4,no,05,medium,approach-alignment,44.7,1,0.3,7,,3586.4,,,,,,,,,,,,,,,,,,,
UR322-4171ad14.csv,UGD322,5X-KDP,2026-08-31 20:49,EBB,DAR,HUEN,1.1,yes,17,high,roll,171.0,13,1.1,2,,3557.3,match,3681,46,100,2546,2646,1035,18.0,166.0,757,2267,3024,altitude,full,4025,0,0,HTDA,3.9,no,05,medium,approach-alignment,45.2,1,0.2,19,,3591.2,,,,,,,,,,,,,,,,,,,
UR322-417a1000.csv,UGD322,5X-EQU,2026-09-02 22:00,EBB,DAR,HUEN,1.2,yes,17,high,roll,171.0,9,1.1,3,,3554.4,match,3681,46,103,2483,2587,1094,18.0,170.0,630,2272,2901,altitude,full,4025,0,0,HTDA,3.5,no,23,medium,approach-alignment,224.9,1,0.1,1,,3594.7,,,,,,,,,,,,,,,,,,,
UR322-417e1d45.csv,UGD322,5X-EQU,2026-09-03 21:59,EBB,DAR,HUEN,1.3,yes,17,high,roll,171.0,7,1.1,1,,3556.3,match,3681,46,157,2814,2971,710,35.0,177.0,796,2573,3369,altitude,full,3675,0,0,HTDA,1.5,yes,05,medium,approach-heading,45.0,11,0.0,24,,3600.0,,,,,,,,,,,,,,,,,,,
UR322-4182471c.csv,UGD322,5X-KDP,2026-09-04 22:04,EBB,DAR,HUEN,1.2,yes,17,high,roll,171.0,21,1.1,3,,3555.6,match,3681,46,127,2246,2373,1308,16.0,168.0,194,2276,2470,altitude,full,3675,5,5,HTDA,3.2,no,05,medium,approach-alignment,45.1,1,0.1,3,,3594.2,,,,,,,,,,,,,,,,,,,
UR322-41863182.csv,UGD322,5X-KOB,2026-09-05 22:21,EBB,DAR,HUEN,1.2,yes,17,high,roll,171.0,14,1.1,4,,3555.2,match,3681,46,92,2702,2794,887,15.0,178.0,195,2696,2891,altitude,full,3700,-4,-4,HTDA,3.5,no,05,medium,approach-alignment,44.7,1,0.3,5,,3588.3,,,,,,,,,,,,,,,,,,,
UR322-418d59e8.csv,UGD322,5X-KDP,2026-09-07 21:16,EBB,DAR,HUEN,1.2,yes,17,high,roll,171.0,11,1.1,3,,3554.3,match,3681,46,135,2228,2363,1318,19.0,161.0,642,2042,2684,altitude,full,4225,-1,-1,HTDA,3.7,no,05,medium,approach-alignment,44.9,1,0.1,9,,3595.9,match,,,,,,,,,,,,,,,,,,
UR322-419590c7.csv,UGD322,5X-KOB,2026-09-09 22:04,EBB,DAR,HUEN,1.1,yes,17,high,roll,172.0,7,0.1,6,,3594.9,match,3681,46,146,2622,2768,912,29.0,172.0,830,2353,3183,altitude,full,4150,0,0,HTDA,3.8,no,05,medium,approach-alignment,44.7,1,0.3,12,,3589.5,,,,,,,,,,,,,,,,,,,
UR322-4199b9bc.csv,UGD322,5X-EQU,2026-09-10 22:08,EBB,DAR,HUEN,1.3,yes,17,high,roll,171.0,6,1.1,2,,3555.0,match,3681,46,136,2115,2251,1429,23.0,160.0,602,1950,2552,altitude,full,3600,-4,-4,HTDA,4.0,no,23,medium,approach-alignment,224.7,1,0.3,10,,3589.5,,,,,,,,,,,,,,,,,,,
UR322-419deaee.csv,UGD322,5X-KDP,2026-09-11 21:51,EBB,DAR,HUEN,1.2,yes,17,high,roll,171.0,17,1.1,2,,3554.4,match,3681,46,87,2328,2414,1267,16.0,166.0,575,2127,2701,altitude,full,3650,2,2,HTDA,3.8,no,05,medium,approach-alignment,45.0,1,0.0,6,,3599.0,,,,,,,,,,,,,,,,,,,
UR322-41a1eb06.csv,UGD322,5X-KOB,2026-09-12 21:58,EBB,DAR,HUEN,1.2,yes,17,high,roll,171.0,12,1.1,3,,3554.4,match,3681,46,131,2831,2962,718,25.0,173.0,635,2645,3280,altitude,full,3650,-1,-1,HTDA,3.3,no,23,medium,approach-alignment,224.8,1,0.2,1,,3592.8,,,,,,,,,,,,,,,,,,,
UR322-41b390ba.csv,UGD322D,5X-KOB,2026-09-17 11:15,EBB,DAR,HUEN,1.6,yes,35,high,roll,351.0,22,1.1,3,,3554.8,match,3681,46,84,2567,2651,1030,17.0,171.0,583,2359,2942,altitude,full,3525,-7,-6,HTDA,3.5,no,23,medium,approach-alignment,224.8,1,0.2,3,,3591.6,,,,,,,,,,,,,,,,,,,
UR322-41bddf46.csv,UGD322,5X-KDP,2026-09-19 21:59,EBB,DAR,HUEN,1.2,yes,17,high,roll,172.0,11,0.1,2,,3595.5,match,3681,46,93,2957,3050,630,16.0,174.0,628,2736,3364,altitude,full,3575,2,2,HTDA,3.5,no,23,medium,approach-alignment,225.2,1,0.2,13,,3593.1,,,,,,,,,,,,,,,,,,,
UR322-41cd30a8.csv,UGD322,ET-APL,2026-09-23 22:05,EBB,DAR,HUEN,1.1,yes,17,high,roll,172.0,24,0.1,4,,3594.7,match,3681,46,205,2051,2257,1424,43.0,166.0,197,2158,2355,altitude,full,3575,1,1,HTDA,3.9,yes,05,medium,approach-heading,45.0,15,0.0,280,,3600.0,,,,,,,,,,,,,,,,,,,
UR322-41d151a5.csv,UGD322,5X-KDP,2026-09-24 21:48,EBB,DAR,HUEN,1.2,yes,17,high,roll,171.0,13,1.1,13,,3554.9,match,3681,46,90,2772,2863,818,15.0,174.0,619,2553,3172,altitude,full,3625,-3,-3,HTDA,3.8,no,05,medium,approach-alignment,44.8,1,0.2,22,,3592.4,,,,,,,,,,,,,,,,,,,
UR322-41d5a011.csv,UGD322,5X-EQU,2026-09-25 22:00,EBB,DAR,HUEN,1.1,yes,17,high,roll,171.0,16,1.1,1,,3555.3,match,3681,46,132,3123,3255,426,24.0,182.0,699,2905,3605,altitude,full,,-1,-1,HTDA,0.3,yes,05,medium,approach-heading,45.0,7,0.0,9,,3600.0,,,,,,,,,,,,,,,,,,,
UR322-41d99270.csv,UGD322,5X-EQU,2026-09-26 21:53,EBB,DAR,HUEN,1.3,yes,17,high,roll,171.0,9,1.1,2,,3555.5,match,3681,46,113,2745,2859,822,22.0,171.0,654,2532,3185,altitude,full,3725,4,4,HTDA,3.6,no,05,medium,approach-alignment,44.5,1,0.5,2,,3581.7,,,,,,,,,,,,,,,,,,,
UR322-41e0e2d4.csv,UGD322,5X-KDP,2026-09-28 21:16,EBB,DAR,HUEN,1.2,yes,17,high,roll,171.0,10,1.1,2,,3555.2,match,3681,46,90,2499,2589,1092,15.0,166.0,623,2278,2901,altitude,full,4150,2,2,HTDA,3.5,no,05,medium,approach-alignment,45.0,1,0.0,12,,3599.0,match,,,,,,,,,,,,,,,,,,
UR322-41e92d53.csv,UGD322,,2026-09-30 22:07,EBB,DAR,HUEN,1.0,yes,17,high,roll,171.0,11,1.1,4,,3555.4,match,3681,46,119,2491,2609,1072,21.0,168.0,622,2298,2920,altitude,full,3975,5,5,HTDA,3.6,no,05,medium,approach-alignment,44.6,1,0.4,4,,3582.8,,,,,,,,,,,,,,,,,,,
UR322-41ed31fe.csv,UGD322,,2026-10-01 21:49,EBB,DAR,HUEN,1.1,yes,17,high,roll,171.0,8,1.1,3,,3555.7,match,3681,46,163,3120,3283,398,38.0,183.0,617,2974,3591,altitude,full,,-2,-2,HTDA,3.3,no,05,medium,approach-alignment,45.2,1,0.2,17,,3593.7,,,,,,,,,,,,,,,,,,,
UR322-41f157c4.csv,UGD322,,2026-10-02 22:03,EBB,DAR,HUEN,1.3,yes,17,high,roll,171.0,9,1.1,2,,3555.9,match,3681,46,132,2091,2223,1458,22.0,162.0,659,1894,2553,altitude,full,3625,-1,-1,HTDA,3.6,no,05,medium,approach-alignment,45.0,1,0.0,11,,3599.1,,,,,,,,,,,,,,,,,,,
UR322-41f51dda.csv,UGD322,,2026-10-03 21:34,EBB,DAR,HUEN,1.1,yes,17,high,roll,171.0,15,1.1,2,,3555.4,match,3681,46,125,2568,2694,987,16.0,172.0,631,2379,3009,altitude,full,4300,4,4,HTDA,3.7,no,05,medium,approach-alignment,44.7,1,0.3,4,,3588.9,,,,,,,,,,,,,,,,,,,
UR323-3ec5167e.csv,UGD323,,2026-03-16 22:09,DAR,EBB,HTDA,1.5,yes,05,medium,climb-heading,44.0,10,1.0,84,,3560.0,,,,,,,,,,,,,,,,,,HUEN,0.6,yes,17,high,roll,171.0,17,1.1,3,,3554.4,match,3681,22.9,144,3784,402,218,586,367,145.0,586,2540,2942,739,13.0,,full,-5,-5
UR323-416ad499.csv,UGD323,,2026-08-30 00:40,DAR,EBB,HTDA,1.7,yes,23,low,climb-heading,273.0,36,48.0,93,,1680.0,,,,,,,,,,,,,,,,,,HUEN,0.8,yes,17,high,roll,171.0,19,1.1,7,,3556.1,match,3681,22.9,152,3728,650,402,897,496,151.0,402,2298,2948,733,8.0,,full,0,0
UR323-41723327.csv,UGD323,5X-KDP,2026-08-31 23:36,DAR,EBB,HTDA,1.5,yes,23,low,climb-heading,291.0,30,66.0,114,,960.0,,,,,,,,,,,,,,,,,,HUEN,0.9,yes,35,high,roll,351.0,34,1.1,1,,3557.4,,3681,22.9,134,3629,267,25,509,484,134.0,509,2798,3065,616,6.0,,full / track ends on the runway (roll is a lower bound),4,5
UR323-417a85db.csv,UGD323,5X-EQU,2026-09-03 00:38,DAR,EBB,HTDA,1.5,yes,23,low,climb-heading,253.0,30,28.0,5,,2480.0,,,,,,,,,,,,,,,,,,HUEN,0.7,yes,17,high,roll,171.0,19,1.1,1,,3556.2,match,3681,22.9,152,3757,249,249,249,0,152.0,687,2707,2956,725,11.0,,full,-1,-1
UR323-417e9f66.csv,UGD323,5X-EQU,2026-09-04 00:41,DAR,EBB,HTDA,1.4,yes,05,medium,climb-heading,41.0,9,4.0,194,,3440.0,,,,,,,,,,,,,,,,,,HUEN,0.8,yes,17,high,roll,171.0,10,1.1,2,,3555.0,match,3681,22.9,147,3770,457,106,808,701,147.0,808,2493,2950,731,15.0,,full,-3,-3
UR323-4182b881.csv,UGD323,5X-KDP,2026-09-05 00:30,DAR,EBB,HTDA,0.7,yes,05,medium,climb-heading,45.0,10,0.0,186,,3600.0,,,,,,,,,,,,,,,,,,HUEN,0.8,yes,17,high,roll,171.0,9,1.1,1,,3556.8,match,3681,22.9,151,3780,264,264,264,0,151.0,795,2653,2917,764,14.0,,full / track ends on the runway (roll is a lower bound),1,1
UR323-4186910e.csv,UGD323,5X-KOB,2026-09-06 00:54,DAR,EBB,HTDA,0.7,yes,05,medium,climb-heading,45.0,10,0.0,190,,3600.0,match,,,,,,,,,,,,,,,,,HUEN,1.1,yes,35,high,roll,351.0,18,1.1,1,,3555.2,match,3681,22.9,129,3740,310,310,310,0,128.0,310,2763,3073,608,9.0,,full,0,1
UR323-418dcd51.csv,UGD323,5X-KDP,2026-09-07 23:48,DAR,EBB,HTDA,1.6,yes,05,medium,climb-heading,40.0,13,5.0,186,,3400.0,match,,,,,,,,,,,,,,,,,HUEN,0.6,yes,17,high,roll,171.0,7,1.1,1,,3555.5,match,3681,22.9,143,3713,246,246,246,0,143.0,,2679,2925,756,9.0,,full / track ends on the runway (roll is a lower bound),0,0
UR323-419614ed.csv,UGD323,5X-KOB,2026-09-10 00:54,DAR,EBB,HTDA,1.9,yes,05,medium,climb-heading,45.0,10,0.0,69,,3600.0,,,,,,,,,,,,,,,,,,HUEN,0.7,yes,17,high,roll,171.0,25,1.1,1,,3556.5,match,3681,22.9,148,3716,272,272,272,0,147.0,729,2662,2934,747,10.0,,full,3,3
UR323-419a304c.csv,UGD323,5X-EQU,2026-09-11 00:40,DAR,EBB,HTDA,1.5,yes,23,low,climb-heading,243.0,20,18.0,106,,2880.0,,,,,,,,,,,,,,,,,,HUEN,0.9,yes,35,high,roll,351.0,12,1.1,8,,3556.2,match,3681,22.9,138,3690,581,581,581,0,134.0,581,2489,3070,610,6.0,,full,2,3
UR323-419e8cc7.csv,UGD323,5X-KDP,2026-09-12 01:23,DAR,EBB,HTDA,0.7,yes,05,medium,climb-heading,44.0,10,1.0,189,,3560.0,,,,,,,,,,,,,,,,,,HUEN,0.7,yes,17,high,roll,171.0,17,1.1,6,,3556.8,match,3681,22.9,145,3763,498,381,614,233,145.0,225,3145,3643,38,9.0,,full,2,2
UR323-41a24ae1.csv,UGD323,5X-KOB,2026-09-13 00:28,DAR,EBB,HTDA,1.5,yes,23,medium,climb-heading,229.0,14,4.0,113,,3440.0,match,,,,,,,,,,,,,,,,,HUEN,0.6,yes,17,high,roll,172.0,17,0.1,2,,3597.2,match,3681,22.9,153,3748,544,473,614,141,150.0,121,2401,2945,736,13.0,,full,-1,-1
UR323-41b63125.csv,UGD323,5X-KOB,2026-09-18 00:30,DAR,EBB,HTDA,1.6,yes,23,medium,climb-heading,230.0,17,5.0,227,,3400.0,,,,,,,,,,,,,,,,,,HUEN,0.8,yes,17,high,roll,171.0,13,1.1,10,,3556.0,match,3681,22.9,146,3752,376,376,376,0,144.0,376,2572,2948,733,11.0,,full,1,1
UR323-41be40cc.csv,UGD323,5X-KDP,2026-09-20 00:31,DAR,EBB,HTDA,1.5,yes,23,low,climb-heading,282.0,30,57.0,122,,1320.0,,,,,,,,,,,,,,,,,,HUEN,0.8,yes,35,high,roll,351.0,29,1.1,1,,3556.4,match,3681,22.9,141,3659,62,62,62,0,141.0,590,2982,3044,637,9.0,,full / track ends on the runway (roll is a lower bound),-1,0
UR323-41cdadc0.csv,UGD323,ET-APL,2026-09-24 00:46,DAR,EBB,HTDA,1.2,yes,05,medium,climb-heading,42.0,13,3.0,354,,3480.0,,,,,,,,,,,,,,,,,,HUEN,0.9,yes,35,high,roll,351.0,34,1.1,1,,3556.4,match,3681,22.9,139,3620,364,364,364,0,140.0,364,2711,3075,606,10.0,2600,full,-2,-1
UR323-41d1d872.csv,UGD323,5X-KDP,2026-09-25 00:30,DAR,EBB,HTDA,1.4,yes,05,medium,climb-heading,44.0,22,1.0,185,,3560.0,,,,,,,,,,,,,,,,,,HUEN,0.7,yes,17,high,roll,171.0,7,1.1,2,,3555.7,match,3681,22.9,150,3731,500,500,500,0,147.0,1145,2432,2932,749,8.0,,full,4,4
UR323-41d61442.csv,UGD323,5X-EQU,2026-09-26 00:31,DAR,EBB,HTDA,1.5,yes,05,low,climb-heading,31.0,17,14.0,1,,3040.0,,,,,,,,,,,,,,,,,,HUEN,0.6,yes,17,high,roll,171.0,9,1.1,1,,3555.5,match,3681,22.9,141,3748,256,256,256,0,141.0,787,2676,2932,749,11.0,,full,1,1
UR323-41d9f6a3.csv,UGD323,5X-EQU,2026-09-27 00:26,DAR,EBB,HTDA,0.7,yes,05,medium,climb-heading,45.0,10,0.0,186,,3600.0,,,,,,,,,,,,,,,,,,HUEN,0.6,yes,17,high,roll,171.0,13,1.1,1,,3556.2,match,3681,22.9,152,3783,306,54,558,503,152.0,,2643,2949,732,12.0,,full,-2,-2
UR323-41e15b0a.csv,UGD323,5X-KDP,2026-09-28 23:45,DAR,EBB,HTDA,3.6,no,23,medium,climb-alignment,228.6,1,3.6,137,,3457.1,match,,,,,,,,,,,,,,,,,HUEN,0.7,yes,17,high,roll,171.0,21,1.1,1,,3555.1,match,3681,22.9,146,3758,494,177,811,634,147.0,1316,2436,2930,751,11.0,,full,0,0
UR323-41e9a202.csv,UGD323,,2026-10-01 00:30,DAR,EBB,HTDA,1.5,yes,23,low,climb-heading,304.0,34,79.0,82,,440.0,,,,,,,,,,,,,,,,,,HUEN,0.7,yes,35,high,roll,351.0,19,1.1,2,,3555.8,match,3681,22.9,145,3722,218,-17,453,470,145.0,453,2855,3073,608,7.0,,full,-3,-2
UR323-41edadd6.csv,UGD323,,2026-10-02 00:24,DAR,EBB,HTDA,1.5,yes,05,low,climb-heading,346.0,25,59.0,57,,1240.0,,,,,,,,,,,,,,,,,,HUEN,1.0,yes,35,high,roll,351.0,28,1.1,2,,3556.9,match,3681,22.9,131,3671,460,289,632,343,132.0,289,2613,3073,608,11.0,,full,3,4
UR323-41f1d57c.csv,UGD323,,2026-10-03 00:41,DAR,EBB,HTDA,3.4,no,23,low,climb-alignment,250.5,1,25.5,55,,2578.7,,,,,,,,,,,,,,,,,,HUEN,0.7,yes,35,high,roll,351.0,10,1.1,13,,3555.3,match,3681,22.9,147,3711,494,494,494,0,144.0,494,2581,3075,605,7.0,,full,-5,-4
UR323-41f58967.csv,UGD323,,2026-10-04 00:19,DAR,EBB,HTDA,1.5,yes,23,medium,climb-heading,225.0,12,0.0,114,,3600.0,match,,,,,,,,,,,,,,,,,HUEN,0.9,yes,17,high,roll,171.0,13,1.1,1,,3555.6,match,3681,22.9,154,3786,205,205,205,0,154.0,1337,2746,2951,730,11.0,,full,0,0
UR334-3a30a389.csv,UGD334,,2025-05-05 00:38,DAR,EBB,HTDA,13.7,yes,23,high,roll,225.0,5,0.0,12,,3600.0,,3004,46,228,2298,2526,478,47.0,160.0,676,2188,2863,altitude,full,,-12,-12,HUEN,0.7,yes,17,high,roll,171.0,8,1.1,3,,3554.3,,3681,22.9,152,3684,262,262,262,0,151.0,948,2665,2927,754,17.0,1299,full,-3,-3
UR334-3ec05be8.csv,UGD334,,2026-03-15 13:28,EBB,JRO,HUEN,1.2,yes,17,high,roll,171.0,7,1.1,3,,3556.8,,3681,46,141,2493,2634,1047,21.0,163.0,370,2449,2819,altitude,full,3725,-1,-1,HTKJ,0.4,yes,09,high,roll,87.0,3,0.0,6,,3600.0,,3599,22.6,141,2994,212,212,212,0,143.0,212,1747,1959,1641,20.0,1346,full / track ends on the runway (roll is a lower bound),-7,-4
UR334-3ec09e01.csv,UGD334,,2026-03-15 15:13,JRO,ZNZ,HTKJ,1.4,yes,09,high,roll,87.0,5,0.0,9,,3600.0,,3599,45,172,193,364,3235,37.0,67.0,0,364,364,speed fallback (below the altitude-valid speed),full / no wheel-off signature,,-9,-6,HTZA,3.1,yes,36,high,roll,354.0,14,0.0,1,,3600.0,,2468,22.6,127,200,246,246,246,0,119.0,246,1480,1726,742,14.0,,full,2,2
UR334-3ec0deda.csv,UGD334,,2026-03-15 16:43,ZNZ,EBB,,,,,,,,,,,,,,,,,,,,,,,,,,,,,,HUEN,0.6,yes,17,high,roll,171.0,16,1.1,1,,3555.9,match,3681,22.9,136,3849,320,115,524,409,136.0,524,2625,2945,736,20.0,,full,1,1
UR334-416be142.csv,UGD334,,2026-08-30 09:20,EBB,ZNZ,HUEN,1.4,yes,17,high,roll,172.0,15,0.1,9,,3596.8,match,3681,46,153,2808,2960,720,37.0,172.0,184,2869,3052,altitude,full,3575,10,10,HTZA,4.8,yes,18,medium,approach-heading,173.0,34,1.0,524,,3560.0,,,,,,,,,,,,,,,,,,,
UR334-417819cd.csv,UGD334,5X-KOB,2026-09-02 12:36,EBB,ZNZ,HUEN,1.4,yes,17,high,roll,171.0,8,1.1,1,,3556.8,match,3681,46,153,2292,2445,1236,38.0,163.0,570,2159,2730,altitude,full,3575,-1,-1,HTZA,4.2,yes,18,medium,approach-heading,174.0,26,0.0,5,,3600.0,,,,,,,,,,,,,,,,,,,
UR334-417886db.csv,UGD334,5X-KOB,2026-09-02 15:00,ZNZ,JRO,HTZA,1.4,yes,18,high,roll,174.0,3,0.0,4,,3600.0,,2468,45,,,,,,,,,,,,,,,HTKJ,0.3,yes,09,high,roll,87.0,6,0.0,2,,3600.0,,3599,22.6,133,2827,528,528,528,0,129.0,528,1860,2388,1212,14.0,,full / track ends on the runway (roll is a lower bound),-3,0
UR334-4178f107.csv,UGD334,5X-KOB,2026-09-02 16:48,JRO,EBB,HTKJ,1.2,yes,09,high,roll,87.0,9,0.0,4,,3600.0,,3599,45,102,2783,2885,715,22.0,163.0,1123,2323,3446,altitude,full,3450,2,5,HUEN,0.7,yes,17,high,roll,171.0,10,1.1,1,,3557.2,match,3681,22.9,138,3726,299,299,299,0,137.0,299,2648,2947,734,11.0,,full,1,1
UR334-417fd52c.csv,UGD334,5X-KOB,2026-09-04 09:12,EBB,ZNZ,HUEN,1.2,yes,17,high,roll,172.0,11,0.1,11,,3596.4,match,3681,46,92,2812,2903,778,15.0,176.0,338,2734,3072,altitude,full,3600,7,7,HTZA,4.5,yes,18,medium,approach-heading,174.0,18,0.0,0,,3600.0,,,,,,,,,,,,,,,,,,,
UR334-4180248a.csv,UGD334,5X-KOB,2026-09-04 11:27,ZNZ,JRO,HTZA,1.9,yes,18,high,roll,174.0,3,0.0,9,,3600.0,,2468,45,,,,,,,,,,,,,,,HTKJ,0.3,yes,09,high,roll,87.0,5,0.0,2,,3600.0,,3599,22.6,132,2837,1159,1159,1159,0,116.0,1159,1047,2206,1393,15.0,,full / track ends on the runway (roll is a lower bound),-2,1
UR334-4180775f.csv,UGD334,5X-KOB,2026-09-04 13:38,JRO,EBB,HTKJ,1.3,yes,09,high,roll,87.0,12,0.0,4,,3600.0,,3599,45,102,2305,2407,1193,22.0,148.0,1220,1797,3016,altitude,full,3150,0,3,HUEN,0.6,yes,17,high,roll,171.0,13,1.1,1,,3556.7,match,3681,22.9,138,3751,231,3,459,456,138.0,459,2717,2948,733,11.0,,full,1,1
UR334-418787fa.csv,UGD334,5X-EQU,2026-09-06 09:18,EBB,ZNZ,HUEN,1.2,yes,17,high,roll,171.0,22,1.1,1,,3556.9,match,3681,46,121,2830,2951,729,21.0,177.0,215,2844,3059,altitude,full,3575,1,1,HTZA,4.4,yes,18,medium,approach-heading,174.0,14,0.0,178,,3600.0,,,,,,,,,,,,,,,,,,,
UR334-4187dd10.csv,UGD334,5X-EQU,2026-09-06 11:48,ZNZ,JRO,HTZA,1.8,yes,18,medium,roll,174.0,2,0.0,5,,3600.0,,2468,45,,,,,,,,,,,,,,,HTKJ,0.4,yes,09,high,roll,87.0,6,0.0,5,,3600.0,,3599,22.6,145,2718,873,873,873,0,139.0,873,1519,2392,1208,12.0,,full / track ends on the runway (roll is a lower bound),-8,-5
UR334-418827d6.csv,UGD334,5X-EQU,2026-09-06 13:40,JRO,EBB,HTKJ,1.4,yes,09,high,roll,87.0,11,0.0,3,,3600.0,,3599,45,97,2710,2807,792,18.0,161.0,927,2343,3271,altitude,full,2750,0,3,HUEN,0.6,yes,17,high,roll,171.0,15,1.1,1,,3555.2,match,3681,22.9,144,3746,184,184,184,0,144.0,672,2755,2939,742,10.0,,full,-3,-3
UR334-419390cb.csv,UGD334,5X-EQU,2026-09-09 12:18,EBB,ZNZ,HUEN,1.3,yes,17,high,roll,171.0,17,1.1,2,,3556.8,match,3681,46,62,2163,2225,1456,15.0,157.0,591,1930,2521,altitude,full,3625,-1,-1,HTZA,4.0,yes,18,high,roll,174.0,16,0.0,1,,3600.0,,2468,22.6,132,21,671,671,671,0,132.0,,1425,2096,372,11.0,,full,5,3
UR334-4193f245.csv,UGD334,5X-EQU,2026-09-09 14:39,ZNZ,JRO,HTZA,1.9,yes,18,high,roll,174.0,12,0.0,12,,3600.0,,2468,45,808,1863,2670,-202,24.0,149.0,219,2561,2780,altitude,full,275,14,7,HTKJ,0.5,yes,09,medium,approach-heading,87.0,5,0.0,4,,3600.0,,,,,,,,,,,,,,,,,,,
UR334-419470f1.csv,UGD334,5X-EQU,2026-09-09 16:50,JRO,EBB,HTKJ,1.2,yes,09,high,roll,87.0,15,0.0,3,,3600.0,,3599,45,91,2238,2329,1270,18.0,156.0,908,1876,2783,altitude,full,2825,3,6,HUEN,0.7,yes,17,high,roll,171.0,23,1.1,7,,3556.5,match,3681,22.9,135,3759,305,305,305,0,137.0,892,2640,2945,736,15.0,,full,2,2
UR334-419b7110.csv,UGD334,5X-KOB,2026-09-11 09:16,EBB,ZNZ,HUEN,1.1,yes,17,high,roll,171.0,6,1.1,2,,3557.4,match,3681,46,124,2542,2666,1015,16.0,171.0,663,2334,2997,altitude,full,4150,5,5,HTZA,4.7,yes,18,medium,approach-heading,174.0,14,0.0,8,,3600.0,,,,,,,,,,,,,,,,,,,
UR334-419bc9c0.csv,UGD334,5X-KOB,2026-09-11 11:44,ZNZ,JRO,HTZA,2.0,yes,18,high,roll,174.0,7,0.0,20,,3600.0,,2468,45,961,125,1086,1383,58.0,72.0,0,1086,1086,speed fallback (below the altitude-valid speed),full / no wheel-off signature,,5,2,HTKJ,0.6,yes,09,medium,approach-heading,87.0,11,0.0,5,,3600.0,,,,,,,,,,,,,,,,,,,
UR334-419c19e0.csv,UGD334,5X-KOB,2026-09-11 13:47,JRO,EBB,HTKJ,1.7,yes,09,medium,roll,87.0,2,0.0,12,,3600.0,,3599,45,,,,,,,,,,,,,,,HUEN,0.7,yes,17,high,roll,171.0,10,1.1,3,,3555.3,match,3681,22.9,141,3723,71,-15,156,171,141.0,617,2868,2939,742,10.0,,full,6,6
UR334-41a35b08.csv,UGD334,5X-EQU,2026-09-13 09:28,EBB,ZNZ,HUEN,1.3,yes,17,high,roll,171.0,13,1.1,1,,3557.0,match,3681,46,119,2684,2804,877,23.0,173.0,921,2343,3264,altitude,full,3575,-1,-1,HTZA,4.4,yes,18,medium,approach-heading,174.0,21,0.0,290,,3600.0,,,,,,,,,,,,,,,,,,,
UR334-41a3adb0.csv,UGD334,5X-EQU,2026-09-13 12:06,ZNZ,JRO,HTZA,1.6,yes,18,high,roll,174.0,3,0.0,6,,3600.0,,2468,45,,,,,,,,,,,,,,,HTKJ,0.5,yes,09,medium,approach-heading,87.0,7,0.0,3,,3600.0,,,,,,,,,,,,,,,,,,,
UR334-41a3ef3f.csv,UGD334,5X-EQU,2026-09-13 13:55,JRO,EBB,HTKJ,1.5,yes,09,low,climb-heading,18.0,25,69.0,287,,840.0,,,,,,,,,,,,,,,,,,HUEN,0.6,yes,35,high,roll,351.0,22,1.1,1,,3555.8,match,3681,22.9,154,3696,496,340,652,312,154.0,340,2577,3073,607,5.0,,full,5,6
UR334-41afa1fc.csv,UGD334,5X-KOB,2026-09-16 12:47,EBB,ZNZ,HUEN,1.1,yes,17,high,roll,171.0,20,1.1,2,,3556.8,match,3681,46,134,2934,3069,612,24.0,170.0,836,2651,3487,altitude,full,3600,6,6,HTZA,3.9,yes,18,medium,approach-heading,174.0,32,0.0,61,,3600.0,,,,,,,,,,,,,,,,,,,
UR334-41b0562c.csv,UGD334,5X-KOB,2026-09-16 16:32,JRO,EBB,HTKJ,0.9,yes,09,high,roll,87.0,3,0.0,3,,3600.0,,3599,45,,,,,,,,,,,,,,,HUEN,0.6,yes,17,high,roll,171.0,13,1.1,1,,3556.2,match,3681,22.9,137,3727,142,142,142,0,137.0,647,2790,2932,749,7.0,,full,2,2
UR334-41b78418.csv,UGD334,5X-KDP,2026-09-18 09:20,EBB,ZNZ,HUEN,1.3,yes,17,high,roll,171.0,12,1.1,2,,3557.5,match,3681,46,109,2780,2890,791,23.0,176.0,634,2573,3207,altitude,full,3600,5,5,HTZA,4.4,yes,18,medium,approach-heading,174.0,20,0.0,144,,3600.0,,,,,,,,,,,,,,,,,,,
UR334-41b82073.csv,UGD334,5X-KDP,2026-09-18 13:35,JRO,EBB,HTKJ,1.7,yes,09,high,roll,87.0,3,0.0,6,,3600.0,,3599,45,,,,,,,,,,,,,,,HUEN,0.7,yes,35,high,roll,351.0,8,1.1,1,,3556.9,match,3681,22.9,147,3669,296,296,296,0,146.0,296,2782,3078,603,8.0,,full,0,1
UR334-41c05140.csv,UGD334,5X-KOB,2026-09-20 16:15,JRO,EBB,HTKJ,1.7,yes,27,low,climb-heading,331.0,41,64.0,37,,1040.0,,,,,,,,,,,,,,,,,,HUEN,0.8,yes,17,high,roll,171.0,8,1.1,1,,3555.8,match,3681,22.9,142,3752,453,453,453,0,139.0,453,2492,2945,736,10.0,,full,2,2
UR334-41caf213.csv,UGD334,5X-KDP,2026-09-23 10:22,EBB,ZNZ,HUEN,1.6,yes,35,high,roll,352.0,8,0.1,4,,3594.9,match,3681,46,160,2852,3012,669,39.0,176.0,826,2599,3425,altitude,full,3550,-4,-3,HTZA,4.2,yes,18,medium,approach-heading,174.0,23,0.0,118,,3600.0,,,,,,,,,,,,,,,,,,,
UR334-41cb471b.csv,UGD334,5X-KDP,2026-09-23 12:38,ZNZ,JRO,HTZA,1.5,yes,18,high,roll,174.0,3,0.0,2,,3600.0,,2468,45,1014,0,1014,1454,70.0,70.0,0,1014,1014,speed fallback (below the altitude-valid speed),full / no wheel-off signature,,3,0,HTKJ,0.7,yes,09,medium,approach-heading,87.0,16,0.0,6,,3600.0,,,,,,,,,,,,,,,,,,,
UR334-41cb83d2.csv,UGD334,5X-KDP,2026-09-23 14:06,JRO,EBB,HTKJ,1.7,yes,09,high,roll,87.0,3,0.0,39,,3600.0,,3599,45,,,,,,,,,,,,,,,HUEN,0.7,yes,17,high,roll,171.0,17,1.1,1,,3556.0,match,3681,22.9,149,3730,387,387,387,0,147.0,1506,2549,2936,744,15.0,,full,-2,-2
UR334-41d326c3.csv,UGD334,5X-KOB,2026-09-25 09:22,EBB,ZNZ,HUEN,1.3,yes,17,high,roll,171.0,10,1.1,7,,3556.4,match,3681,46,96,3069,3165,516,17.0,179.0,171,3079,3251,altitude,full,3600,-3,-3,HTZA,4.2,yes,18,medium,approach-heading,173.0,16,1.0,10,,3560.0,,,,,,,,,,,,,,,,,,,
UR334-41d38d30.csv,UGD334,5X-KOB,2026-09-25 12:11,ZNZ,JRO,HTZA,1.3,yes,18,high,roll,174.0,3,0.0,39,,3600.0,,2468,45,,,,,,,,,,,,,,,HTKJ,0.3,yes,09,medium,approach-heading,87.0,6,0.0,9,,3600.0,,,,,,,,,,,,,,,,,,,
UR334-41d3d70e.csv,UGD334,5X-KOB,2026-09-25 14:00,JRO,EBB,HTKJ,1.6,yes,27,low,climb-heading,348.0,21,81.0,271,,360.0,,,,,,,,,,,,,,,,,,HUEN,1.0,yes,17,high,roll,171.0,8,1.1,3,,3555.9,match,3681,22.9,151,3755,161,161,161,0,150.0,667,2784,2945,736,16.0,,full,8,8
UR334-41db0769.csv,UGD334,5X-KDP,2026-09-27 09:28,EBB,ZNZ,HUEN,1.7,yes,35,high,roll,351.0,18,1.1,3,,3554.7,match,3681,46,104,2863,2967,714,21.0,171.0,177,2878,3055,altitude,full,3600,-2,-1,HTZA,3.9,yes,18,medium,approach-heading,174.0,15,0.0,16,,3600.0,,,,,,,,,,,,,,,,,,,
UR334-41dba48c.csv,UGD334,5X-KDP,2026-09-27 13:52,JRO,EBB,HTKJ,1.7,yes,27,low,climb-heading,319.0,34,52.0,202,,1520.0,,,,,,,,,,,,,,,,,,HUEN,0.8,yes,17,high,roll,171.0,10,1.1,6,,3555.0,match,3681,22.9,140,3768,187,-43,418,460,140.0,418,2763,2950,731,13.0,,full,0,0
UR334-41e74f5c.csv,UGD334,5X-EQU,2026-09-30 12:53,EBB,ZNZ,HUEN,1.2,yes,17,high,roll,171.0,7,1.1,2,,3555.4,match,3681,46,112,2761,2873,807,22.0,173.0,764,2492,3255,altitude,full,3625,-1,-1,HTZA,3.6,yes,18,medium,approach-heading,173.0,25,1.0,6,,3560.0,,,,,,,,,,,,,,,,,,,
UR334-41e7d4be.csv,UGD334,5X-EQU,2026-09-30 15:45,ZNZ,JRO,HTZA,2.1,yes,18,high,roll,174.0,4,0.0,1,,3600.0,,2468,45,892,262,1153,1315,40.0,78.0,0,1153,1153,speed fallback (below the altitude-valid speed),full / no wheel-off signature,,1,-2,HTKJ,0.3,yes,09,medium,approach-heading,87.0,7,0.0,17,,3600.0,,,,,,,,,,,,,,,,,,,
UR334-41e83ff2.csv,UGD334,5X-EQU,2026-09-30 17:34,JRO,EBB,HTKJ,5.0,no,,,,,,,,,,,,,,,,,,,,,,,,,,,HUEN,0.6,yes,17,high,roll,171.0,22,1.1,4,,3555.5,match,3681,22.9,137,3766,418,418,418,0,137.0,418,2510,2928,753,10.0,,full,-3,-3
UR334-41eef417.csv,UGD334,,2026-10-02 09:25,EBB,ZNZ,HUEN,1.3,yes,17,high,roll,171.0,8,1.1,9,,3556.6,match,3681,46,195,3215,3410,271,39.0,185.0,614,3103,3717,altitude,full,,6,6,HTZA,4.3,yes,18,medium,approach-heading,174.0,17,0.0,252,,3600.0,,,,,,,,,,,,,,,,,,,
UR334-41ef47c6.csv,UGD334,,2026-10-02 11:49,ZNZ,JRO,HTZA,2.0,yes,18,high,roll,174.0,4,0.0,4,,3600.0,,2468,45,991,49,1040,1428,69.0,74.0,0,1040,1040,speed fallback (below the altitude-valid speed),full / no wheel-off signature,,3,0,HTKJ,0.3,yes,09,medium,approach-heading,87.0,13,0.0,10,,3600.0,,,,,,,,,,,,,,,,,,,
UR334-41ef90fb.csv,UGD334,,2026-10-02 13:43,JRO,EBB,HTKJ,1.7,yes,27,low,climb-heading,342.0,3,75.0,90,,600.0,,,,,,,,,,,,,,,,,,HUEN,0.7,yes,35,high,roll,351.0,9,1.1,1,,3556.0,match,3681,22.9,152,3686,269,269,269,0,152.0,755,3294,3563,118,7.0,,full,0,1
UR334-41f6f2e4.csv,UGD334,,2026-10-04 12:13,EBB,ZNZ,HUEN,1.3,yes,17,high,roll,171.0,7,1.1,2,,3557.2,match,3681,46,81,2999,3080,601,17.0,183.0,680,2740,3420,altitude,full,,2,2,HTZA,3.6,yes,18,medium,approach-heading,174.0,43,0.0,6,,3600.0,,,,,,,,,,,,,,,,,,,
UR334-41f7b81f.csv,UGD334,,2026-10-04 16:39,ZNZ,JRO,HTZA,1.9,yes,18,high,roll,174.0,4,0.0,33,,3600.0,,2468,45,,,,,,,,,,,,,,,HTKJ,0.7,yes,09,high,roll,87.0,4,0.0,3,,3600.0,,3599,22.6,141,2936,355,355,355,0,142.0,355,2218,2573,1027,8.0,2006,full,5,8
UR334-41f8146a.csv,UGD334,,2026-10-04 18:23,JRO,EBB,HTKJ,1.2,yes,09,high,roll,87.0,10,0.0,7,,3600.0,,3599,45,90,3076,3166,433,22.0,168.0,683,2825,3508,altitude,full,,6,9,HUEN,0.8,yes,17,high,roll,171.0,10,1.1,3,,3556.1,match,3681,22.9,143,3835,306,63,549,486,143.0,549,2628,2934,747,8.0,,full,10,10
UR342-3e969330.csv,UGD342,,2026-03-04 07:18,EBB,MBA,HUEN,1.3,yes,17,high,roll,171.0,7,1.1,2,,3557.1,,3681,46,94,2610,2704,977,15.0,172.0,812,2298,3110,altitude,full,3675,5,5,HKMO,3.7,yes,21,medium,approach-heading,209.0,20,0.0,0,,2331.1,,,,,,,,,,,,,,,,,,,
UR342-3eca79a8.csv,UGD342,,2026-03-18 09:03,EBB,MBA,HUEN,1.3,yes,17,high,roll,171.0,7,1.1,1,,3556.8,,3681,46,85,2897,2982,699,15.0,178.0,798,2583,3381,altitude,full,,1,1,HKMO,3.4,yes,21,medium,approach-heading,209.0,17,0.0,1,,2376.4,,,,,,,,,,,,,,,,,,,
UR342-3ed348d7.csv,UGD342,,2026-03-20 10:00,EBB,MBA,HUEN,1.2,yes,17,high,roll,171.0,10,1.1,2,,3556.0,match,3681,46,92,2828,2920,761,15.0,167.0,744,2548,3292,altitude,full,3650,3,3,HKMO,3.9,yes,21,medium,approach-heading,209.0,17,0.0,1,,2435.7,,,,,,,,,,,,,,,,,,,
UR342-3edb366c.csv,UGD342,,2026-03-22 09:33,EBB,MBA,HUEN,1.1,yes,17,high,roll,171.0,8,1.1,1,,3556.3,match,3681,46,171,2977,3148,532,31.0,175.0,878,2709,3587,altitude,full,,-2,-2,HKMO,3.7,yes,21,medium,approach-heading,209.0,17,0.0,0,,2106.0,,,,,,,,,,,,,,,,,,,
UR342-4179a966.csv,UGD342,5X-KOB,2026-09-02 20:02,EBB,MBA,HUEN,1.2,yes,17,high,roll,172.0,7,0.1,2,,3595.4,match,3681,46,97,3040,3137,544,16.0,176.0,801,2736,3538,altitude,full,3650,2,2,HKMO,5.2,yes,21,medium,approach-heading,209.0,16,0.0,2,,2281.7,,,,,,,,,,,,,,,,,,,
UR342-41819339.csv,UGD342,5X-EQU,2026-09-04 18:44,EBB,MBA,HUEN,1.2,yes,17,high,roll,171.0,9,1.1,2,,3555.5,match,3681,46,123,2875,2998,683,18.0,172.0,616,2690,3305,altitude,full,3750,6,6,HKMO,4.7,yes,21,medium,approach-heading,209.0,19,0.0,3,,2391.6,,,,,,,,,,,,,,,,,,,
UR342-418926f5.csv,UGD342,5X-KDP,2026-09-06 18:45,EBB,MBA,HUEN,1.1,yes,17,high,roll,172.0,7,0.1,2,,3597.2,match,3681,46,183,2330,2514,1167,34.0,167.0,618,2205,2822,altitude,full,4150,2,2,HKMO,4.9,yes,21,medium,approach-heading,209.0,35,0.0,4,,2486.8,,,,,,,,,,,,,,,,,,,
UR342-419512c9.csv,UGD342,5X-EQU,2026-09-09 19:39,EBB,MBA,HUEN,1.3,yes,17,high,roll,172.0,6,0.1,4,,3595.3,match,3681,46,96,2070,2166,1515,16.0,163.0,677,1827,2505,altitude,full,3675,0,0,HKMO,5.2,yes,21,medium,approach-heading,209.0,25,0.0,2,,2360.3,,,,,,,,,,,,,,,,,,,
UR342-419d3bb0.csv,UGD342,5X-EQU,2026-09-11 18:46,EBB,MBA,HUEN,1.2,yes,17,high,roll,171.0,9,1.1,3,,3554.3,match,3681,46,157,2110,2267,1414,21.0,162.0,675,1930,2605,altitude,full,4650,-1,-1,HKMO,4.6,yes,21,medium,approach-heading,209.0,23,0.0,1,,2468.5,,,,,,,,,,,,,,,,,,,
UR342-41a4d31a.csv,UGD342,5X-KDP,2026-09-13 18:43,EBB,MBA,HUEN,1.3,yes,17,high,roll,172.0,7,0.1,3,,3596.3,match,3681,46,187,2471,2657,1023,35.0,172.0,629,2343,2972,altitude,full,3700,4,4,HKMO,4.4,yes,21,medium,approach-heading,209.0,34,0.0,0,,2340.3,,,,,,,,,,,,,,,,,,,
UR342-41b1ca71.csv,UGD342,5X-KOB,2026-09-16 23:06,EBB,MBA,HUEN,1.2,yes,17,high,roll,171.0,11,1.1,2,,3556.3,match,3681,46,145,2750,2895,786,20.0,174.0,603,2593,3196,altitude,full,3625,3,3,HKMO,5.0,yes,21,medium,approach-heading,209.0,18,0.0,0,,2465.1,,,,,,,,,,,,,,,,,,,
UR342-41ba2a93.csv,UGD342,5X-KOB,2026-09-18 22:54,EBB,MBA,HUEN,1.2,yes,17,high,roll,171.0,11,1.1,2,,3555.4,match,3681,46,93,2766,2859,822,23.0,169.0,777,2470,3247,altitude,full,4300,6,6,HKMO,5.1,yes,21,medium,approach-heading,209.0,18,0.0,6,,2492.1,,,,,,,,,,,,,,,,,,,
UR342-41c1b4e5.csv,UGD342,,2026-09-21 00:05,EBB,MBA,HUEN,1.2,yes,17,high,roll,172.0,7,0.1,2,,3596.0,match,3681,46,113,3094,3207,474,23.0,179.0,635,2890,3525,altitude,full,,8,8,HKMO,4.6,yes,21,medium,approach-heading,209.0,29,0.0,1,,2433.2,,,,,,,,,,,,,,,,,,,
UR342-41cce283.csv,UGD342,5X-KDP,2026-09-23 20:24,EBB,MBA,HUEN,1.2,yes,17,high,roll,171.0,11,1.1,5,,3554.8,match,3681,46,105,2293,2398,1283,17.0,166.0,416,2189,2606,altitude,full,3625,0,0,HKMO,4.6,yes,21,medium,approach-heading,209.0,23,0.0,2,,2531.1,,,,,,,,,,,,,,,,,,,
UR342-41d4f600.csv,UGD342,5X-KDP,2026-09-25 18:54,EBB,MBA,HUEN,1.2,yes,17,high,roll,171.0,10,1.1,3,,3554.8,match,3681,46,102,2699,2801,880,16.0,173.0,600,2501,3101,altitude,full,3700,1,1,HKMO,4.3,yes,21,medium,approach-heading,209.0,26,0.0,2,,2322.0,,,,,,,,,,,,,,,,,,,
UR342-41dcb112.csv,UGD342,5X-KOB,2026-09-27 19:16,EBB,MBA,HUEN,1.3,yes,17,high,roll,171.0,8,1.1,4,,3556.4,match,3681,46,106,3042,3147,533,16.0,172.0,780,2757,3538,altitude,full,3725,-1,-1,HKMO,3.9,yes,21,medium,approach-heading,209.0,18,0.0,1,,2495.2,,,,,,,,,,,,,,,,,,,
UR342-41e8bc09.csv,UGD342,5X-EQU,2026-09-30 19:53,EBB,MBA,HUEN,1.1,yes,17,high,roll,171.0,8,1.1,3,,3554.7,match,3681,46,122,2337,2459,1222,18.0,169.0,623,2148,2770,altitude,full,4075,0,0,HKMO,4.8,yes,21,medium,approach-heading,209.0,21,0.0,1,,2225.1,,,,,,,,,,,,,,,,,,,
UR342-41f0b124.csv,UGD342,,2026-10-02 18:56,EBB,MBA,HUEN,1.3,yes,17,high,roll,171.0,9,1.1,2,,3555.3,match,3681,46,105,2109,2213,1468,21.0,157.0,567,1929,2497,altitude,full,3675,1,1,HKMO,5.1,yes,21,medium,approach-heading,209.0,20,0.0,4,,2473.5,,,,,,,,,,,,,,,,,,,
UR343-3e96d20e.csv,UGD343,,2026-03-04 09:33,MBA,EBB,HKMO,0.5,yes,21,high,roll,209.0,18,0.0,6,,3600.0,,3361,46,109,2425,2535,826,19.0,162.0,644,2212,2857,altitude,full,250,0,-3,HUEN,0.6,yes,17,high,roll,171.0,10,1.1,1,,3557.1,,3681,22.9,150,3696,319,319,319,0,150.0,632,2630,2949,732,20.0,,full,0,0
UR343-3ecad6e0.csv,UGD343,,2026-03-18 11:53,MBA,EBB,HKMO,0.2,yes,21,high,roll,208.0,24,1.0,7,,3560.0,,3361,46,90,2064,2154,1207,19.0,157.0,743,1782,2525,altitude,full,275,-2,-4,HUEN,0.7,yes,17,high,roll,171.0,22,1.1,1,,3556.2,,3681,22.9,157,3758,210,210,210,0,157.0,,2728,2938,743,20.0,,full,0,0
UR343-3ed398fc.csv,UGD343,,2026-03-20 12:25,MBA,EBB,HKMO,1.0,yes,21,high,roll,209.0,7,0.0,3,,3600.0,,3361,46,144,1966,2110,1251,33.0,154.0,683,1769,2452,altitude,full,1325,3,1,HUEN,0.6,yes,17,high,roll,171.0,21,1.1,7,,3556.8,match,3681,22.9,135,3756,387,387,387,0,133.0,387,2548,2935,746,21.0,,full,-2,-2
UR343-3edb7c4b.csv,UGD343,,2026-03-22 12:06,MBA,EBB,HKMO,0.3,yes,21,high,roll,209.0,7,0.0,3,,3600.0,,3361,46,77,2076,2153,1208,15.0,159.0,597,1854,2451,altitude,full,1125,-3,-5,HUEN,0.6,yes,17,high,roll,171.0,22,1.1,1,,3557.2,match,3681,22.9,139,3737,251,251,251,0,139.0,734,2696,2947,733,13.0,,full,1,1
UR343-417a332c.csv,UGD343,5X-KOB,2026-09-02 22:46,MBA,EBB,HKMO,0.1,yes,21,high,roll,209.0,17,0.0,3,,3600.0,,3361,46,77,1962,2039,1321,15.0,156.0,191,1944,2135,altitude,full,50,-4,-6,HUEN,0.6,yes,17,high,roll,171.0,10,1.1,1,,3557.1,match,3681,22.9,150,3722,309,309,309,0,148.0,641,2582,2891,790,16.0,,full / track ends on the runway (roll is a lower bound),2,2
UR343-41821bed.csv,UGD343,5X-EQU,2026-09-04 21:12,MBA,EBB,HKMO,0.5,yes,21,high,roll,208.0,11,1.0,4,,3560.0,,3361,46,129,2816,2944,417,27.0,178.0,580,2654,3234,altitude,full,,2,-2,HUEN,0.7,yes,17,high,roll,171.0,14,1.1,1,,3555.4,match,3681,22.9,152,3740,80,80,80,0,152.0,1199,2863,2943,737,11.0,,full,-4,-4
UR343-4189a5fc.csv,UGD343,5X-KDP,2026-09-06 21:27,MBA,EBB,HKMO,0.4,yes,21,high,roll,209.0,20,0.0,3,,3600.0,,3361,46,94,2674,2768,593,17.0,171.0,760,2388,3148,altitude,full,75,3,-1,HUEN,0.8,yes,17,high,roll,171.0,8,1.1,3,,3557.1,match,3681,22.9,151,3692,235,235,235,0,151.0,235,2694,2929,752,10.0,,full,4,4
UR343-419596f1.csv,UGD343,5X-EQU,2026-09-09 22:10,MBA,EBB,HKMO,0.1,yes,21,high,roll,209.0,13,0.0,13,,3600.0,,3361,46,102,2203,2305,1056,17.0,164.0,814,1898,2712,altitude,full,75,-2,-4,HUEN,1.0,yes,35,high,roll,351.0,37,1.1,1,,3556.6,match,3681,22.9,132,3648,280,280,280,0,132.0,280,2795,3075,606,4.0,,full,-2,-1
UR343-419dca9f.csv,UGD343,5X-EQU,2026-09-11 21:15,MBA,EBB,HKMO,0.2,yes,21,high,roll,209.0,20,0.0,2,,3600.0,,3361,46,105,1947,2052,1309,26.0,162.0,174,1965,2139,altitude,full,75,2,0,HUEN,0.8,yes,17,high,roll,172.0,8,0.1,4,,3594.3,match,3681,22.9,143,3706,424,200,647,447,143.0,1218,2497,2921,760,12.0,,full,-7,-7
UR343-41a56a33.csv,UGD343,5X-KDP,2026-09-13 21:58,MBA,EBB,HKMO,0.3,yes,21,high,roll,209.0,21,0.0,8,,3600.0,,3361,46,122,2045,2166,1195,27.0,160.0,225,2054,2279,altitude,full,75,6,4,HUEN,0.9,yes,17,high,roll,171.0,8,1.1,11,,3554.4,match,3681,22.9,160,3688,463,463,463,0,156.0,463,2468,2931,749,13.0,1149,full,-2,-2
UR343-41b23e17.csv,UGD343,,2026-09-17 01:36,MBA,EBB,HKMO,0.4,yes,21,high,roll,209.0,18,0.0,11,,3600.0,,3361,46,70,2195,2265,1095,16.0,161.0,202,2165,2366,altitude,full,100,4,2,HUEN,0.7,yes,17,high,roll,171.0,18,1.1,1,,3555.4,match,3681,22.9,145,3724,368,131,606,475,145.0,606,2570,2938,743,10.0,,full,-2,-2
UR343-41ba91dc.csv,UGD343,,2026-09-19 01:11,MBA,EBB,HKMO,0.2,yes,21,high,roll,208.0,11,1.0,3,,3560.0,,3361,46,88,2476,2564,797,27.0,169.0,712,2208,2920,altitude,full,825,2,-1,HUEN,0.6,yes,17,high,roll,171.0,19,1.1,2,,3555.5,match,3681,22.9,148,3725,238,-2,478,480,148.0,478,2698,2936,744,9.0,,full,1,1
UR343-41c20a0a.csv,UGD343,,2026-09-21 02:22,MBA,EBB,HKMO,0.5,yes,21,high,roll,208.0,13,1.0,4,,3560.0,,3361,46,89,2808,2897,463,16.0,175.0,636,2579,3216,altitude,full,,8,4,HUEN,0.7,yes,35,high,roll,351.0,20,1.1,1,,3555.6,match,3681,22.9,150,3731,302,34,571,537,150.0,571,2777,3079,602,8.0,,full,-1,0
UR343-41cd5d4d.csv,UGD343,5X-KDP,2026-09-23 22:49,MBA,EBB,HKMO,0.3,yes,21,high,roll,209.0,17,0.0,3,,3600.0,,3361,46,152,2059,2211,1150,43.0,165.0,250,2086,2336,altitude,full,50,0,-2,HUEN,0.8,yes,17,high,roll,171.0,8,1.1,1,,3556.1,match,3681,22.9,150,3647,331,331,331,0,149.0,836,2599,2930,751,15.0,,full,-5,-5
UR343-41d57937.csv,UGD343,5X-KDP,2026-09-25 21:16,MBA,EBB,HKMO,0.2,yes,21,high,roll,209.0,8,0.0,7,,3600.0,,3361,46,122,2330,2452,909,25.0,172.0,232,2336,2568,altitude,full,900,5,2,HUEN,0.6,yes,17,high,roll,171.0,9,1.1,1,,3556.2,match,3681,22.9,148,3704,163,163,163,0,148.0,,2772,2935,746,17.0,,full,-1,-1
UR343-41dd378b.csv,UGD343,5X-KOB,2026-09-27 22:01,MBA,EBB,HKMO,0.1,yes,21,high,roll,209.0,7,0.0,12,,3600.0,,3361,46,87,2226,2313,1048,23.0,164.0,593,2017,2609,altitude,full,550,3,0,HUEN,0.8,yes,35,high,roll,351.0,33,1.1,1,,3556.8,match,3681,22.9,144,3694,145,145,145,0,144.0,607,2929,3074,607,6.0,3077,full,0,1
UR343-41e94875.csv,UGD343,,2026-09-30 22:38,MBA,EBB,HKMO,0.2,yes,21,high,roll,209.0,11,0.0,5,,3600.0,,3361,46,169,2074,2242,1118,43.0,165.0,692,1897,2588,altitude,full,100,5,3,HUEN,0.7,yes,17,high,roll,171.0,9,1.1,2,,3555.5,match,3681,22.9,143,3713,95,95,95,0,144.0,1087,2851,2946,735,11.0,,full,0,0
UR343-41f13e2a.csv,UGD343,,2026-10-02 21:32,MBA,EBB,HKMO,0.4,yes,21,high,roll,209.0,16,0.0,3,,3600.0,,3361,46,159,2700,2858,503,35.0,170.0,590,2563,3153,altitude,full,75,5,1,HUEN,0.7,yes,17,high,roll,172.0,8,0.1,10,,3594.9,match,3681,22.9,152,3692,589,589,589,0,146.0,1082,2354,2943,738,8.0,,full,0,0
UR360-3e8c665c.csv,UGD360,,2026-03-01 16:08,EBB,BJM,HUEN,1.4,yes,17,high,roll,171.0,9,1.1,2,,3555.3,match,3681,46,187,1832,2019,1662,19.0,147.0,667,1686,2353,altitude,full,3725,-1,-1,HBBA,0.1,yes,17,high,roll,170.0,7,2.0,18,,3520.0,,3608,22.6,140,2633,527,527,527,0,140.0,527,1646,2173,1435,12.0,1323,full / track ends on the runway (roll is a lower bound),0,1
UR360-416cfacb.csv,UGD360,,2026-08-30 16:30,EBB,BJM,HUEN,1.3,yes,17,high,roll,171.0,7,1.1,2,,3556.5,match,3681,46,168,2397,2565,1116,36.0,165.0,546,2292,2838,altitude,full,3650,2,2,HBBA,0.2,yes,17,high,roll,171.0,17,1.0,3,,3560.0,,3608,22.6,138,2628,303,303,303,0,137.0,803,1894,2197,1411,14.0,,full / track ends on the runway (roll is a lower bound),2,3
UR360-4174ea44.csv,UGD360,5X-KOB,2026-09-01 17:04,EBB,BJM,HUEN,1.2,yes,17,high,roll,171.0,16,1.1,2,,3557.3,match,3681,46,94,2172,2266,1415,15.0,162.0,205,2163,2368,altitude,full,3650,2,2,HBBA,0.3,yes,17,high,roll,170.0,6,2.0,22,,3520.0,,3608,22.6,135,2615,449,449,449,0,129.0,850,1334,1783,1825,13.0,,full,4,5
UR360-4178e32f.csv,UGD360,5X-KDP,2026-09-02 16:37,EBB,BJM,HUEN,1.2,yes,17,high,roll,171.0,24,1.1,2,,3557.1,match,3681,46,95,2253,2348,1333,17.0,161.0,245,2225,2470,altitude,full,3650,3,3,HBBA,0.3,yes,17,high,roll,171.0,20,1.0,4,,3560.0,,3608,22.6,134,2633,385,385,385,0,133.0,385,1773,2158,1449,15.0,,full / track ends on the runway (roll is a lower bound),-7,-6
UR360-417cfd0a.csv,UGD360,5X-KDP,2026-09-03 16:39,EBB,BJM,HUEN,1.4,yes,17,high,roll,171.0,14,1.1,3,,3556.1,match,3681,46,122,2128,2250,1431,23.0,158.0,191,2154,2345,altitude,full,3700,-1,-1,HBBA,0.3,yes,17,high,roll,171.0,23,1.0,3,,3560.0,,3608,22.6,129,2676,420,276,564,288,127.0,564,1933,2353,1255,7.0,,full,-3,-2
UR360-4181197a.csv,UGD360,5X-KOB,2026-09-04 16:42,EBB,BJM,HUEN,1.3,yes,17,high,roll,172.0,6,0.1,2,,3596.8,match,3681,46,177,1905,2082,1599,40.0,154.0,663,1751,2414,altitude,full,3750,0,0,HBBA,0.3,yes,17,high,roll,171.0,19,1.0,2,,3560.0,,3608,22.6,125,2704,189,189,189,0,124.0,675,1986,2175,1433,17.0,,full / track ends on the runway (roll is a lower bound),0,1
UR360-4188a946.csv,UGD360,5X-EQU,2026-09-06 16:27,EBB,BJM,HUEN,1.4,yes,17,high,roll,171.0,11,1.1,1,,3557.3,match,3681,46,105,2216,2320,1360,17.0,159.0,578,2031,2609,altitude,full,3700,2,2,HBBA,0.1,yes,17,high,roll,170.0,7,2.0,21,,3520.0,,3608,22.6,135,2683,465,465,465,0,133.0,465,1751,2216,1392,13.0,,full / track ends on the runway (roll is a lower bound),1,2
UR360-418c539f.csv,UGD360,5X-KDP,2026-09-07 16:33,EBB,BJM,HUEN,1.1,yes,17,high,roll,172.0,10,0.1,3,,3597.2,match,3681,46,168,2588,2756,925,27.0,170.0,184,2664,2848,altitude,full,3700,7,7,HBBA,0.0,yes,17,high,roll,171.0,8,1.0,9,,3560.0,,3608,22.6,133,2644,598,598,598,0,132.0,598,1748,2346,1262,9.0,,full,0,1
UR360-41903f50.csv,UGD360,5X-KDP,2026-09-08 16:21,EBB,BJM,HUEN,1.4,yes,17,high,roll,171.0,12,1.1,2,,3557.6,match,3681,46,98,2332,2430,1251,17.0,162.0,773,2044,2817,altitude,full,3700,1,1,HBBA,0.4,yes,17,high,roll,171.0,10,1.0,2,,3560.0,,3608,22.6,134,2649,378,199,558,359,133.0,558,1789,2167,1440,14.0,,full / track ends on the runway (roll is a lower bound),2,3
UR360-419461c3.csv,UGD360,5X-KDP,2026-09-09 16:39,EBB,BJM,HUEN,1.3,yes,17,high,roll,172.0,8,0.1,2,,3595.5,match,3681,46,155,2365,2520,1160,39.0,162.0,159,2441,2600,altitude,full,3700,-3,-3,HBBA,0.2,yes,17,high,roll,171.0,37,1.0,4,,3560.0,,3608,22.6,130,2650,496,418,575,157,128.0,276,2913,3409,199,17.0,,full / track ends on the runway (roll is a lower bound),-1,0
UR360-41987e04.csv,UGD360,5X-KDP,2026-09-10 16:34,EBB,BJM,HUEN,1.3,yes,17,high,roll,171.0,6,1.1,5,,3557.1,match,3681,46,77,2198,2275,1406,17.0,164.0,672,1939,2611,altitude,full,3700,5,5,HBBA,0.4,yes,17,high,roll,171.0,11,1.0,2,,3560.0,,3608,22.6,129,2644,120,120,120,0,129.0,714,2245,2365,1243,7.0,,full,6,7
UR360-419ca76b.csv,UGD360,5X-KOB,2026-09-11 16:25,EBB,BJM,HUEN,1.3,yes,17,high,roll,171.0,11,1.1,2,,3555.1,match,3681,46,123,2324,2447,1233,23.0,159.0,587,2154,2741,altitude,full,4575,4,4,HBBA,0.2,yes,17,high,roll,171.0,13,1.0,2,,3560.0,,3608,22.6,128,2650,367,367,367,0,127.0,918,1839,2206,1402,15.0,,full / track ends on the runway (roll is a lower bound),-4,-3
UR360-41a46fbf.csv,UGD360,5X-EQU,2026-09-13 16:46,EBB,BJM,HUEN,1.2,yes,17,high,roll,171.0,6,1.1,2,,3556.9,match,3681,46,118,2838,2956,725,16.0,166.0,757,2578,3334,altitude,full,3700,6,6,HBBA,0.3,yes,17,high,roll,171.0,12,1.0,2,,3560.0,,3608,22.6,129,2692,342,126,558,432,129.0,558,1851,2193,1415,17.0,,full / track ends on the runway (roll is a lower bound),1,2
UR360-41a82d2a.csv,UGD360,5X-EQU,2026-09-14 16:38,EBB,BJM,HUEN,1.1,yes,17,high,roll,171.0,7,1.1,3,,3556.9,match,3681,46,132,2411,2544,1137,24.0,168.0,625,2231,2856,altitude,full,4175,1,1,HBBA,0.1,yes,17,high,roll,170.0,17,2.0,2,,3520.0,,3608,22.6,135,2667,429,90,767,678,136.0,767,1795,2224,1384,15.0,,full / track ends on the runway (roll is a lower bound),1,2
UR360-41ac3092.csv,UGD360,5X-KDP,2026-09-15 16:25,EBB,BJM,HUEN,1.4,yes,17,high,roll,171.0,12,1.1,2,,3555.5,match,3681,46,93,2291,2384,1297,15.0,164.0,612,2078,2690,altitude,full,3700,-1,-1,HBBA,0.4,yes,17,high,roll,171.0,20,1.0,4,,3560.0,,3608,22.6,131,2672,454,359,549,191,130.0,241,1746,2200,1408,13.0,,full / track ends on the runway (roll is a lower bound),-6,-5
UR360-41b0f7aa.csv,UGD360,5X-KOB,2026-09-16 19:11,EBB,BJM,HUEN,1.3,yes,17,high,roll,171.0,8,1.1,5,,3556.6,match,3681,46,208,2742,2949,731,47.0,174.0,794,2552,3346,altitude,full,3675,2,2,HBBA,0.0,yes,17,high,roll,171.0,17,1.0,4,,3560.0,,3608,22.6,148,2597,230,-36,496,532,148.0,970,1989,2219,1389,10.0,,full / track ends on the runway (roll is a lower bound),3,4
UR360-41b48b5c.csv,UGD360,5X-EQU,2026-09-17 16:38,EBB,BJM,HUEN,1.4,yes,17,high,roll,172.0,11,0.1,6,,3596.7,match,3681,46,120,2191,2311,1370,20.0,167.0,213,2205,2417,altitude,full,3650,2,2,HBBA,0.0,yes,17,high,roll,171.0,11,1.0,2,,3560.0,,3608,22.6,130,2613,235,235,235,0,130.0,1205,2124,2359,1249,5.0,,full,1,2
UR360-41b8bf52.csv,UGD360,5X-KDP,2026-09-18 16:32,EBB,BJM,HUEN,1.3,yes,17,high,roll,172.0,13,0.1,1,,3595.4,match,3681,46,178,2201,2379,1302,45.0,162.0,153,2303,2456,altitude,full,3675,-2,-2,HBBA,0.2,yes,17,high,roll,170.0,17,2.0,4,,3520.0,,3608,22.6,134,2653,374,374,374,0,135.0,830,1803,2177,1431,17.0,,full / track ends on the runway (roll is a lower bound),-3,-2
UR360-41c111dd.csv,UGD360,5X-KDP,2026-09-20 20:12,EBB,BJM,HUEN,1.2,yes,17,high,roll,171.0,10,1.1,7,,3555.6,match,3681,46,177,3131,3309,372,27.0,178.0,637,2990,3627,altitude,full,3650,-5,-5,HBBA,0.0,yes,17,high,roll,171.0,15,1.0,4,,3560.0,,3608,22.6,144,2624,234,-9,476,486,144.0,476,2106,2340,1268,5.0,,full,1,2
UR360-41c40bf6.csv,UGD360,5X-KOB,2026-09-21 16:39,EBB,BJM,HUEN,1.3,yes,17,high,roll,171.0,6,1.1,3,,3557.5,match,3681,46,176,2585,2761,920,41.0,169.0,776,2373,3149,altitude,full,3725,8,8,HBBA,0.0,yes,17,high,roll,171.0,16,1.0,2,,3560.0,,3608,22.6,130,2722,505,294,717,423,130.0,717,1858,2363,1245,11.0,,full / track ends on the runway (roll is a lower bound),-4,-3
UR360-41c81794.csv,UGD360,5X-KOB,2026-09-22 17:03,EBB,BJM,HUEN,1.3,yes,17,high,roll,171.0,8,1.1,3,,3555.1,match,3681,46,203,2551,2753,928,50.0,174.0,829,2338,3168,altitude,full,3725,-2,-2,HBBA,0.3,yes,17,high,roll,170.0,6,2.0,1,,3520.0,,3608,22.6,132,2691,121,121,121,0,132.0,609,2082,2203,1405,15.0,,full / track ends on the runway (roll is a lower bound),1,2
UR360-41cc0238.csv,UGD360,5X-KDP,2026-09-23 16:27,EBB,BJM,HUEN,1.2,yes,17,high,roll,171.0,7,1.1,4,,3555.7,match,3681,46,223,1988,2211,1469,54.0,165.0,655,1884,2539,altitude,full,3675,-2,-2,HBBA,0.4,yes,17,high,roll,171.0,26,1.0,8,,3560.0,,3608,22.6,123,2657,464,389,538,150,126.0,389,1896,2360,1248,7.0,,full,-1,0
UR360-41d0495a.csv,UGD360,5X-EQU,2026-09-24 17:08,EBB,BJM,HUEN,1.2,yes,17,high,roll,171.0,6,1.1,2,,3557.4,match,3681,46,111,2705,2816,864,18.0,170.0,794,2419,3213,altitude,full,3675,4,4,HBBA,0.4,yes,17,high,roll,171.0,18,1.0,3,,3560.0,,3608,22.6,127,2658,203,203,203,0,128.0,792,1985,2188,1420,13.0,,full / track ends on the runway (roll is a lower bound),8,9
UR360-41d4692e.csv,UGD360,5X-KOB,2026-09-25 16:38,EBB,BJM,HUEN,1.2,yes,17,high,roll,171.0,8,1.1,3,,3554.9,match,3681,46,177,2638,2815,865,17.0,169.0,764,2433,3198,altitude,full,3700,2,2,HBBA,0.1,yes,17,high,roll,171.0,9,1.0,16,,3560.0,,3608,22.6,135,2685,481,481,481,0,134.0,481,1711,2192,1415,17.0,,full / track ends on the runway (roll is a lower bound),-2,-1
UR360-41dc1a6f.csv,UGD360,5X-KDP,2026-09-27 16:23,EBB,BJM,HUEN,1.2,yes,17,high,roll,171.0,10,1.1,2,,3555.6,match,3681,46,114,2458,2571,1109,16.0,164.0,742,2200,2943,altitude,full,4450,-3,-3,HBBA,0.3,yes,17,high,roll,171.0,16,1.0,2,,3560.0,,3608,22.6,132,2696,200,200,200,0,134.0,,2112,2312,1296,15.0,,full / track ends on the runway (roll is a lower bound),-3,-2
UR360-41e0028b.csv,UGD360,5X-KDP,2026-09-28 16:56,EBB,BJM,HUEN,1.2,yes,17,high,roll,172.0,11,0.1,2,,3596.1,match,3681,46,92,2200,2292,1389,18.0,163.0,184,2200,2384,altitude,full,3750,2,2,HBBA,0.0,yes,17,high,roll,170.0,9,2.0,3,,3520.0,,3608,22.6,132,2711,278,278,278,0,132.0,1194,1898,2176,1432,13.0,,full / track ends on the runway (roll is a lower bound),-2,-1
UR360-41e401a3.csv,UGD360,5X-KOB,2026-09-29 16:57,EBB,BJM,HUEN,1.3,yes,17,high,roll,171.0,7,1.1,1,,3556.2,match,3681,46,163,2470,2634,1047,39.0,168.0,795,2236,3031,altitude,full,3700,0,0,HBBA,0.3,yes,17,high,roll,171.0,7,1.0,2,,3560.0,,3608,22.6,137,2675,142,142,142,0,137.0,632,1489,1631,1977,15.0,,full / track ends on the runway (roll is a lower bound),2,3
UR360-41e7fcbc.csv,UGD360,5X-KDP,2026-09-30 16:28,EBB,BJM,HUEN,1.2,yes,17,high,roll,171.0,9,1.1,2,,3555.2,match,3681,46,121,2180,2301,1380,16.0,161.0,660,1971,2631,altitude,full,3725,2,2,HBBA,0.0,yes,17,high,roll,171.0,7,1.0,4,,3560.0,,3608,22.6,128,2716,241,241,241,0,130.0,665,1980,2221,1387,10.0,,full / track ends on the runway (roll is a lower bound),-3,-2
UR360-41ec0adc.csv,UGD360,,2026-10-01 16:24,EBB,BJM,HUEN,1.3,yes,17,high,roll,171.0,7,1.1,3,,3554.4,match,3681,46,193,2590,2782,898,43.0,173.0,676,2444,3121,altitude,full,3675,-2,-2,HBBA,0.1,yes,17,high,roll,171.0,14,1.0,12,,3560.0,,3608,22.6,134,2639,492,492,492,0,134.0,968,1862,2354,1254,6.0,,full,-6,-5
UR360-41f022d8.csv,UGD360,,2026-10-02 16:34,EBB,BJM,HUEN,1.8,yes,35,high,roll,351.0,6,1.1,1,,3556.6,match,3681,46,172,2076,2249,1432,44.0,160.0,568,1965,2532,altitude,full,4325,1,2,HBBA,0.1,yes,17,high,roll,171.0,17,1.0,5,,3560.0,,3608,22.6,132,2671,213,-35,460,495,132.0,926,2145,2358,1250,5.0,,full,-3,-2
UR360-41f8ca4d.csv,UGD360,,2026-10-04 22:21,EBB,BJM,HUEN,1.3,yes,17,high,roll,171.0,7,1.1,3,,3554.6,match,3681,46,178,2546,2725,956,42.0,176.0,711,2369,3080,altitude,full,3725,-3,-3,HBBA,0.4,yes,17,high,roll,170.0,8,2.0,2,,3520.0,,3608,22.6,140,2600,418,418,418,0,135.0,418,1146,1564,2044,12.0,,full / track ends on the runway (roll is a lower bound),-1,0
UR361-3e8cbae2.csv,UGD361,,2026-03-01 17:00,BJM,EBB,HBBA,1.3,yes,17,high,roll,171.0,7,1.0,6,,3560.0,,3608,45,234,2428,2662,946,52.0,159.0,613,2355,2968,altitude,full,3650,3,6,HUEN,0.6,yes,17,high,roll,171.0,9,1.1,2,,3554.8,match,3681,22.9,141,3764,198,198,198,0,141.0,823,2756,2954,726,16.0,,full,-3,-3
UR361-415d1d5d.csv,UGD361,,2026-08-26 16:56,BJM,EBB,HBBA,0.3,yes,17,high,roll,171.0,15,1.0,3,,3560.0,,3608,45,1007,2264,3271,337,18.0,156.0,665,2938,3603,altitude,full,3050,5,9,HUEN,0.6,yes,17,high,roll,171.0,22,1.1,1,,3555.3,,3681,22.9,137,3754,340,340,340,0,137.0,781,2589,2929,751,11.0,,full,1,1
UR361-41754361.csv,UGD361,5X-KOB,2026-09-01 17:35,BJM,EBB,HBBA,1.6,yes,17,high,roll,170.0,13,2.0,20,,3520.0,,3608,45,85,2242,2328,1280,16.0,154.0,528,2063,2592,altitude,full,2550,0,3,HUEN,0.6,yes,17,high,roll,171.0,23,1.1,1,,3555.6,match,3681,22.9,142,3725,729,652,806,153,138.0,459,2201,2930,751,13.0,,full,-2,-2
UR361-41794f1d.csv,UGD361,5X-KDP,2026-09-02 17:24,BJM,EBB,HBBA,1.2,yes,17,high,roll,171.0,21,1.0,13,,3560.0,,3608,45,99,2515,2614,993,18.0,169.0,265,2482,2747,altitude,full,2600,-8,-5,HUEN,0.6,yes,17,high,roll,171.0,9,1.1,1,,3557.0,match,3681,22.9,137,3729,339,339,339,0,137.0,339,2606,2945,736,10.0,,full,3,3
UR361-417d6a6a.csv,UGD361,5X-KDP,2026-09-03 17:31,BJM,EBB,HBBA,1.3,yes,17,high,roll,171.0,7,1.0,5,,3560.0,,3608,45,84,2357,2441,1167,17.0,159.0,660,2111,2771,altitude,full,3575,-2,1,HUEN,0.6,yes,17,high,roll,171.0,24,1.1,2,,3554.6,match,3681,22.9,134,3766,254,254,254,0,134.0,740,2684,2938,743,10.0,,full,0,0
UR361-41818775.csv,UGD361,5X-KOB,2026-09-04 17:29,BJM,EBB,HBBA,0.5,yes,17,high,roll,171.0,6,1.0,5,,3560.0,,3608,45,1061,1978,3040,568,56.0,147.0,521,2779,3300,altitude,no stop captured (rolling take-off),3375,7,11,HUEN,0.6,yes,17,high,roll,171.0,9,1.1,1,,3556.1,match,3681,22.9,138,3809,370,370,370,0,137.0,370,2564,2934,747,13.0,,full,6,6
UR361-41891720.csv,UGD361,5X-EQU,2026-09-06 17:30,BJM,EBB,HBBA,1.3,yes,17,high,roll,171.0,13,1.0,11,,3560.0,,3608,45,88,2151,2238,1370,15.0,157.0,584,1946,2530,altitude,full,3425,-3,0,HUEN,0.7,yes,17,high,roll,171.0,9,1.1,1,,3555.6,match,3681,22.9,142,3724,132,132,132,0,142.0,1229,2794,2926,754,10.0,,full / track ends on the runway (roll is a lower bound),0,0
UR361-418cb5d4.csv,UGD361,5X-KDP,2026-09-07 17:13,BJM,EBB,HBBA,1.3,yes,17,high,roll,171.0,17,1.0,2,,3560.0,,3608,45,98,2154,2252,1356,18.0,161.0,553,1976,2528,altitude,full,2575,-2,1,HUEN,0.6,yes,17,high,roll,171.0,11,1.1,1,,3555.9,match,3681,22.9,136,3724,147,147,147,0,136.0,601,2802,2949,732,11.0,,full,2,2
UR361-4190ae3a.csv,UGD361,5X-KDP,2026-09-08 17:15,BJM,EBB,HBBA,1.5,yes,17,high,roll,171.0,13,1.0,10,,3560.0,,3608,45,96,2123,2219,1389,29.0,158.0,570,1934,2504,altitude,full,2600,-3,0,HUEN,0.7,yes,17,high,roll,171.0,9,1.1,2,,3554.5,match,3681,22.9,140,3745,221,221,221,0,140.0,678,2689,2910,771,9.0,,full / track ends on the runway (roll is a lower bound),-4,-4
UR361-4194da2f.csv,UGD361,5X-KDP,2026-09-09 17:38,BJM,EBB,HBBA,1.4,yes,17,high,roll,170.0,9,2.0,22,,3520.0,,3608,45,83,2425,2508,1100,15.0,156.0,749,2133,2882,altitude,full,3600,-9,-6,HUEN,0.6,yes,17,high,roll,171.0,11,1.1,16,,3554.4,match,3681,22.9,131,3756,453,453,453,0,130.0,912,2482,2935,746,11.0,,full,-4,-4
UR361-4198ed71.csv,UGD361,5X-KDP,2026-09-10 17:26,BJM,EBB,HBBA,1.5,yes,17,high,roll,171.0,11,1.0,3,,3560.0,,3608,45,74,2473,2547,1061,16.0,163.0,753,2171,2924,altitude,full,2575,1,4,HUEN,0.6,yes,17,high,roll,171.0,17,1.1,2,,3555.0,match,3681,22.9,141,3728,269,23,516,494,141.0,516,2673,2942,738,7.0,,full,1,1
UR361-419d1cc4.csv,UGD361,5X-KOB,2026-09-11 17:15,BJM,EBB,HBBA,1.3,yes,17,high,roll,171.0,18,1.0,5,,3560.0,,3608,45,106,1859,1965,1643,28.0,149.0,931,1500,2431,altitude,full,2600,0,3,HUEN,0.6,yes,17,high,roll,171.0,10,1.1,2,,3555.0,match,3681,22.9,135,3768,279,279,279,0,135.0,745,2662,2941,740,17.0,,full,-2,-2
UR361-41a4d512.csv,UGD361,5X-EQU,2026-09-13 17:45,BJM,EBB,HBBA,1.4,yes,17,high,roll,171.0,9,1.0,4,,3560.0,,3608,45,107,2412,2519,1089,15.0,161.0,746,2146,2892,altitude,full,2600,-3,0,HUEN,0.7,yes,17,high,roll,171.0,11,1.1,1,,3555.1,match,3681,22.9,140,3706,167,167,167,0,140.0,652,2774,2941,740,12.0,,full,-2,-2
UR361-41a8924e.csv,UGD361,5X-EQU,2026-09-14 17:25,BJM,EBB,HBBA,1.3,yes,17,high,roll,171.0,8,1.0,3,,3560.0,,3608,45,94,2408,2502,1106,16.0,181.0,712,2146,2858,altitude,full,3625,-3,0,HUEN,0.7,yes,17,high,roll,171.0,20,1.1,7,,3556.4,match,3681,22.9,140,3735,483,483,483,0,138.0,917,2469,2952,729,14.0,,full,0,0
UR361-41aca66a.csv,UGD361,5X-KDP,2026-09-15 17:23,BJM,EBB,HBBA,1.5,yes,17,high,roll,171.0,15,1.0,3,,3560.0,,3608,45,70,2041,2111,1497,15.0,151.0,603,1809,2412,altitude,full,2625,-1,2,HUEN,0.6,yes,17,high,roll,171.0,10,1.1,5,,3555.6,match,3681,22.9,141,3771,212,-40,463,503,141.0,911,2715,2927,754,9.0,,full / track ends on the runway (roll is a lower bound),3,3
UR361-41b15ec7.csv,UGD361,5X-KOB,2026-09-16 20:05,BJM,EBB,HBBA,1.3,yes,35,high,roll,351.0,9,1.0,9,,3560.0,,3608,45,64,2321,2385,1223,17.0,166.0,210,2280,2490,altitude,full,2500,9,9,HUEN,0.7,yes,17,high,roll,171.0,8,1.1,1,,3555.8,match,3681,22.9,144,3710,329,64,594,530,144.0,1056,2601,2930,751,9.0,,full,1,1
UR361-41b92d13.csv,UGD361,5X-KDP,2026-09-18 17:17,BJM,EBB,HBBA,1.3,yes,17,high,roll,170.0,7,2.0,9,,3520.0,,3608,45,101,2470,2571,1037,24.0,156.0,648,2247,2895,altitude,full,3575,-2,1,HUEN,0.6,yes,17,high,roll,171.0,10,1.1,9,,3555.4,match,3681,22.9,143,3742,555,555,555,0,138.0,1020,2386,2941,740,17.0,,full,0,0
UR361-41c15e1f.csv,UGD361,5X-KDP,2026-09-20 20:59,BJM,EBB,HBBA,1.3,yes,17,high,roll,171.0,7,1.0,2,,3560.0,,3608,45,83,2277,2360,1248,17.0,161.0,698,2011,2709,altitude,full,,4,7,HUEN,0.8,yes,17,high,roll,171.0,12,1.1,11,,3556.9,match,3681,22.9,145,3731,647,555,740,185,146.0,222,2288,2935,746,7.0,,full,0,0
UR361-41c47829.csv,UGD361,5X-KOB,2026-09-21 17:37,BJM,EBB,HBBA,1.3,yes,17,high,roll,171.0,8,1.0,19,,3560.0,,3608,45,224,1974,2198,1410,53.0,159.0,540,1928,2468,altitude,full,2650,1,4,HUEN,0.7,yes,17,high,roll,171.0,9,1.1,2,,3556.8,match,3681,22.9,139,3775,244,2,485,483,139.0,1081,2701,2945,736,8.0,,full,7,7
UR361-41c86b89.csv,UGD361,5X-KOB,2026-09-22 17:34,BJM,EBB,HBBA,1.2,yes,17,high,roll,171.0,13,1.0,1,,3560.0,,3608,45,72,2590,2662,945,15.0,177.0,164,2580,2744,altitude,full,2625,2,5,HUEN,0.6,yes,17,high,roll,171.0,10,1.1,6,,3554.8,match,3681,22.9,135,3743,39,-44,122,166,135.0,735,2910,2949,731,9.0,,full,-3,-3
UR361-41cc7365.csv,UGD361,5X-KDP,2026-09-23 17:23,BJM,EBB,HBBA,1.2,yes,17,high,roll,171.0,21,1.0,1,,3560.0,,3608,45,84,1790,1874,1734,17.0,147.0,578,1585,2163,altitude,full,2600,1,4,HUEN,0.6,yes,17,high,roll,171.0,9,1.1,2,,3555.2,match,3681,22.9,139,3695,223,223,223,0,138.0,223,2722,2945,736,19.0,,full,1,1
UR361-41d0ac3c.csv,UGD361,5X-EQU,2026-09-24 17:47,BJM,EBB,HBBA,1.2,yes,17,high,roll,171.0,20,1.0,2,,3560.0,,3608,45,76,2834,2910,698,21.0,173.0,783,2519,3301,altitude,full,2575,3,7,HUEN,0.6,yes,17,high,roll,171.0,21,1.1,4,,3555.5,match,3681,22.9,144,3714,85,85,85,0,145.0,596,2860,2945,736,10.0,,full,-1,-1
UR361-41d4ceaa.csv,UGD361,5X-KOB,2026-09-25 17:18,BJM,EBB,HBBA,1.3,yes,17,high,roll,171.0,7,1.0,3,,3560.0,,3608,45,118,2186,2304,1304,15.0,162.0,604,2002,2605,altitude,full,3525,1,4,HUEN,0.7,yes,17,high,roll,171.0,9,1.1,3,,3554.3,match,3681,22.9,149,3742,231,231,231,0,149.0,714,2721,2952,729,8.0,,full,-2,-2
UR361-41dc8137.csv,UGD361,5X-KDP,2026-09-27 17:19,BJM,EBB,HBBA,1.4,yes,17,high,roll,171.0,9,1.0,8,,3560.0,,3608,45,171,2422,2593,1015,39.0,161.0,714,2236,2950,altitude,full,2650,-3,0,HUEN,0.6,yes,17,high,roll,171.0,21,1.1,2,,3555.0,match,3681,22.9,140,3783,314,314,314,0,139.0,906,2636,2950,730,18.0,,full,-1,-1
UR361-41e0546b.csv,UGD361,5X-KDP,2026-09-28 17:26,BJM,EBB,HBBA,1.3,yes,17,high,roll,171.0,21,1.0,12,,3560.0,,3608,45,84,1890,1974,1634,20.0,155.0,224,1861,2086,altitude,full,3800,-4,-1,HUEN,0.6,yes,17,high,roll,171.0,10,1.1,2,,3554.7,match,3681,22.9,133,3772,310,310,310,0,133.0,310,2616,2926,755,12.0,,full,-3,-3
UR361-41e45e94.csv,UGD361,5X-KOB,2026-09-29 17:28,BJM,EBB,HBBA,1.3,yes,17,high,roll,171.0,17,1.0,11,,3560.0,,3608,45,76,2109,2185,1423,19.0,167.0,152,2109,2261,altitude,full,2600,2,5,HUEN,0.6,yes,17,high,roll,171.0,10,1.1,2,,3555.0,match,3681,22.9,137,3746,254,254,254,0,135.0,703,2694,2948,733,12.0,,full,0,0
UR361-41e8607c.csv,UGD361,5X-KDP,2026-09-30 17:12,BJM,EBB,HBBA,1.3,yes,17,high,roll,171.0,8,1.0,15,,3560.0,,3608,45,242,2154,2396,1212,53.0,159.0,819,1986,2805,altitude,full,3725,0,3,HUEN,0.6,yes,17,high,roll,171.0,10,1.1,1,,3556.3,match,3681,22.9,131,3773,454,454,454,0,127.0,454,2491,2945,736,11.0,,full,2,2
UR361-41ec8036.csv,UGD361,,2026-10-01 17:27,BJM,EBB,HBBA,1.1,yes,17,high,roll,170.0,10,2.0,4,,3520.0,,3608,45,132,2422,2554,1054,21.0,167.0,177,2466,2643,altitude,full,2575,-5,-2,HUEN,0.8,yes,35,high,roll,351.0,10,1.1,1,,3556.6,match,3681,22.9,130,3687,67,67,67,0,130.0,514,3005,3072,609,9.0,,full,-1,0
UR361-41f08564.csv,UGD361,,2026-10-02 17:13,BJM,EBB,HBBA,1.3,yes,17,high,roll,171.0,21,1.0,3,,3560.0,,3608,45,107,2016,2123,1485,22.0,151.0,618,1814,2432,altitude,full,2625,0,3,HUEN,0.9,yes,17,high,roll,171.0,11,1.1,2,,3555.2,match,3681,22.9,148,3755,355,355,355,0,149.0,879,3289,3644,37,8.0,,full,-1,-1
UR430-3ea2c7fe.csv,UGD430,,2026-03-07 13:43,EBB,BOM,HUEN,1.0,yes,17,high,roll,171.0,20,1.1,1,,3556.2,,3681,46,166,2724,2890,791,22.0,174.0,215,2782,2997,altitude,full,3650,3,3,VABB,3.8,no,27,medium,approach-alignment,269.2,1,0.2,10,,3591.3,,,,,,,,,,,,,,,,,,,
UR430-4179f0a0.csv,UGD430,5X-NIL,2026-09-02 21:36,EBB,BOM,HUEN,1.3,yes,17,high,roll,171.0,7,1.1,4,,3555.8,match,3681,46,198,2169,2367,1314,37.0,169.0,620,2057,2677,altitude,full,3575,1,1,VABB,1.2,yes,27,medium,approach-heading,269.0,5,0.0,5,,1705.6,,,,,,,,,,,,,,,,,,,
UR430-41849343.csv,UGD430,5X-NIL,2026-09-05 14:15,EBB,BOM,HUEN,1.3,yes,17,high,roll,172.0,7,0.1,2,,3596.0,match,3681,46,201,1830,2031,1650,36.0,150.0,534,1763,2298,altitude,full,3650,-1,-1,VABB,3.2,yes,27,medium,approach-heading,269.0,6,0.0,21,,1680.4,,,,,,,,,,,,,,,,,,,
UR430-41956039.csv,UGD430,5X-NIL,2026-09-09 21:16,EBB,BOM,HUEN,1.3,yes,17,high,roll,171.0,8,1.1,3,,3555.4,match,3681,46,180,2341,2521,1159,36.0,164.0,541,2251,2792,altitude,full,3650,2,2,VABB,1.6,yes,27,medium,approach-heading,269.0,3,0.0,6,,1622.6,,,,,,,,,,,,,,,,,,,
UR430-41a041f5.csv,UGD430,5X-NIL,2026-09-12 14:05,EBB,BOM,HUEN,1.0,yes,17,high,roll,171.0,18,1.1,1,,3556.9,match,3681,46,153,2529,2681,1000,15.0,168.0,579,2392,2971,altitude,full,4175,2,2,VABB,1.0,yes,27,medium,roll,270.0,2,1.0,8,,3560.0,,3479,30.0,,,2642,2642,2642,0,58.0,,253,2895,584,20.0,2866,no deceleration captured (coarse export),5,-1
UR430-41b17dd5.csv,UGD430,5X-NIL,2026-09-16 21:45,EBB,BOM,HUEN,1.2,yes,17,high,roll,171.0,14,1.1,1,,3555.8,match,3681,46,203,2664,2868,813,20.0,170.0,794,2471,3265,altitude,full,3650,1,1,VABB,0.4,yes,27,medium,approach-heading,269.0,6,0.0,5,,1620.1,,,,,,,,,,,,,,,,,,,
UR430-41bc4c6c.csv,UGD430,5X-NIL,2026-09-19 14:14,EBB,BOM,HUEN,1.4,yes,17,high,roll,171.0,6,1.1,2,,3555.9,match,3681,46,149,1872,2021,1660,21.0,145.0,571,1736,2307,altitude,full,3600,-2,-2,VABB,1.8,yes,27,medium,approach-heading,269.0,8,0.0,4,,1074.2,,,,,,,,,,,,,,,,,,,
UR430-41cd1b1c.csv,UGD430,5X-NIL,2026-09-23 21:41,EBB,BOM,HUEN,1.3,yes,17,high,roll,171.0,12,1.1,3,,3554.8,match,3681,46,182,2505,2687,994,21.0,169.0,728,2323,3051,altitude,full,3575,1,1,VABB,0.9,yes,27,medium,approach-heading,269.0,8,0.0,4,,1407.8,,,,,,,,,,,,,,,,,,,
UR430-41d7e73d.csv,UGD430,5X-NIL,2026-09-26 14:03,EBB,BOM,HUEN,1.3,yes,17,high,roll,171.0,11,1.1,2,,3555.2,match,3681,46,196,2299,2496,1185,21.0,161.0,529,2231,2760,altitude,full,3700,-1,-1,VABB,0.4,yes,27,medium,approach-heading,269.0,8,0.0,6,,1622.6,,,,,,,,,,,,,,,,,,,
UR430-41e8fb3a.csv,UGD430,,2026-09-30 21:17,EBB,BOM,HUEN,1.3,yes,17,high,roll,171.0,7,1.1,3,,3554.7,match,3681,46,190,2618,2808,872,38.0,170.0,615,2501,3116,altitude,full,3700,1,1,VABB,1.0,yes,27,medium,approach-heading,269.0,5,0.0,4,,1601.0,,,,,,,,,,,,,,,,,,,
UR430-41f390ca.csv,UGD430,,2026-10-03 14:03,EBB,BOM,HUEN,1.1,yes,17,high,roll,171.0,11,1.1,1,,3556.2,match,3681,46,204,2243,2447,1234,16.0,161.0,513,2190,2703,altitude,full,4400,-2,-2,VABB,1.2,yes,27,medium,approach-heading,269.0,3,0.0,2,,1735.3,,,,,,,,,,,,,,,,,,,
UR431-3ea437f5.csv,UGD431,,2026-03-08 01:33,BOM,EBB,VABB,1.2,yes,27,medium,climb-heading,269.0,8,0.0,194,,1709.8,,,,,,,,,,,,,,,,,,HUEN,1.0,yes,17,high,roll,168.0,16,4.1,1,,3436.4,match,3681,22.9,159,3739,299,299,299,0,160.0,985,2643,2942,739,17.0,1216,full,1,1
UR431-416a8875.csv,UGD431,5X-NIL,2026-08-30 01:26,BOM,EBB,VABB,0.3,yes,27,high,roll,269.0,14,0.0,1,,3600.0,,3479,60,217,2188,2405,1074,19.0,114.0,2629,1090,3720,altitude,full,900,0,-6,HUEN,0.6,yes,17,high,roll,171.0,10,1.1,11,,3556.9,match,3681,22.9,140,3679,397,397,397,0,142.0,397,2554,2951,730,12.0,3054,full,-1,-1
UR431-417b497a.csv,UGD431,5X-NIL,2026-09-03 08:38,BOM,EBB,VABB,0.9,yes,27,high,roll,270.0,16,1.0,3,,3560.0,,3479,60,181,1794,1975,1504,15.0,135.0,620,1666,2285,altitude,full,150,4,-1,HUEN,0.9,yes,17,high,roll,171.0,8,1.1,2,,3557.3,match,3681,22.9,152,3684,349,349,349,0,150.0,1399,2593,2942,739,18.0,999,full,4,4
UR431-41864480.csv,UGD431,5X-NIL,2026-09-06 01:32,BOM,EBB,VABB,1.6,yes,27,high,roll,269.0,10,0.0,3,,3600.0,,3479,60,235,1915,2151,1328,22.0,136.0,1709,1296,3005,altitude,full,125,3,-2,HUEN,0.6,yes,35,high,roll,351.0,10,1.1,1,,3556.3,match,3681,22.9,147,3701,251,3,498,495,147.0,974,2825,3076,605,7.0,2710,full,0,1
UR431-4196cfb0.csv,UGD431,5X-NIL,2026-09-10 08:31,BOM,EBB,VABB,1.3,yes,27,high,roll,270.0,11,1.0,6,,3560.0,,3479,60,214,2037,2251,1228,19.0,160.0,782,1860,2642,altitude,full,,7,1,HUEN,0.9,yes,17,high,roll,172.0,9,0.1,14,,3596.5,match,3681,22.9,150,3604,453,453,453,0,148.0,901,2486,2939,742,16.0,841,full,2,2
UR431-41a205d7.csv,UGD431,5X-NIL,2026-09-13 01:21,BOM,EBB,VABB,1.2,yes,27,high,roll,270.0,10,1.0,2,,3560.0,,3479,60,200,2907,3107,373,16.0,140.0,1116,2549,3665,altitude,full,850,8,0,HUEN,0.7,yes,35,high,roll,351.0,10,1.1,2,,3555.7,match,3681,22.9,147,3673,320,320,320,0,147.0,320,2757,3077,604,9.0,2444,full,2,3
UR431-41b2dfd1.csv,UGD431,5X-NIL,2026-09-17 08:39,BOM,EBB,VABB,1.1,yes,27,high,roll,269.0,15,0.0,3,,3600.0,,3479,60,,,,,,,,,,,,,,,HUEN,0.7,yes,17,high,roll,171.0,8,1.1,2,,3554.9,match,3681,22.9,145,3619,221,221,221,0,146.0,,2713,2934,747,18.0,998,full,-4,-4
UR431-41bdeae1.csv,UGD431,5X-NIL,2026-09-20 00:54,BOM,EBB,VABB,1.4,yes,27,high,roll,270.0,10,1.0,1,,3560.0,,3479,60,,,,,,,,,,,,,,,HUEN,1.0,yes,17,high,roll,171.0,13,1.1,2,,3554.7,match,3681,22.9,163,3694,85,85,85,0,163.0,652,2856,2941,740,16.0,1216,full,-1,-1
UR431-41ce7ca8.csv,UGD431,5X-NIL,2026-09-24 08:33,BOM,EBB,VABB,0.9,yes,27,high,roll,270.0,9,1.0,2,,3560.0,,3479,60,207,449,657,2822,17.0,88.0,0,657,657,speed fallback (below the altitude-valid speed),full / no wheel-off signature,,2,0,HUEN,0.8,yes,17,high,roll,171.0,8,1.1,2,,3555.7,match,3681,22.9,154,3600,356,-3,714,717,154.0,1301,2602,2958,723,17.0,999,full,-3,-3
UR431-41d9c242.csv,UGD431,5X-NIL,2026-09-27 01:46,BOM,EBB,VABB,1.4,yes,27,high,roll,270.0,10,1.0,7,,3560.0,,3479,60,213,1592,1805,1674,17.0,112.0,1644,983,2627,altitude,full,,4,-1,HUEN,0.9,yes,35,high,roll,351.0,20,1.1,2,,3556.6,match,3681,22.9,144,3673,277,-26,580,606,144.0,1137,2795,3072,609,12.0,2443,full,-3,-2
UR431-41ea6abb.csv,UGD431,,2026-10-01 08:19,BOM,EBB,VABB,0.2,yes,27,high,roll,270.0,16,1.0,2,,3560.0,,3479,60,194,2341,2535,944,18.0,133.0,2611,1230,3841,altitude,full,25,2,-4,HUEN,0.8,yes,35,high,roll,351.0,28,1.1,7,,3554.9,match,3681,22.9,146,3596,450,381,519,138,147.0,381,2626,3076,604,9.0,2753,full,0,1
UR431-41f54494.csv,UGD431,,2026-10-04 01:23,BOM,EBB,VABB,0.1,yes,27,high,roll,270.0,11,1.0,3,,3560.0,,3479,60,158,418,576,2903,15.0,80.0,0,576,576,speed fallback (below the altitude-valid speed),full / no wheel-off signature,,4,2,HUEN,0.7,yes,35,high,roll,351.0,9,1.1,2,,3556.8,match,3681,22.9,144,3721,373,373,373,0,144.0,373,2702,3075,606,10.0,2910,full,5,6
UR4400-3b3ebbea.csv,UGD4400,,2025-07-14 10:39,EBB,WDH,HUEN,1.3,yes,17,high,roll,171.0,7,1.1,2,,3555.7,,3681,46,231,1947,2178,1503,45.0,157.0,792,1781,2574,altitude,full,3525,-1,-1,FYWH,6.5,no,,,,,,,,,,,,,,,,,,,,,,,,,,,,
UR4400-3b3fe0cf.csv,UGD4400,,2025-07-14 16:07,WDH,EBB,FYWH,6.4,no,,,,,,,,,,,,,,,,,,,,,,,,,,,HUEN,0.8,yes,17,high,roll,171.0,8,1.1,2,,3554.9,,3681,22.9,146,3629,425,142,708,567,146.0,1244,2517,2942,739,21.0,,full,-5,-5
UR444-3db989ea.csv,UGD444,,2025-12-31 22:34,EBB,DXB,HUEN,1.3,yes,17,high,roll,171.0,11,1.1,3,,3554.4,,3681,46,131,2252,2383,1298,24.0,172.0,591,2088,2679,altitude,full,,0,0,OMDB,5.4,yes,30L,medium,approach-heading,301.0,11,0.0,3,1391,1387.9,,,,,,,,,,,,,,,,,,,
UR444-3e645a08.csv,UGD444,,2026-02-18 22:29,EBB,DXB,HUEN,1.2,yes,17,high,roll,171.0,10,1.1,2,,3555.0,,3681,46,107,2942,3049,632,18.0,187.0,619,2740,3359,altitude,full,,2,2,OMDB,5.2,yes,30L,medium,approach-heading,301.0,13,0.0,2,1530,1528.6,,,,,,,,,,,,,,,,,,,
UR445-3dba7a13.csv,UGD445,,2026-01-01 07:51,DXB,EBB,OMDB,2.6,yes,30R,high,roll,300.0,3,1.0,6,,3560.0,,3599,60,,,,,,,,,,,,,,,HUEN,0.8,yes,17,high,roll,171.0,8,1.1,1,,3557.1,,3681,22.9,149,3697,294,294,294,0,150.0,294,2651,2945,736,22.0,,full,0,0
UR445-3e658e86.csv,UGD445,,2026-02-19 07:24,DXB,EBB,OMDB,2.5,yes,30R,high,roll,301.0,3,0.0,8,,3600.0,,3599,60,,,,,,,,,,,,,,,HUEN,0.6,yes,17,high,roll,171.0,24,1.1,4,,3556.7,,3681,22.9,133,3657,151,151,151,0,133.0,596,2797,2948,733,27.0,1060,full,1,1
UR520-3ebbf9c8.csv,UGD520,,2026-03-14 05:01,EBB,MGQ,HUEN,1.2,yes,17,high,roll,171.0,8,1.1,2,,3555.9,,3681,46,119,2777,2896,785,25.0,172.0,615,2588,3204,altitude,full,3775,2,2,HCMM,3.7,yes,,,,,,,,,,,,,,,,,,,,,,,,,,,,
UR520-416b68d0.csv,UGD520,,2026-08-30 05:05,EBB,MGQ,HUEN,1.2,yes,17,high,roll,171.0,11,1.1,4,,3556.3,match,3681,46,108,2741,2850,831,20.0,168.0,792,2454,3246,altitude,full,3650,5,5,HCMM,9.3,no,,,,,,,,,,,,,,,,,,,,,,,,,,,,
UR520-41730ef2.csv,UGD520,5X-KDP,2026-09-01 05:06,EBB,MGQ,HUEN,1.3,yes,17,high,roll,171.0,16,1.1,3,,3556.4,match,3681,46,109,2784,2893,788,18.0,171.0,214,2786,3000,altitude,full,3650,14,14,,,,,,,,,,,,,,,,,,,,,,,,,,,,,,,
UR520-417f5329.csv,UGD520,5X-EQU,2026-09-04 05:07,EBB,MGQ,HUEN,1.3,yes,17,high,roll,171.0,6,1.1,2,,3557.0,match,3681,46,83,2340,2423,1258,19.0,170.0,582,2132,2714,altitude,full,4450,3,3,,,,,,,,,,,,,,,,,,,,,,,,,,,,,,,
UR520-41836393.csv,UGD520,5X-KDP,2026-09-05 04:55,EBB,MGQ,HUEN,1.1,yes,17,high,roll,171.0,9,1.1,1,,3557.1,match,3681,46,135,2959,3093,587,24.0,176.0,582,2802,3384,altitude,full,3700,1,1,HCMM,11.7,no,,,,,,,,,,,,,,,,,,,,,,,,,,,,
UR520-41871519.csv,UGD520,5X-KOB,2026-09-06 05:07,EBB,MGQ,HUEN,1.7,yes,35,high,roll,352.0,7,0.1,3,,3595.8,match,3681,46,229,2737,2966,715,47.0,174.0,809,2562,3371,altitude,full,,-4,-3,,,,,,,,,,,,,,,,,,,,,,,,,,,,,,,
UR520-418e9139.csv,UGD520,5X-KOB,2026-09-08 04:53,EBB,MGQ,HUEN,1.2,yes,17,high,roll,172.0,6,0.1,2,,3596.3,match,3681,46,73,2963,3036,644,15.0,175.0,774,2649,3423,altitude,full,3675,5,5,HCMM,2.8,yes,,,,,,,,,,,,,,,,,,,,,,,,,,,,
UR520-419aec40.csv,UGD520,5X-EQU,2026-09-11 05:13,EBB,MGQ,HUEN,1.1,yes,17,high,roll,171.0,7,1.1,2,,3555.9,match,3681,46,178,3380,3558,122,36.0,185.0,816,3150,3967,altitude,full,3650,2,2,HCMM,4.0,yes,,,,,,,,,,,,,,,,,,,,,,,,,,,,
UR520-419f1e8c.csv,UGD520,5X-EQU,2026-09-12 05:09,EBB,MGQ,HUEN,1.0,yes,17,high,roll,172.0,7,0.1,3,,3596.6,match,3681,46,101,2808,2908,772,17.0,174.0,815,2501,3316,altitude,full,,1,1,HCMM,3.8,yes,,,,,,,,,,,,,,,,,,,,,,,,,,,,
UR520-41a2e544.csv,UGD520,5X-KOB,2026-09-13 05:15,EBB,MGQ,HUEN,1.0,yes,17,high,roll,171.0,8,1.1,1,,3555.9,match,3681,46,212,3034,3247,434,40.0,178.0,629,2932,3561,altitude,full,,3,3,HCMM,4.3,yes,,,,,,,,,,,,,,,,,,,,,,,,,,,,
UR520-41aa7af2.csv,UGD520,5X-EQU,2026-09-15 05:05,EBB,MGQ,HUEN,1.2,yes,17,high,roll,171.0,13,1.1,3,,3555.6,match,3681,46,106,2827,2933,748,21.0,174.0,228,2819,3047,altitude,full,3650,-2,-2,HCMM,4.1,yes,,,,,,,,,,,,,,,,,,,,,,,,,,,,
UR520-41b6edf9.csv,UGD520,5X-EQU,2026-09-18 04:47,EBB,EBB,HUEN,1.3,yes,17,high,roll,171.0,7,1.1,5,,3555.7,match,3681,46,190,2307,2497,1183,48.0,174.0,716,2139,2855,altitude,full,3650,-3,-3,HUEN,0.9,yes,17,high,roll,171.0,14,1.1,1,,3555.2,match,3681,22.9,160,3726,1926,172,3681,3509,48.0,911,2418,4344,-663,191.0,,full,-1,-1
UR520-41bb2cf4.csv,UGD520,5X-KOB,2026-09-19 05:13,EBB,MGQ,HUEN,1.1,yes,17,high,roll,171.0,10,1.1,1,,3555.5,match,3681,46,120,3378,3498,183,23.0,188.0,859,3069,3928,altitude,full,,1,1,HCMM,22.5,no,,,,,,,,,,,,,,,,,,,,,,,,,,,,
UR520-41bed349.csv,UGD520,5X-KOB,2026-09-20 05:05,EBB,MGQ,HUEN,1.2,yes,17,high,roll,171.0,9,1.1,6,,3556.0,match,3681,46,94,2794,2888,792,15.0,178.0,182,2797,2979,altitude,full,3650,0,0,HCMM,10.2,no,,,,,,,,,,,,,,,,,,,,,,,,,,,,
UR520-41c641c3.csv,UGD520,5X-KDP,2026-09-22 05:07,EBB,MGQ,HUEN,1.2,yes,17,high,roll,172.0,7,0.1,2,,3596.2,match,3681,46,92,3400,3492,189,22.0,185.0,846,3069,3915,altitude,full,3700,1,1,HCMM,16.9,no,,,,,,,,,,,,,,,,,,,,,,,,,,,,
UR520-41d29ef4.csv,UGD520,5X-KDP,2026-09-25 05:09,EBB,MGQ,HUEN,1.2,yes,17,high,roll,171.0,13,1.1,2,,3556.0,match,3681,46,118,3505,3623,58,22.0,193.0,622,3312,3934,altitude,full,3650,-2,-2,HCMM,4.1,yes,,,,,,,,,,,,,,,,,,,,,,,,,,,,
UR520-41d6bc21.csv,UGD520,5X-EQU,2026-09-26 04:50,EBB,MGQ,HUEN,1.1,yes,17,high,roll,172.0,12,0.1,3,,3596.3,match,3681,46,95,3046,3141,539,16.0,179.0,659,2812,3471,altitude,full,3675,7,7,HCMM,4.9,yes,,,,,,,,,,,,,,,,,,,,,,,,,,,,
UR520-41da89cb.csv,UGD520,5X-KOB,2026-09-27 04:54,EBB,MGQ,HUEN,1.1,yes,17,high,roll,171.0,12,1.1,13,,3556.4,match,3681,46,167,3009,3176,505,39.0,179.0,447,2952,3399,altitude,full,3675,6,6,HCMM,4.1,yes,,,,,,,,,,,,,,,,,,,,,,,,,,,,
UR520-41e233f0.csv,UGD520,5X-KDP,2026-09-29 05:06,EBB,MGQ,HUEN,1.1,yes,17,high,roll,171.0,13,1.1,10,,3556.0,match,3681,46,151,3082,3233,447,35.0,182.0,205,3131,3336,altitude,full,3700,-6,-6,HCMM,3.4,yes,,,,,,,,,,,,,,,,,,,,,,,,,,,,
UR520-41ee744d.csv,UGD520,,2026-10-02 05:21,EBB,MGQ,HUEN,1.6,yes,35,high,roll,352.0,20,0.1,3,,3596.3,match,3681,46,94,2809,2902,779,20.0,175.0,178,2813,2991,altitude,full,3625,-1,0,HCMM,3.5,yes,,,,,,,,,,,,,,,,,,,,,,,,,,,,
UR520-41f27345.csv,UGD520,,2026-10-03 04:50,EBB,MGQ,HUEN,1.1,yes,17,high,roll,171.0,8,1.1,2,,3555.4,match,3681,46,100,3048,3149,532,16.0,179.0,650,2824,3474,altitude,full,,-2,-2,HCMM,4.8,yes,,,,,,,,,,,,,,,,,,,,,,,,,,,,
UR520-41f6251e.csv,UGD520,,2026-10-04 05:03,EBB,MGQ,HUEN,1.7,yes,35,high,roll,351.0,14,1.1,2,,3557.0,match,3681,46,122,3163,3285,396,19.0,174.0,780,2895,3675,altitude,full,3700,0,1,HCMM,4.3,yes,,,,,,,,,,,,,,,,,,,,,,,,,,,,
UR521-3ebc5e3d.csv,UGD521,,2026-03-14 08:47,MGQ,EBB,HCMM,1.0,yes,,,,,,,,,,,,,,,,,,,,,,,,,,,HUEN,0.6,yes,17,high,roll,171.0,10,1.1,14,,3556.4,,3681,22.9,138,3757,407,407,407,0,137.0,928,2543,2950,731,10.0,,full,0,0
UR521-416bcc4a.csv,UGD521,,2026-08-30 08:50,MGQ,EBB,HCMM,0.3,yes,,,,,,,,,,,,,,,,,,,,,,,,,,,HUEN,0.6,yes,17,high,roll,171.0,15,1.1,11,,3555.9,match,3681,22.9,135,3625,449,449,449,0,133.0,449,2493,2942,739,12.0,,full,2,2
UR521-41738635.csv,UGD521,5X-KDP,2026-09-01 09:23,MGQ,EBB,HCMM,0.3,yes,,,,,,,,,,,,,,,,,,,,,,,,,,,HUEN,0.6,yes,17,high,roll,171.0,19,1.1,1,,3556.7,match,3681,22.9,135,3633,308,308,308,0,136.0,797,2623,2931,750,11.0,,full,3,3
UR521-417fcc42.csv,UGD521,5X-EQU,2026-09-04 09:21,MGQ,EBB,HCMM,0.3,yes,,,,,,,,,,,,,,,,,,,,,,,,,,,HUEN,0.9,yes,17,high,roll,171.0,13,1.1,1,,3556.7,match,3681,22.9,146,3664,218,218,218,0,146.0,724,3435,3653,28,9.0,,full,0,0
UR521-4183ce5c.csv,UGD521,5X-KDP,2026-09-05 08:43,MGQ,EBB,HCMM,1.3,yes,,,,,,,,,,,,,,,,,,,,,,,,,,,HUEN,0.7,yes,17,high,roll,171.0,9,1.1,1,,3557.3,match,3681,22.9,138,3679,300,28,573,545,138.0,573,2636,2936,744,14.0,,full,1,1
UR521-41877c32.csv,UGD521,5X-KOB,2026-09-06 09:28,MGQ,EBB,HCMM,0.3,yes,,,,,,,,,,,,,,,,,,,,,,,,,,,HUEN,0.9,yes,17,high,roll,171.0,8,1.1,2,,3557.4,match,3681,22.9,147,3628,253,17,488,472,147.0,488,2676,2929,752,13.0,,full,5,5
UR521-418f0818.csv,UGD521,5X-KOB,2026-09-08 08:43,MGQ,EBB,HCMM,2.0,yes,,,,,,,,,,,,,,,,,,,,,,,,,,,HUEN,0.8,yes,17,high,roll,171.0,7,1.1,1,,3557.1,match,3681,22.9,145,3599,340,340,340,0,145.0,826,2595,2935,746,15.0,,full,1,1
UR521-419b73a8.csv,UGD521,5X-EQU,2026-09-11 09:17,MGQ,EBB,,,,,,,,,,,,,,,,,,,,,,,,,,,,,,HUEN,0.7,yes,17,high,roll,171.0,8,1.1,3,,3557.1,match,3681,22.9,145,3624,234,-12,480,492,145.0,480,2704,2938,743,11.0,,full,-1,-1
UR521-419f8122.csv,UGD521,5X-EQU,2026-09-12 08:30,MGQ,EBB,HCMM,1.1,yes,,,,,,,,,,,,,,,,,,,,,,,,,,,HUEN,0.6,yes,17,high,roll,171.0,10,1.1,3,,3556.8,match,3681,22.9,139,3648,233,-23,488,511,139.0,488,2715,2948,732,9.0,,full,3,3
UR521-41a34664.csv,UGD521,5X-KOB,2026-09-13 08:48,MGQ,EBB,HCMM,1.3,yes,,,,,,,,,,,,,,,,,,,,,,,,,,,HUEN,0.7,yes,17,high,roll,171.0,8,1.1,1,,3556.8,match,3681,22.9,148,3655,316,33,599,567,148.0,1091,2632,2948,733,10.0,,full,2,2
UR521-41aaef9c.csv,UGD521,5X-EQU,2026-09-15 08:52,MGQ,EBB,HCMM,1.3,yes,,,,,,,,,,,,,,,,,,,,,,,,,,,HUEN,0.8,yes,17,high,roll,171.0,27,1.1,1,,3556.8,match,3681,22.9,146,3643,402,126,677,551,146.0,677,2543,2945,736,18.0,,full,-2,-2
UR521-41bb91a1.csv,UGD521,5X-KOB,2026-09-19 08:45,MGQ,EBB,HCMM,1.5,yes,,,,,,,,,,,,,,,,,,,,,,,,,,,HUEN,0.7,yes,17,high,roll,171.0,22,1.1,7,,3557.2,match,3681,22.9,143,3581,455,381,529,148,145.0,381,2476,2931,750,13.0,,full,2,2
UR521-41bf3b9c.csv,UGD521,5X-KOB,2026-09-20 09:21,MGQ,EBB,HCMM,0.3,yes,,,,,,,,,,,,,,,,,,,,,,,,,,,HUEN,0.7,yes,17,high,roll,171.0,11,1.1,4,,3555.9,match,3681,22.9,138,3596,257,173,341,168,140.0,341,2671,2928,753,11.0,,full,0,0
UR521-41c6ad5d.csv,UGD521,5X-KDP,2026-09-22 08:55,MGQ,EBB,HCMM,0.3,yes,,,,,,,,,,,,,,,,,,,,,,,,,,,HUEN,0.6,yes,17,high,roll,171.0,18,1.1,6,,3557.1,match,3681,22.9,134,3662,376,376,376,0,132.0,376,2566,2942,739,10.0,,full,1,1
UR521-41d30795.csv,UGD521,5X-KDP,2026-09-25 08:24,MGQ,EBB,HCMM,0.5,yes,,,,,,,,,,,,,,,,,,,,,,,,,,,HUEN,0.7,yes,17,high,roll,171.0,9,1.1,2,,3557.1,match,3681,22.9,143,3654,266,33,500,467,143.0,1035,2687,2953,727,13.0,,full,2,2
UR521-41d72087.csv,UGD521,5X-EQU,2026-09-26 08:17,MGQ,EBB,HCMM,0.7,yes,,,,,,,,,,,,,,,,,,,,,,,,,,,HUEN,0.6,yes,17,high,roll,171.0,8,1.1,1,,3557.1,match,3681,22.9,142,3675,163,163,163,0,143.0,823,2784,2947,734,13.0,,full,-1,-1
UR521-41daeb6e.csv,UGD521,5X-KOB,2026-09-27 08:32,MGQ,EBB,HCMM,1.0,yes,,,,,,,,,,,,,,,,,,,,,,,,,,,HUEN,0.9,yes,35,high,roll,351.0,11,1.1,2,,3554.9,match,3681,22.9,134,3618,93,93,93,0,134.0,690,2975,3068,613,10.0,,full,-2,-1
UR521-41e2acd1.csv,UGD521,5X-KDP,2026-09-29 08:58,MGQ,EBB,HCMM,1.1,yes,,,,,,,,,,,,,,,,,,,,,,,,,,,HUEN,0.6,yes,35,high,roll,351.0,18,1.1,1,,3556.0,match,3681,22.9,143,3606,203,203,203,0,143.0,712,2872,3075,606,7.0,,full,-4,-3
UR521-41eedcb8.csv,UGD521,,2026-10-02 08:41,MGQ,EBB,HCMM,1.0,yes,,,,,,,,,,,,,,,,,,,,,,,,,,,HUEN,0.7,yes,17,high,roll,171.0,12,1.1,7,,3557.3,match,3681,22.9,145,3639,160,79,240,161,145.0,79,2791,2951,730,16.0,,full,7,7
UR521-41f2d80f.csv,UGD521,,2026-10-03 08:13,MGQ,EBB,HCMM,0.6,yes,,,,,,,,,,,,,,,,,,,,,,,,,,,HUEN,0.9,yes,35,high,roll,351.0,11,1.1,2,,3554.6,match,3681,22.9,133,3617,130,130,130,0,132.0,627,2939,3069,611,9.0,,full,-2,-1
UR521-41f6842b.csv,UGD521,,2026-10-04 08:38,MGQ,EBB,HCMM,1.3,yes,,,,,,,,,,,,,,,,,,,,,,,,,,,HUEN,0.6,yes,17,high,roll,171.0,25,1.1,5,,3556.2,match,3681,22.9,147,3705,422,422,422,0,144.0,422,2513,2935,745,10.0,,full,3,3
UR523-41db0d31.csv,UR523,,,,,HUEN,1.7,yes,35,high,roll,351.0,16,1.1,2,,3554.8,,3681,46,111,2596,2708,973,24.0,165.0,778,2318,3097,altitude,full,3600,-7,-6,HUEN,0.7,yes,35,high,roll,351.0,11,1.1,2,,3554.9,,3681,22.9,135,3625,231,3,458,455,6.0,634,6160,6391,-2711,199.0,,full,156,157
UR523-41db7233.csv,UR523,,,,,HUEN,1.6,yes,35,high,roll,351.0,25,1.1,3,,3555.5,,3681,46,91,2458,2549,1131,19.0,172.0,172,2463,2636,altitude,full,3625,-7,-6,,,,,,,,,,,,,,,,,,,,,,,,,,,,,,,
UR523-41dba960.csv,UR523,,,,,,,,,,,,,,,,,,,,,,,,,,,,,,,,,,HUEN,0.6,yes,17,high,roll,171.0,16,1.1,10,,3554.9,,3681,22.9,133,3760,514,514,514,0,131.0,514,2416,2930,751,11.0,,full,0,0
UR523-41dbf274.csv,UR523,,,,,HUEN,1.3,yes,17,high,roll,171.0,10,1.1,2,,3557.2,,3681,46,107,2539,2646,1035,20.0,167.0,585,2353,2939,altitude,full,3725,0,0,,,,,,,,,,,,,,,,,,,,,,,,,,,,,,,
UR523-41dc48f7.csv,UR523,,,,,,,,,,,,,,,,,,,,,,,,,,,,,,,,,,HUEN,0.6,yes,17,high,roll,171.0,11,1.1,10,,3556.3,,3681,22.9,134,3789,345,345,345,0,133.0,,2600,2945,736,10.0,,full,2,2
UR523-41e42128.csv,UR523,,,,,HUEN,1.3,yes,17,high,roll,171.0,6,1.1,2,,3555.9,,3681,46,189,2494,2683,998,45.0,167.0,722,2322,3044,altitude,full,3700,7,7,,,,,,,,,,,,,,,,,,,,,,,,,,,,,,,
UR523-41e6a60c.csv,UR523,,,,,,,,,,,,,,,,,,,,,,,,,,,,,,,,,,HUEN,0.7,yes,17,high,roll,171.0,13,1.1,1,,3555.7,,3681,22.9,150,3672,369,131,606,475,150.0,1010,3270,3639,42,11.0,,full / track ends on the runway (roll is a lower bound),-2,-2
UR523-41e6cb8f.csv,UR523,,,,,HUEN,0.8,yes,17,high,roll,171.0,5,1.1,1,,3556.2,,3681,46,654,2484,3138,543,17.0,167.0,568,2854,3422,altitude,full,4475,3,3,,,,,,,,,,,,,,,,,,,,,,,,,,,,,,,
UR523-41e6f162.csv,UR523,,,,,,,,,,,,,,,,,,,,,,,,,,,,,,,,,,HUEN,0.7,yes,17,high,roll,171.0,12,1.1,7,,3556.6,,3681,22.9,150,3644,465,465,465,0,148.0,905,3183,3648,32,9.0,,full,-1,-1
UR710-3eb879c2.csv,UGD710,,2026-03-13 08:50,EBB,JNB,HUEN,1.3,yes,17,high,roll,171.0,11,1.1,6,,3556.6,,3681,46,156,2118,2274,1407,15.0,159.0,659,1945,2603,altitude,full,3675,3,3,FAOR,1.2,yes,21L,high,roll,195.0,24,1.0,18,,3560.0,,3404,30.0,147,5235,856,856,856,0,142.0,,1781,2637,767,28.0,186,full,3,0
UR710-3ed31e6f.csv,UGD710,,2026-03-20 08:43,EBB,JNB,HUEN,1.3,yes,17,high,roll,171.0,11,1.1,3,,3556.1,match,3681,46,133,2069,2202,1478,16.0,154.0,619,1893,2512,altitude,full,3650,2,2,FAOR,1.3,yes,03R,high,roll,15.0,28,1.0,18,,3560.0,,3404,30.0,135,5261,208,208,208,0,134.0,208,2439,2647,756,33.0,2444,full,-6,-15
UR710-3ed750e9.csv,UGD710,,2026-03-21 08:29,EBB,JNB,HUEN,1.2,yes,17,high,roll,171.0,22,1.1,2,,3557.0,,3681,46,104,2864,2969,712,24.0,172.0,728,2604,3333,altitude,full,3675,5,5,FAOR,1.4,yes,03R,high,roll,5.0,12,9.0,23,,3240.0,,3404,30.0,144,5310,801,801,801,0,132.0,,1270,2071,1332,25.0,2993,full,-7,-8
UR710-4177b015.csv,UGD710,ET-APL,2026-09-02 09:54,EBB,JNB,HUEN,1.0,yes,17,high,roll,171.0,9,1.1,11,,3557.4,match,3681,46,129,2496,2625,1056,20.0,173.0,576,2337,2913,altitude,full,4200,9,9,FAOR,1.5,yes,03R,high,roll,14.0,16,0.0,15,,3600.0,,3404,30.0,140,5147,301,301,301,0,139.0,301,2363,2664,739,24.0,3142,full,-5,-13
UR710-41801c3b.csv,UGD710,ET-APL,2026-09-04 11:39,EBB,JNB,HUEN,1.0,yes,17,high,roll,171.0,13,1.1,2,,3557.5,match,3681,46,185,2478,2663,1018,21.0,169.0,548,2389,2937,altitude,full,4150,0,0,FAOR,1.6,yes,21L,high,roll,199.0,9,5.0,11,,3400.0,,3404,30.0,152,5326,709,709,709,0,150.0,709,1916,2625,778,20.0,896,full,1,-2
UR710-418421df.csv,UGD710,ET-APL,2026-09-05 11:19,EBB,JNB,HUEN,1.1,yes,17,high,roll,171.0,13,1.1,3,,3557.4,match,3681,46,102,2572,2674,1007,15.0,174.0,785,2281,3066,altitude,full,4200,6,6,FAOR,1.0,yes,03R,high,roll,14.0,9,0.0,5,,3600.0,,3404,30.0,144,5257,511,511,511,0,143.0,511,2136,2647,756,31.0,3934,full,-5,-10
UR710-418b3b93.csv,UGD710,5X-EQU,2026-09-07 09:42,EBB,JNB,HUEN,1.2,yes,17,high,roll,171.0,9,1.1,3,,3556.9,match,3681,46,102,2902,3004,677,15.0,180.0,808,2600,3408,altitude,full,3525,-1,-1,FAOR,1.5,yes,03R,high,roll,11.0,13,3.0,18,,3480.0,match,3404,30.0,135,5095,569,569,569,0,127.0,,1509,2078,1326,24.0,3070,full,-5,-9
UR710-41932b0c.csv,UGD710,ET-APL,2026-09-09 09:29,EBB,JNB,HUEN,1.1,yes,17,high,roll,171.0,15,1.1,9,,3557.2,match,3681,46,115,2419,2534,1146,25.0,172.0,411,2329,2740,altitude,full,4200,4,4,FAOR,1.0,yes,03R,high,roll,11.0,19,3.0,27,,3480.0,,3404,30.0,150,5029,414,333,495,162,150.0,176,2246,2660,743,29.0,2490,full,-3,-9
UR710-419b82e1.csv,UGD710,ET-APL,2026-09-11 09:57,EBB,JNB,HUEN,1.1,yes,17,high,roll,171.0,8,1.1,18,,3556.7,match,3681,46,192,2444,2636,1044,43.0,174.0,583,2345,2928,altitude,full,4100,1,1,FAOR,1.6,yes,21L,high,roll,196.0,16,2.0,4,,3520.0,,3404,30.0,168,5156,214,214,214,0,169.0,214,3158,3372,32,13.0,278,full,-1,-2
UR710-419fa0c4.csv,UGD710,ET-APL,2026-09-12 09:43,EBB,JNB,HUEN,1.3,yes,17,high,roll,171.0,7,1.1,3,,3557.4,match,3681,46,233,2599,2832,849,44.0,180.0,818,2423,3241,altitude,full,,1,1,FAOR,0.9,yes,03R,high,roll,5.0,11,9.0,23,,3240.0,,3404,30.0,154,5200,556,-9,1120,1129,154.0,1120,2093,2649,755,38.0,2682,full,-5,-9
UR710-41af37b6.csv,UGD710,5X-KDP,2026-09-16 09:59,EBB,JNB,HUEN,1.5,yes,35,high,roll,352.0,22,0.1,7,,3595.6,match,3681,46,112,3139,3250,430,21.0,187.0,242,3130,3371,altitude,full,3575,1,2,FAOR,1.3,yes,03R,high,roll,14.0,8,0.0,20,,3600.0,,3404,30.0,148,5244,972,972,972,0,141.0,,1105,2077,1326,24.0,,full,-5,-4
UR710-41b7a974.csv,UGD710,ET-APL,2026-09-18 10:37,EBB,JNB,HUEN,1.0,yes,17,high,roll,171.0,16,1.1,8,,3556.8,match,3681,46,142,2696,2839,842,19.0,179.0,187,2745,2932,altitude,full,3550,3,3,FAOR,1.2,yes,03R,high,roll,11.0,22,3.0,36,,3480.0,,3404,30.0,155,5170,937,937,937,0,138.0,,1724,2661,742,31.0,,full,-5,-4
UR710-41bbc4d0.csv,UGD710,ET-APL,2026-09-19 10:31,EBB,JNB,HUEN,1.1,yes,17,high,roll,171.0,25,1.1,3,,3557.0,match,3681,46,207,2200,2407,1273,42.0,173.0,177,2319,2496,altitude,full,3500,2,2,FAOR,1.3,yes,03R,high,roll,14.0,23,0.0,25,,3600.0,,3404,30.0,145,5143,876,876,876,0,138.0,,1782,2658,746,27.0,,full,-6,-6
UR710-41cadaf2.csv,UGD710,ET-APL,2026-09-23 09:53,EBB,JNB,HUEN,1.6,yes,35,high,roll,351.0,23,1.1,8,,3554.5,match,3681,46,133,2470,2602,1079,18.0,168.0,762,2221,2983,altitude,full,3550,-5,-4,FAOR,1.0,yes,03R,high,roll,14.0,19,0.0,20,,3600.0,,3404,30.0,167,5171,144,144,144,0,168.0,,2504,2648,755,28.0,2983,full,-4,-14
UR710-41d39f0e.csv,UGD710,ET-APL,2026-09-25 12:46,EBB,JNB,HUEN,1.0,yes,17,high,roll,171.0,8,1.1,2,,3556.9,match,3681,46,224,2275,2499,1182,39.0,166.0,557,2220,2777,altitude,full,4225,3,3,FAOR,1.3,yes,03R,medium,roll,2.0,17,12.0,42,,3120.0,,3404,30.0,156,5225,479,-9,967,976,156.0,,2177,2656,748,40.0,,full,-5,-10
UR710-41d76c86.csv,UGD710,ET-APL,2026-09-26 10:55,EBB,JNB,HUEN,1.1,yes,17,high,roll,171.0,8,1.1,2,,3555.9,match,3681,46,157,2383,2540,1141,34.0,165.0,813,2134,2946,altitude,full,3975,1,1,FAOR,1.1,yes,03R,high,roll,14.0,24,0.0,19,,3600.0,,3404,30.0,157,5345,134,134,134,0,158.0,,2512,2646,758,31.0,,full,-2,-12
UR710-41dece0e.csv,UGD710,5X-EQU,2026-09-28 09:38,EBB,JNB,HUEN,1.1,yes,17,high,roll,171.0,18,1.1,10,,3557.3,match,3681,46,152,3087,3239,442,26.0,188.0,189,3145,3334,altitude,full,3625,6,6,FAOR,1.4,yes,03R,high,roll,14.0,16,0.0,5,,3600.0,match,3404,30.0,144,5350,429,-5,864,870,144.0,,1642,2071,1333,21.0,2957,full,-11,-17
UR710-41e6eba3.csv,UGD710,ET-APL,2026-09-30 10:07,EBB,JNB,HUEN,1.1,yes,17,high,roll,171.0,24,1.1,8,,3556.5,match,3681,46,251,2424,2675,1005,40.0,181.0,244,2553,2797,altitude,full,3575,-2,-2,FAOR,1.2,yes,03R,high,roll,15.0,20,1.0,5,,3560.0,,3404,30.0,156,5047,491,491,491,0,156.0,964,2162,2653,750,23.0,3935,full,-8,-13
UR710-41ef0b53.csv,UGD710,,2026-10-02 10:14,EBB,JNB,HUEN,1.0,yes,17,high,roll,171.0,22,1.1,2,,3556.4,match,3681,46,261,2348,2609,1072,35.0,176.0,195,2512,2706,altitude,full,3550,1,1,FAOR,1.5,yes,21L,high,roll,196.0,25,2.0,5,,3520.0,,3404,30.0,165,5144,116,116,116,0,166.0,,3255,3371,32,14.0,271,full,5,4
UR710-41f2f8e9.csv,UGD710,,2026-10-03 09:38,EBB,JNB,HUEN,1.5,yes,35,high,roll,351.0,21,1.1,2,,3554.9,match,3681,46,153,2654,2807,873,31.0,170.0,816,2399,3215,altitude,full,3600,-1,0,FAOR,1.4,yes,21L,high,roll,196.0,18,2.0,15,,3520.0,,3404,30.0,160,5223,510,-46,1066,1112,161.0,,2102,2612,792,28.0,,full,1,-1
UR711-3eb92a18.csv,UGD711,,2026-03-13 13:04,JNB,EBB,FAOR,1.1,yes,03L,high,roll,15.0,5,1.0,7,,3560.0,,4424,61,388,3604,3992,432,45.0,171.0,1199,3393,4591,altitude,full,6225,-14,-8,HUEN,0.6,yes,17,high,roll,171.0,12,1.1,2,,3554.6,,3681,22.9,135,3869,433,433,433,0,135.0,433,2512,2945,736,24.0,,full,-1,-1
UR711-3ed3d575.csv,UGD711,,2026-03-20 13:02,JNB,EBB,FAOR,1.0,yes,03L,high,roll,15.0,11,1.0,4,,3560.0,,4424,61,890,2257,3147,1277,20.0,156.0,1017,2638,3655,altitude,full,5300,0,3,HUEN,0.6,yes,17,high,roll,171.0,18,1.1,25,,3555.4,match,3681,22.9,132,3856,483,483,483,0,131.0,483,2461,2944,737,27.0,1427,full,0,0
UR711-3ed7f354.csv,UGD711,,2026-03-21 12:59,JNB,EBB,FAOR,1.0,yes,03L,high,roll,14.0,10,0.0,6,,3600.0,,4424,61,321,3789,4110,314,41.0,186.0,1376,3422,4798,altitude,full,,-1,6,HUEN,0.7,yes,17,high,roll,171.0,9,1.1,1,,3555.8,,3681,22.9,144,3876,480,480,480,0,142.0,942,2466,2946,735,19.0,,full,1,1
UR711-41788bdf.csv,UGD711,ET-APL,2026-09-02 14:21,JNB,EBB,FAOR,1.1,yes,03L,high,roll,14.0,8,0.0,5,,3600.0,match,4424,61,117,3637,3754,670,24.0,184.0,1400,3054,4454,altitude,full,,0,5,HUEN,0.8,yes,17,high,roll,171.0,8,1.1,11,,3555.1,match,3681,22.9,153,3716,589,589,589,0,154.0,1128,2347,2936,744,13.0,1064,full,0,0
UR711-41813ab4.csv,UGD711,ET-APL,2026-09-04 16:40,JNB,EBB,FAOR,3.1,yes,21R,high,roll,195.0,5,1.0,7,,3560.0,,4424,61,254,3522,3776,648,52.0,183.0,1309,3122,4431,altitude,full,,18,24,HUEN,1.1,yes,17,high,roll,171.0,29,1.1,1,,3556.6,match,3681,22.9,165,3734,325,49,601,552,165.0,1176,3329,3654,26,14.0,1325,full,-1,-1
UR711-41850d68.csv,UGD711,ET-APL,2026-09-05 15:40,JNB,EBB,FAOR,1.1,yes,03L,high,roll,16.0,12,2.0,5,,3520.0,,4424,61,998,385,1383,3041,48.0,88.0,0,1383,1383,speed fallback (below the altitude-valid speed),full / no wheel-off signature,,5,2,HUEN,1.0,yes,17,high,roll,168.0,15,4.1,16,,3435.5,match,3681,22.9,159,3767,469,469,469,0,158.0,963,2460,2929,751,28.0,,full,4,4
UR711-418c0303.csv,UGD711,5X-EQU,2026-09-07 14:04,JNB,EBB,FAOR,1.2,yes,03L,high,roll,16.0,6,2.0,5,,3520.0,match,4424,61,66,3480,3545,879,18.0,172.0,1248,2922,4169,altitude,full,,4,9,HUEN,0.6,yes,17,high,roll,171.0,10,1.1,10,,3555.3,match,3681,22.9,138,3717,417,417,417,0,136.0,885,2501,2918,763,14.0,,full / track ends on the runway (roll is a lower bound),3,3
UR711-419405bd.csv,UGD711,ET-APL,2026-09-09 14:02,JNB,EBB,FAOR,1.2,yes,03L,high,roll,15.0,5,1.0,6,,3560.0,match,4424,61,185,3674,3860,564,45.0,194.0,1409,3155,4564,altitude,full,,-1,5,HUEN,0.6,yes,17,high,roll,171.0,10,1.1,3,,3554.3,match,3681,22.9,145,3705,305,305,305,0,146.0,765,2626,2931,750,24.0,1062,full,-4,-4
UR711-419c5d79.csv,UGD711,ET-APL,2026-09-11 14:22,JNB,EBB,FAOR,1.1,yes,03L,high,roll,15.0,9,1.0,4,,3560.0,,4424,61,902,520,1422,3002,16.0,94.0,0,1422,1422,speed fallback (below the altitude-valid speed),full / no wheel-off signature,,4,1,HUEN,0.7,yes,17,high,roll,171.0,7,1.1,2,,3554.7,match,3681,22.9,152,3738,501,501,501,0,153.0,1062,2439,2940,741,17.0,1059,full,-2,-2
UR711-41a06ab9.csv,UGD711,ET-APL,2026-09-12 13:56,JNB,EBB,FAOR,1.1,yes,03L,high,roll,15.0,5,1.0,5,,3560.0,,4424,61,121,3616,3737,687,16.0,186.0,1427,3023,4450,altitude,full,,4,9,HUEN,0.8,yes,17,high,roll,171.0,14,1.1,14,,3555.5,match,3681,22.9,159,3725,324,-2,651,653,159.0,1327,2612,2936,745,30.0,1064,full,1,1
UR711-41b89a49.csv,UGD711,ET-APL,2026-09-18 15:04,JNB,EBB,FAOR,1.1,yes,03L,high,roll,16.0,7,2.0,4,,3520.0,match,4424,61,903,544,1447,2977,15.0,92.0,0,1447,1447,speed fallback (below the altitude-valid speed),full / no wheel-off signature,,4,1,HUEN,0.6,yes,17,high,roll,171.0,18,1.1,2,,3554.8,match,3681,22.9,154,3714,418,418,418,0,153.0,932,2534,2952,729,21.0,,full,-3,-3
UR711-41bc9886.csv,UGD711,ET-APL,2026-09-19 14:51,JNB,EBB,FAOR,1.2,yes,03L,high,roll,15.0,5,1.0,4,,3560.0,,4424,61,164,3267,3431,993,39.0,176.0,1102,2881,3982,altitude,full,,1,5,HUEN,0.6,yes,17,high,roll,171.0,18,1.1,2,,3555.2,match,3681,22.9,151,3662,391,391,391,0,150.0,984,2553,2944,737,15.0,1062,full,3,3
UR711-41cbbd6b.csv,UGD711,ET-APL,2026-09-23 14:34,JNB,EBB,FAOR,1.1,yes,03L,high,roll,16.0,7,2.0,5,,3520.0,match,4424,61,95,536,631,3793,16.0,92.0,0,631,631,speed fallback (below the altitude-valid speed),full / no wheel-off signature,,5,-1,HUEN,0.8,yes,17,high,roll,171.0,21,1.1,3,,3554.6,match,3681,22.9,166,3673,356,-17,729,746,166.0,1244,2590,2946,734,15.0,1062,full,-1,-1
UR711-41d4ba36.csv,UGD711,ET-APL,2026-09-25 17:08,JNB,EBB,FAOR,1.1,yes,03L,high,roll,15.0,5,1.0,6,,3560.0,match,4424,61,124,3750,3874,550,15.0,185.0,1454,3147,4601,altitude,full,,-4,2,HUEN,0.9,yes,17,high,roll,171.0,23,1.1,1,,3556.1,match,3681,22.9,165,3683,187,187,187,0,166.0,740,2742,2929,751,15.0,,full,1,1
UR711-41d85e46.csv,UGD711,ET-APL,2026-09-26 15:22,JNB,EBB,FAOR,1.1,yes,03L,high,roll,14.0,10,0.0,5,,3600.0,,4424,61,887,493,1380,3044,17.0,88.0,0,1380,1380,speed fallback (below the altitude-valid speed),full / no wheel-off signature,,4,1,HUEN,0.6,yes,17,high,roll,171.0,17,1.1,3,,3554.4,match,3681,22.9,150,3758,403,403,403,0,149.0,870,2523,2926,755,21.0,1059,full,-5,-5
UR711-41df94dc.csv,UGD711,5X-EQU,2026-09-28 14:06,JNB,EBB,FAOR,1.1,yes,03L,high,roll,15.0,7,1.0,5,,3560.0,match,4424,61,141,3303,3444,980,24.0,180.0,1159,2865,4024,altitude,full,,1,5,HUEN,0.6,yes,17,high,roll,171.0,18,1.1,1,,3555.8,match,3681,22.9,136,3794,294,294,294,0,135.0,294,2636,2930,751,10.0,,full,0,0
UR711-41e7c625.csv,UGD711,ET-APL,2026-09-30 14:47,JNB,EBB,FAOR,1.2,yes,03L,high,roll,15.0,5,1.0,6,,3560.0,match,4424,61,192,3277,3469,955,41.0,178.0,1103,2917,4020,altitude,full,,-11,-7,HUEN,0.6,yes,17,high,roll,171.0,16,1.1,3,,3554.6,match,3681,22.9,152,3743,376,376,376,0,152.0,897,2566,2942,739,11.0,1546,full,-3,-3
UR711-41efff0b.csv,UGD711,,2026-10-02 15:08,JNB,EBB,FAOR,3.2,yes,21R,high,roll,195.0,5,1.0,3,,3560.0,match,4424,61,183,3522,3705,719,37.0,182.0,1353,3028,4382,altitude,full,,-4,2,HUEN,0.7,yes,17,high,roll,171.0,18,1.1,1,,3555.2,match,3681,22.9,157,3693,346,100,591,490,157.0,923,2599,2945,736,16.0,,full,-1,-1
UR711-41f3b7a9.csv,UGD711,,2026-10-03 13:47,JNB,EBB,FAOR,2.0,yes,21R,high,roll,196.0,5,2.0,2,,3520.0,,4424,61,1400,235,1635,2789,43.0,72.0,0,1635,1635,speed fallback (below the altitude-valid speed),full / no wheel-off signature,,1,0,HUEN,0.6,yes,17,high,roll,171.0,17,1.1,1,,3555.5,match,3681,22.9,148,3737,283,283,283,0,147.0,917,2660,2943,737,17.0,,full,0,0
UR712-41720cd5.csv,UGD712,5X-KOB,2026-08-31 22:46,EBB,JNB,HUEN,1.2,yes,17,high,roll,171.0,12,1.1,10,,3555.6,match,3681,46,139,2901,3040,641,26.0,177.0,607,2736,3343,altitude,full,3650,2,2,FAOR,1.3,yes,21L,high,roll,196.0,11,2.0,4,,3520.0,,3404,30.0,139,5137,633,633,633,0,137.0,633,1768,2401,1003,8.0,,full,3,1
UR712-41762996.csv,UGD712,ET-APL,2026-09-01 23:16,EBB,JNB,HUEN,1.2,yes,17,high,roll,171.0,13,1.1,14,,3554.2,match,3681,46,188,2444,2632,1049,16.0,170.0,831,2216,3047,altitude,full,3650,-3,-3,FAOR,1.3,yes,03R,high,roll,14.0,19,0.0,6,,3600.0,,3404,30.0,139,5112,70,70,70,0,139.0,70,2589,2659,745,24.0,3196,full,-6,-17
UR712-4189d4c5.csv,UGD712,ET-APL,2026-09-06 22:46,EBB,JNB,HUEN,1.2,yes,17,high,roll,171.0,10,1.1,3,,3556.5,match,3681,46,149,2978,3127,554,28.0,185.0,871,2691,3562,altitude,full,,-5,-5,FAOR,1.0,yes,03R,high,roll,14.0,8,0.0,4,,3600.0,,3404,30.0,154,5124,548,548,548,0,155.0,548,2100,2648,755,24.0,3195,full,-4,-8
UR712-418d9079.csv,UGD712,ET-APL,2026-09-07 22:34,EBB,JNB,HUEN,1.2,yes,17,high,roll,171.0,7,1.1,8,,3554.7,match,3681,46,236,2210,2446,1235,46.0,166.0,788,2052,2840,altitude,full,,0,0,FAOR,1.5,yes,03R,high,roll,8.0,13,6.0,27,,3360.0,match,3404,30.0,142,4984,340,53,626,573,142.0,626,1714,2054,1350,33.0,3118,full,-7,-14
UR712-41919bf4.csv,UGD712,ET-APL,2026-09-08 22:57,EBB,JNB,HUEN,1.2,yes,17,high,roll,171.0,12,1.1,2,,3554.5,match,3681,46,136,3014,3150,530,25.0,183.0,623,2839,3462,altitude,full,,0,0,FAOR,1.3,yes,03R,high,roll,14.0,22,0.0,5,,3600.0,,3404,30.0,144,5047,338,338,338,0,146.0,946,2304,2642,762,25.0,3142,full,-5,-12
UR712-41a57fe7.csv,UGD712,ET-APL,2026-09-13 22:39,EBB,JNB,HUEN,1.3,yes,17,high,roll,171.0,14,1.1,6,,3554.6,match,3681,46,135,2631,2766,915,17.0,176.0,550,2491,3041,altitude,full,3625,0,0,FAOR,1.3,yes,03R,high,roll,15.0,14,1.0,7,,3560.0,,3404,30.0,140,5222,969,969,969,0,134.0,,1682,2651,753,23.0,2992,full,-3,-2
UR712-41a97106.csv,UGD712,ET-APL,2026-09-14 22:47,EBB,JNB,,,,,,,,,,,,,,,,,,,,,,,,,,,,,,FAOR,1.4,yes,03R,high,roll,15.0,7,1.0,6,,3560.0,,3404,30.0,142,5287,641,641,641,0,141.0,,2019,2660,743,23.0,3123,full,-6,-9
UR712-41ad859e.csv,UGD712,ET-APL,2026-09-15 22:41,EBB,JNB,HUEN,1.3,yes,17,high,roll,171.0,8,1.1,9,,3555.0,match,3681,46,200,2194,2394,1287,42.0,164.0,806,1991,2797,altitude,full,3650,-3,-3,FAOR,1.8,yes,21R,high,roll,196.0,15,2.0,2,,3520.0,,4424,30.5,138,5244,402,402,402,0,140.0,,2370,2772,1652,7.0,2847,full,8,4
UR712-41c184af.csv,UGD712,ET-APL,2026-09-20 22:57,EBB,JNB,HUEN,1.0,yes,17,high,roll,171.0,24,1.1,2,,3555.2,match,3681,46,139,2977,3115,565,24.0,182.0,418,2907,3324,altitude,full,3650,-1,-1,FAOR,1.3,yes,03R,high,roll,16.0,21,2.0,15,,3520.0,,3404,30.0,146,5178,1132,1021,1244,224,153.0,317,112,1244,2159,191.0,2452,full,272,276
UR712-41c53e06.csv,UGD712,ET-APL,2026-09-21 22:41,EBB,JNB,HUEN,1.0,yes,17,high,roll,171.0,22,1.1,5,,3556.0,match,3681,46,186,2217,2403,1278,18.0,170.0,219,2294,2512,altitude,full,3650,-1,-1,FAOR,1.5,yes,21L,high,roll,196.0,15,2.0,10,,3520.0,,3404,30.0,152,5179,560,490,630,141,148.0,334,634,1194,2210,131.0,191,full,-15,-17
UR712-41c9412d.csv,UGD712,ET-APL,2026-09-22 22:52,EBB,JNB,,,,,,,,,,,,,,,,,,,,,,,,,,,,,,FAOR,1.1,yes,03L,high,roll,11.0,10,3.0,9,,3480.0,,4424,30.5,139,5198,662,662,662,0,138.0,,1548,2210,2214,21.0,,full,5,-1
UR712-41d178bd.csv,UGD712,5X-KOB,2026-09-24 22:31,EBB,JNB,HUEN,1.3,yes,17,high,roll,172.0,14,0.1,8,,3596.1,match,3681,46,70,3060,3130,551,16.0,179.0,211,3024,3235,altitude,full,3600,11,11,FAOR,1.1,yes,21R,high,roll,194.0,8,0.0,2,,3600.0,,4424,30.5,,,4618,4618,4618,0,141.0,3701,-917,3701,723,138.0,2692,full / track ends on the runway (roll is a lower bound),-5,4
UR712-41dd574b.csv,UGD712,ET-APL,2026-09-27 22:55,EBB,JNB,HUEN,1.2,yes,17,high,roll,171.0,7,1.1,4,,3554.2,match,3681,46,123,2917,3040,641,15.0,179.0,827,2626,3453,altitude,full,,-3,-3,FAOR,1.4,yes,21R,high,roll,196.0,10,2.0,4,,3520.0,,4424,30.5,146,5430,219,219,219,0,146.0,1163,3278,3497,927,9.0,2719,full,7,2
UR712-41e127a4.csv,UGD712,ET-APL,2026-09-28 22:47,EBB,JNB,HUEN,1.2,yes,17,high,roll,171.0,12,1.1,5,,3554.2,match,3681,46,126,3056,3182,499,20.0,187.0,195,3084,3279,altitude,full,3650,-8,-8,FAOR,1.1,yes,03R,high,roll,8.0,14,6.0,26,,3360.0,match,3404,30.0,153,5214,474,474,474,0,151.0,474,2175,2649,755,28.0,2697,full,-5,-10
UR712-41e54182.csv,UGD712,ET-APL,2026-09-29 22:59,EBB,JNB,HUEN,1.0,yes,17,high,roll,171.0,25,1.1,1,,3556.0,match,3681,46,163,2465,2628,1052,15.0,178.0,182,2537,2719,altitude,full,3650,1,1,FAOR,1.5,yes,03R,high,roll,16.0,19,2.0,12,,3520.0,,3404,30.0,143,5120,603,603,603,0,145.0,,2056,2659,745,23.0,3262,full,-7,-11
UR712-41ed6366.csv,UGD712,,2026-10-01 22:47,EBB,JNB,HUEN,1.2,yes,17,high,roll,171.0,11,1.1,3,,3554.8,match,3681,46,99,3441,3540,140,18.0,190.0,627,3227,3854,altitude,full,3600,2,2,FAOR,1.4,yes,03R,high,roll,15.0,13,1.0,4,,3560.0,,3404,30.0,140,5151,505,6,1005,999,140.0,,1559,2064,1340,13.0,,full,-4,-9
UR712-41f8dcef.csv,UGD712,,2026-10-04 22:56,EBB,JNB,HUEN,1.0,yes,17,high,roll,171.0,27,1.1,4,,3554.3,match,3681,46,194,2554,2748,933,15.0,179.0,256,2620,2876,altitude,full,3700,-4,-4,FAOR,0.9,yes,03R,high,roll,16.0,7,2.0,3,,3520.0,,3404,30.0,155,5236,795,795,795,0,152.0,795,2574,3369,35,12.0,3048,full,-3,-4
UR713-4172e265.csv,UGD713,5X-KOB,2026-09-01 02:55,JNB,EBB,FAOR,0.9,yes,21L,high,roll,195.0,16,1.0,4,,3560.0,,3404,60,139,2623,2762,641,24.0,162.0,1279,2123,3402,altitude,full,,4,-6,HUEN,0.7,yes,17,high,roll,171.0,9,1.1,1,,3557.3,match,3681,22.9,140,3670,168,168,168,0,140.0,687,2779,2947,733,14.0,,full,0,0
UR713-4176f826.csv,UGD713,ET-APL,2026-09-02 03:21,JNB,EBB,FAOR,2.2,yes,03R,high,roll,14.0,8,0.0,4,,3600.0,match,3404,60,146,436,583,2821,16.0,82.0,0,583,583,speed fallback (below the altitude-valid speed),full / no wheel-off signature,,-5,-9,HUEN,0.6,yes,17,high,roll,171.0,13,1.1,1,,3556.2,match,3681,22.9,147,3627,360,360,360,0,150.0,360,2575,2935,746,21.0,1062,full,0,0
UR713-418a91c6.csv,UGD713,ET-APL,2026-09-07 03:11,JNB,EBB,FAOR,1.1,yes,03L,high,roll,16.0,10,2.0,8,,3520.0,match,4424,61,105,4017,4123,301,26.0,188.0,1234,3506,4740,altitude,full,6025,-19,-12,HUEN,1.0,yes,17,high,roll,171.0,8,1.1,1,,3557.2,match,3681,22.9,164,3601,386,386,386,0,166.0,1119,2550,2936,745,14.0,1061,full,3,3
UR713-418e69f9.csv,UGD713,ET-APL,2026-09-08 03:00,JNB,EBB,FAOR,1.1,yes,03L,high,roll,16.0,7,2.0,6,,3520.0,,4424,61,147,3938,4086,338,26.0,174.0,1289,3441,4730,altitude,full,6200,-6,1,HUEN,0.7,yes,17,high,roll,171.0,11,1.1,3,,3557.0,match,3681,22.9,155,3665,344,344,344,0,154.0,1015,2629,2973,707,21.0,1061,full,3,3
UR713-419282d5.csv,UGD713,ET-APL,2026-09-09 03:21,JNB,EBB,FAOR,1.1,yes,03L,high,roll,14.0,10,0.0,7,,3600.0,match,4424,61,103,3915,4018,406,20.0,170.0,1326,3355,4681,altitude,full,6425,23,29,HUEN,0.8,yes,17,high,roll,171.0,13,1.1,5,,3556.6,match,3681,22.9,156,3668,596,596,596,0,154.0,1189,2345,2941,740,15.0,1061,full,1,1
UR713-41a65107.csv,UGD713,ET-APL,2026-09-14 03:07,JNB,EBB,FAOR,1.2,yes,03L,high,roll,14.0,13,0.0,7,,3600.0,,4424,61,95,3408,3503,921,17.0,172.0,1213,2896,4109,altitude,full,6325,2,7,HUEN,0.9,yes,35,high,roll,352.0,32,0.1,1,,3596.6,match,3681,22.9,146,3607,348,192,504,312,147.0,504,2723,3071,609,10.0,,full,-4,-3
UR713-41aa4999.csv,UGD713,ET-APL,2026-09-15 02:51,JNB,EBB,FAOR,1.1,yes,03L,high,roll,14.0,10,0.0,6,,3600.0,,4424,61,87,3875,3963,461,15.0,164.0,1191,3367,4558,altitude,full,6675,-7,-1,HUEN,0.9,yes,17,high,roll,171.0,22,1.1,12,,3555.0,match,3681,22.9,156,3682,305,305,305,0,157.0,1051,2641,2946,734,30.0,1062,full,2,2
UR713-41ae786f.csv,UGD713,ET-APL,2026-09-16 03:13,JNB,EBB,FAOR,3.1,yes,21R,high,roll,196.0,10,2.0,6,,3520.0,,4424,61,139,3539,3678,746,17.0,188.0,1231,3062,4293,altitude,full,,-3,3,HUEN,0.7,yes,35,high,roll,351.0,14,1.1,1,,3555.0,match,3681,22.9,152,3604,192,192,192,0,152.0,872,2882,3074,606,6.0,2597,full,1,2
UR713-41b6d0aa.csv,UGD713,5X-KDP,2026-09-18 03:07,JNB,EBB,FAOR,3.2,yes,21R,high,roll,195.0,6,1.0,5,,3560.0,match,4424,61,219,3337,3555,869,41.0,182.0,1312,2899,4211,altitude,full,,-12,-7,HUEN,0.8,yes,17,high,roll,171.0,19,1.1,1,,3556.2,match,3681,22.9,152,3684,70,70,70,0,152.0,740,2865,2935,746,11.0,,full,-5,-5
UR713-41c24afe.csv,UGD713,ET-APL,2026-09-21 03:21,JNB,EBB,FAOR,1.2,yes,03L,high,roll,15.0,5,1.0,5,,3560.0,,4424,61,230,3477,3708,716,42.0,189.0,1372,3022,4393,altitude,full,,-1,4,HUEN,0.7,yes,17,high,roll,171.0,16,1.1,9,,3556.2,match,3681,22.9,152,3657,322,44,601,557,152.0,973,2628,2950,731,19.0,,full,-2,-2
UR713-41c616b2.csv,UGD713,ET-APL,2026-09-22 03:03,JNB,EBB,FAOR,0.9,yes,21L,high,roll,195.0,5,1.0,7,,3560.0,,3404,60,156,432,588,2815,24.0,82.0,0,588,588,speed fallback (below the altitude-valid speed),full / no wheel-off signature,,2,0,HUEN,1.1,yes,17,high,roll,171.0,8,1.1,1,,3555.8,match,3681,22.9,161,3694,438,126,749,623,161.0,1311,2504,2942,739,18.0,1060,full,-2,-2
UR713-41ca1f5e.csv,UGD713,ET-APL,2026-09-23 03:06,JNB,EBB,FAOR,1.1,yes,03L,high,roll,16.0,8,2.0,6,,3520.0,match,4424,61,92,3554,3646,778,15.0,177.0,1217,3038,4254,altitude,full,,-1,4,HUEN,0.9,yes,17,high,roll,171.0,10,1.1,3,,3555.0,match,3681,22.9,163,3613,392,392,392,0,161.0,392,2551,2943,738,24.0,1060,full,-1,-1
UR713-41d279a5.csv,UGD713,5X-KOB,2026-09-25 03:04,JNB,EBB,FAOR,2.3,no,21R,high,roll,195.0,3,1.0,4,,3560.0,match,4424,61,,,,,,,,,,,,,,,HUEN,0.8,yes,17,high,roll,171.0,8,1.1,17,,3555.9,match,3681,22.9,151,3686,526,526,526,0,149.0,1157,2362,2888,793,14.0,,full / track ends on the runway (roll is a lower bound),2,2
UR713-41de262a.csv,UGD713,ET-APL,2026-09-28 03:16,JNB,EBB,FAOR,2.8,yes,21R,high,roll,194.0,10,0.0,4,,3600.0,match,4424,61,169,587,756,3668,15.0,94.0,0,756,756,speed fallback (below the altitude-valid speed),full / no wheel-off signature,,4,1,HUEN,1.1,yes,17,high,roll,172.0,6,0.1,1,,3595.8,match,3681,22.9,167,3672,454,454,454,0,168.0,454,2488,2942,739,17.0,1444,full,-3,-3
UR713-41e20960.csv,UGD713,ET-APL,2026-09-29 03:02,JNB,EBB,FAOR,1.1,yes,03L,high,roll,15.0,5,1.0,8,,3560.0,,4424,61,155,3403,3558,866,18.0,170.0,1022,3047,4069,altitude,full,6250,-24,-19,HUEN,0.7,yes,35,high,roll,351.0,16,1.1,2,,3555.0,match,3681,22.9,150,3601,280,280,280,0,152.0,786,2792,3072,608,7.0,,full,-2,-1
UR713-41e626a5.csv,UGD713,ET-APL,2026-09-30 03:15,JNB,EBB,FAOR,1.1,yes,03L,high,roll,16.0,8,2.0,10,,3520.0,match,4424,61,158,3512,3670,754,15.0,164.0,1221,3060,4281,altitude,full,6200,-33,-28,HUEN,1.0,yes,17,high,roll,171.0,13,1.1,1,,3555.6,match,3681,22.9,151,3681,506,506,506,0,153.0,1587,2437,2943,738,19.0,1060,full,-1,-1
UR713-41ee3c28.csv,UGD713,,2026-10-02 02:55,JNB,EBB,FAOR,2.3,yes,03R,high,roll,14.0,7,0.0,3,,3600.0,match,3404,60,90,368,458,2946,15.0,72.0,0,458,458,speed fallback (below the altitude-valid speed),full / no wheel-off signature,,-3,-9,HUEN,0.7,yes,17,high,roll,171.0,20,1.1,2,,3556.5,match,3681,22.9,148,3641,479,261,697,436,147.0,697,2463,2942,739,12.0,,full,2,2
UR720-416b1937.csv,UGD720,,2026-08-30 01:43,HRE,EBB,FVHA,1.1,yes,23,medium,roll,225.0,2,1.0,2,,3560.0,,4723,46,1282,0,1282,3441,35.0,35.0,0,1282,1282,speed fallback (below the altitude-valid speed),full / no wheel-off signature,,-1,-1,HUEN,0.6,yes,17,high,roll,171.0,23,1.1,6,,3556.1,match,3681,22.9,134,3677,777,708,846,138,133.0,238,2158,2935,746,11.0,1063,full,1,1
UR720-416deb14.csv,UGD720,,2026-08-30 21:12,EBB,LUN,HUEN,1.3,yes,17,high,roll,171.0,12,1.1,1,,3556.2,match,3681,46,123,2988,3112,569,21.0,178.0,608,2807,3416,altitude,full,3650,2,2,FLLS,0.2,yes,10,high,roll,95.0,8,0.2,3,,3592.0,,3941,22.9,139,3574,227,-10,463,473,139.0,1061,2501,2728,1213,7.0,,full,-2,-2
UR720-4171bc59.csv,UGD720,5X-EQU,2026-08-31 21:06,EBB,LUN,HUEN,1.1,yes,17,high,roll,171.0,8,1.1,2,,3555.7,match,3681,46,169,3017,3187,494,29.0,178.0,583,2895,3478,altitude,full,3650,-2,-2,FLLS,0.4,yes,10,high,roll,95.0,8,0.2,1,,3592.0,,3941,22.9,133,3554,276,276,276,0,137.0,776,2452,2728,1213,8.0,,full,-2,-2
UR720-4172c560.csv,UGD720,5X-EQU,2026-09-01 02:05,HRE,EBB,FVHA,1.2,yes,05,low,climb-heading,18.0,30,28.0,0,,2480.0,,,,,,,,,,,,,,,,,,HUEN,0.6,yes,17,high,roll,171.0,25,1.1,1,,3556.3,match,3681,22.9,137,3704,425,187,662,475,137.0,1103,2514,2939,742,10.0,,full,1,1
UR720-418217cc.csv,UGD720,5X-KOB,2026-09-04 21:13,EBB,LUN,HUEN,1.3,yes,17,high,roll,171.0,8,1.1,2,,3556.7,match,3681,46,139,2684,2822,858,17.0,169.0,756,2444,3200,altitude,full,3700,-2,-2,FLLS,0.4,yes,10,high,roll,95.0,8,0.2,3,,3592.0,,3941,22.9,138,3740,262,262,262,0,139.0,,2468,2730,1211,8.0,,full,-5,-5
UR720-418311f2.csv,UGD720,5X-KOB,2026-09-05 01:36,HRE,EBB,FVHA,1.2,yes,05,medium,roll,44.0,2,2.0,7,,3520.0,match,4723,46,,,,,,,,,,,,,,,HUEN,0.6,yes,17,high,roll,171.0,8,1.1,3,,3556.4,match,3681,22.9,144,3773,488,488,488,0,142.0,892,2464,2952,729,11.0,,full,7,7
UR720-41861399.csv,UGD720,ET-APL,2026-09-05 21:41,EBB,LUN,HUEN,1.3,yes,17,high,roll,171.0,13,1.1,4,,3554.1,match,3681,46,101,2257,2358,1323,15.0,165.0,642,2037,2679,altitude,full,3725,-2,-2,FLLS,0.5,yes,10,high,roll,95.0,9,0.2,1,,3592.0,match,3941,22.9,144,3607,292,47,538,491,144.0,538,2436,2728,1213,14.0,1314,full,-2,-2
UR720-41868c7a.csv,UGD720,ET-APL,2026-09-05 23:50,LUN,HRE,FLLS,1.3,yes,10,high,roll,95.0,12,0.2,6,,3592.0,match,3941,46,115,2517,2632,1309,21.0,167.0,552,2356,2908,altitude,full,4675,-2,-2,FVHA,2.0,yes,05,high,roll,45.0,3,1.0,20,,3560.0,match,4723,23.0,139,4517,-58,-58,-58,0,139.0,,3630,3572,1151,13.0,3565,no deceleration captured (coarse export),-2,-4
UR720-4186bf6c.csv,UGD720,ET-APL,2026-09-06 01:26,HRE,EBB,FVHA,0.9,yes,05,medium,roll,45.0,2,1.0,2,,3560.0,,4723,46,,,,,,,,,,,,,,,HUEN,1.0,yes,35,high,roll,351.0,11,1.1,1,,3555.4,match,3681,22.9,139,3670,280,280,280,0,138.0,280,2794,3074,607,12.0,2599,full,3,4
UR720-4189a8d4.csv,UGD720,5X-EQU,2026-09-06 21:32,EBB,LUN,HUEN,1.1,yes,17,high,roll,171.0,8,1.1,3,,3556.4,match,3681,46,121,2974,3095,586,17.0,180.0,646,2772,3418,altitude,full,3650,1,1,FLLS,0.3,yes,10,high,roll,95.0,13,0.2,1,,3592.0,,3941,22.9,141,3575,245,245,245,0,142.0,245,2490,2735,1206,10.0,,full,1,1
UR720-418a6176.csv,UGD720,5X-EQU,2026-09-07 01:31,HRE,EBB,FVHA,1.2,yes,05,high,roll,44.0,3,2.0,11,,3520.0,,4723,46,,,,,,,,,,,,,,,HUEN,1.0,yes,35,high,roll,351.0,30,1.1,1,,3556.6,match,3681,22.9,131,3653,176,176,176,0,131.0,763,2896,3072,609,8.0,,full,3,4
UR720-418d561a.csv,UGD720,5X-EQU,2026-09-07 21:13,EBB,LUN,HUEN,1.2,yes,17,high,roll,171.0,7,1.1,2,,3555.9,match,3681,46,112,2773,2885,796,15.0,167.0,603,2583,3186,altitude,full,3625,1,1,FLLS,0.5,yes,10,high,roll,95.0,14,0.2,5,,3592.0,,3941,22.9,126,3496,278,-34,590,624,126.0,590,2452,2730,1211,7.0,,full,-4,-4
UR720-418df8ef.csv,UGD720,5X-EQU,2026-09-07 23:49,LUN,HRE,FLLS,1.5,yes,10,high,roll,95.0,14,0.2,5,,3592.0,,3941,46,92,1959,2051,1890,17.0,158.0,155,1974,2129,altitude,full,3450,-2,-2,FVHA,0.2,yes,05,medium,approach-heading,44.0,11,2.0,1,,3520.0,,,,,,,,,,,,,,,,,,,
UR720-418e4460.csv,UGD720,5X-EQU,2026-09-08 01:42,HRE,EBB,FVHA,1.1,yes,05,low,climb-heading,24.0,77,22.0,1,,2720.0,,,,,,,,,,,,,,,,,,HUEN,0.8,yes,17,high,roll,171.0,7,1.1,2,,3555.8,match,3681,22.9,151,3738,272,272,272,0,152.0,923,2674,2946,735,13.0,,full,-2,-2
UR720-419dc18a.csv,UGD720,5X-KOB,2026-09-11 21:05,EBB,LUN,HUEN,1.1,yes,17,high,roll,171.0,16,1.1,2,,3554.7,match,3681,46,96,2573,2669,1012,15.0,171.0,605,2366,2971,altitude,full,4025,-2,-2,FLLS,0.3,yes,10,high,roll,95.0,16,0.2,2,,3592.0,,3941,22.9,134,3600,310,310,310,0,138.0,961,2423,2733,1208,5.0,,full,2,2
UR720-419e6520.csv,UGD720,5X-KOB,2026-09-11 23:25,LUN,HRE,FLLS,1.4,yes,10,high,roll,95.0,15,0.2,4,,3592.0,,3941,46,91,2665,2756,1185,18.0,170.0,778,2367,3145,altitude,full,4725,2,2,FVHA,1.1,yes,05,medium,approach-heading,45.0,12,1.0,1,,3560.0,,,,,,,,,,,,,,,,,,,
UR720-419eb13e.csv,UGD720,5X-KOB,2026-09-12 01:12,HRE,EBB,FVHA,1.2,yes,05,medium,roll,45.0,2,1.0,39,,3560.0,match,4723,46,,,,,,,,,,,,,,,HUEN,0.7,yes,35,high,roll,351.0,16,1.1,1,,3556.4,match,3681,22.9,143,3732,329,51,606,555,143.0,606,2742,3071,609,6.0,,full,2,3
UR720-41a1bfd5.csv,UGD720,ET-APL,2026-09-12 21:14,EBB,LUN,HUEN,1.3,yes,17,high,roll,171.0,6,1.1,2,,3555.2,match,3681,46,167,2056,2223,1458,40.0,162.0,731,1857,2588,altitude,full,3650,-3,-3,FLLS,0.3,yes,10,high,roll,94.0,7,1.2,1,,3552.0,match,3941,22.9,141,3631,494,494,494,0,146.0,,2234,2728,1213,13.0,,full,-1,-1
UR720-41a2694e.csv,UGD720,5X-EQU,2026-09-13 00:25,LUN,HRE,FLLS,1.3,yes,10,high,roll,95.0,14,0.2,8,,3592.0,match,3941,46,98,2446,2544,1397,15.0,162.0,725,2182,2906,altitude,full,4725,-2,-2,FVHA,0.3,yes,05,high,roll,44.0,4,2.0,28,,3520.0,match,4723,23.0,132,4580,-109,-109,-109,0,132.0,,3682,3573,1151,13.0,,no deceleration captured (coarse export),1,-1
UR720-41a29dd7.csv,UGD720,ET-APL,2026-09-13 02:00,HRE,EBB,FVHA,0.4,yes,05,medium,roll,45.0,2,1.0,2,,3560.0,,4723,46,,,,,,,,,,,,,,,HUEN,0.9,yes,17,high,roll,171.0,9,1.1,2,,3555.2,match,3681,22.9,153,3720,598,310,885,575,153.0,1384,2330,2928,753,23.0,1061,full,-3,-3
UR720-41a54291.csv,UGD720,5X-EQU,2026-09-13 21:06,EBB,LUN,HUEN,1.2,yes,17,high,roll,171.0,13,1.1,2,,3555.1,match,3681,46,101,2559,2659,1021,25.0,176.0,172,2573,2746,altitude,full,3625,0,0,FLLS,0.5,yes,10,high,roll,95.0,36,0.2,7,,3592.0,,3941,22.9,138,3629,424,318,531,213,138.0,318,2305,2729,1212,11.0,,full,4,4
UR720-41a5cd78.csv,UGD720,5X-EQU,2026-09-13 23:25,LUN,HRE,FLLS,1.4,yes,10,high,roll,95.0,20,0.2,11,,3592.0,match,3941,46,106,2393,2499,1442,15.0,174.0,179,2410,2589,altitude,full,3550,4,4,FVHA,0.1,yes,05,high,roll,44.0,4,2.0,7,,3520.0,match,4723,23.0,130,4546,-23,-23,-23,0,130.0,,3572,3549,1174,7.0,,no deceleration captured (coarse export) / track ends on the runway (roll is a lower bound),2,0
UR720-41a60a81.csv,UGD720,5X-EQU,2026-09-14 01:00,HRE,EBB,FVHA,2.0,yes,05,medium,roll,45.0,2,1.0,12,,3560.0,,4723,46,,,,,,,,,,,,,,,HUEN,0.6,yes,17,high,roll,171.0,10,1.1,1,,3556.8,match,3681,22.9,159,3717,95,95,95,0,159.0,591,2833,2928,753,11.0,,full,5,5
UR720-41b9d014.csv,UGD720,5X-KDP,2026-09-18 21:09,EBB,LUN,HUEN,1.3,yes,17,high,roll,172.0,13,0.1,7,,3594.8,match,3681,46,188,3075,3263,418,40.0,180.0,194,3166,3360,altitude,full,3625,-1,-1,FLLS,0.5,yes,10,high,roll,95.0,22,0.2,1,,3592.0,,3941,22.9,135,3609,313,56,569,513,135.0,,2419,2732,1209,8.0,,full,-1,-1
UR720-41baca37.csv,UGD720,5X-KDP,2026-09-19 01:30,HRE,EBB,FVHA,0.8,yes,05,medium,roll,44.0,2,2.0,8,,3520.0,,4723,46,,,,,,,,,,,,,,,HUEN,0.6,yes,17,high,roll,171.0,13,1.1,11,,3556.2,match,3681,22.9,147,3706,278,197,360,163,147.0,360,2671,2949,732,8.0,,full,2,2
UR720-41bdc941.csv,UGD720,ET-APL,2026-09-19 21:36,EBB,LUN,HUEN,1.3,yes,17,high,roll,171.0,13,1.1,3,,3555.5,match,3681,46,185,2255,2440,1240,24.0,169.0,194,2343,2537,altitude,full,3600,-1,-1,FLLS,0.4,yes,10,high,roll,94.0,8,1.2,1,,3552.0,,3941,22.9,146,3553,157,157,157,0,147.0,774,2575,2732,1209,12.0,,full,0,0
UR720-41be4da9.csv,UGD720,5X-KOB,2026-09-20 00:00,LUN,HRE,FLLS,1.6,yes,10,high,roll,95.0,10,0.2,6,,3592.0,,3941,46,82,2105,2187,1754,16.0,159.0,561,1907,2468,altitude,full,3525,-1,-1,FVHA,1.1,yes,05,medium,roll,45.0,2,1.0,1,,3560.0,,4723,23.0,149,4453,19,19,19,0,149.0,,3552,3571,1152,11.0,3573,no deceleration captured (coarse export),2,0
UR720-41c196a3.csv,UGD720,5X-KOB,2026-09-20 23:17,EBB,LUN,HUEN,1.1,yes,17,high,roll,171.0,16,1.1,2,,3557.2,match,3681,46,106,3478,3584,97,17.0,189.0,608,3280,3888,altitude,full,3625,4,4,FLLS,0.2,yes,10,high,roll,95.0,22,0.2,1,,3592.0,,3941,22.9,142,3657,359,359,359,0,144.0,834,2371,2730,1211,8.0,,full,1,1
UR720-41c24dce.csv,UGD720,5X-KOB,2026-09-21 03:16,HRE,EBB,FVHA,1.6,yes,23,medium,roll,225.0,2,1.0,4,,3560.0,,4723,46,3675,0,3675,1048,40.0,40.0,0,3675,3675,speed fallback (below the altitude-valid speed),full / no wheel-off signature,,5,5,HUEN,1.0,yes,17,high,roll,171.0,8,1.1,2,,3555.8,match,3681,22.9,149,3733,233,233,233,0,150.0,849,2707,2940,740,15.0,,full,2,2
UR720-41c501f0.csv,UGD720,5X-KOB,2026-09-21 21:15,EBB,LUN,HUEN,1.2,yes,17,high,roll,171.0,15,1.1,1,,3555.5,match,3681,46,92,2464,2556,1125,15.0,166.0,764,2173,2938,altitude,full,4000,3,3,FLLS,0.2,yes,10,high,roll,95.0,20,0.2,2,,3592.0,,3941,22.9,140,3621,453,453,453,0,139.0,453,2281,2734,1207,12.0,,full,-1,-1
UR720-41c5e8a0.csv,UGD720,5X-KOB,2026-09-22 01:38,HRE,EBB,FVHA,2.3,yes,05,medium,roll,46.0,2,0.0,20,,3600.0,,4723,46,,,,,,,,,,,,,,,HUEN,0.6,yes,17,high,roll,171.0,9,1.1,1,,3555.3,match,3681,22.9,145,3758,382,382,382,0,145.0,1015,2546,2928,753,15.0,,full,-3,-3
UR720-41d56e3e.csv,UGD720,5X-KOB,2026-09-25 21:07,EBB,LUN,HUEN,1.1,yes,17,high,roll,172.0,9,0.1,4,,3595.2,match,3681,46,137,2997,3134,547,18.0,179.0,408,2930,3338,altitude,full,3650,8,8,FLLS,0.5,yes,10,high,roll,95.0,15,0.2,3,,3592.0,,3941,22.9,136,3641,115,115,115,0,136.0,638,2615,2730,1211,10.0,,full,-3,-3
UR720-41d61c34.csv,UGD720,5X-KOB,2026-09-25 23:37,LUN,HRE,FLLS,1.7,yes,10,high,roll,95.0,12,0.2,3,,3592.0,,3941,46,112,2632,2744,1197,22.0,169.0,769,2359,3129,altitude,full,3600,9,9,FVHA,2.0,yes,05,medium,approach-heading,45.0,11,1.0,3,,3560.0,,,,,,,,,,,,,,,,,,,
UR720-41d66a10.csv,UGD720,5X-KOB,2026-09-26 01:30,HRE,EBB,FVHA,1.2,yes,05,medium,climb-heading,45.0,8,1.0,117,,3560.0,match,,,,,,,,,,,,,,,,,HUEN,0.8,yes,17,high,roll,171.0,7,1.1,1,,3555.8,match,3681,22.9,151,3736,461,187,734,547,151.0,1223,2484,2945,736,10.0,,full,1,1
UR720-41d988a3.csv,UGD720,ET-APL,2026-09-26 21:42,EBB,LUN,HUEN,1.0,yes,17,high,roll,171.0,18,1.1,2,,3555.3,match,3681,46,210,2159,2370,1311,21.0,165.0,162,2288,2451,altitude,full,3700,-2,-2,FLLS,0.3,yes,10,high,roll,95.0,9,0.2,12,,3592.0,match,3941,22.9,143,3684,384,384,384,0,146.0,888,2348,2732,1209,11.0,,full,0,0
UR720-41da07e3.csv,UGD720,5X-KDP,2026-09-27 00:04,LUN,HRE,FLLS,1.5,yes,10,high,roll,95.0,11,0.2,6,,3592.0,,3941,46,139,2348,2486,1455,18.0,160.0,682,2145,2827,altitude,full,4625,7,7,FVHA,0.1,yes,05,high,roll,45.0,4,1.0,37,,3560.0,,4723,23.0,137,4651,-142,-142,-142,0,137.0,,3710,3568,1156,8.0,3594,no deceleration captured (coarse export),5,3
UR720-41da422c.csv,UGD720,ET-APL,2026-09-27 01:45,HRE,EBB,FVHA,0.2,yes,05,medium,climb-heading,47.0,8,1.0,198,,3560.0,,,,,,,,,,,,,,,,,,HUEN,0.7,yes,17,high,roll,171.0,20,1.1,6,,3555.5,match,3681,22.9,161,3720,159,60,259,199,161.0,787,2782,2941,740,10.0,,full,-5,-5
UR720-41dd141b.csv,UGD720,5X-KDP,2026-09-27 21:12,EBB,LUN,HUEN,1.3,yes,17,high,roll,171.0,7,1.1,1,,3556.8,match,3681,46,112,356,468,3212,16.0,76.0,0,468,468,speed fallback (below the altitude-valid speed),full / no wheel-off signature,,-1,-1,FLLS,0.7,yes,10,high,roll,95.0,5,0.2,15,,3592.0,,3941,22.9,133,3718,421,421,421,0,135.0,421,1474,1895,2046,11.0,,full,0,0
UR720-41dde759.csv,UGD720,5X-KDP,2026-09-28 01:16,HRE,EBB,FVHA,7.2,no,,,,,,,,,,,,,,,,,,,,,,,,,,,HUEN,0.8,yes,17,high,roll,171.0,8,1.1,18,,3555.1,match,3681,22.9,151,3736,569,569,569,0,147.0,569,2359,2928,753,11.0,,full,-3,-3
UR720-41e10d3d.csv,UGD720,5X-KOB,2026-09-28 22:11,EBB,LUN,HUEN,1.3,yes,17,high,roll,172.0,9,0.1,3,,3596.7,match,3681,46,83,356,438,3242,15.0,74.0,0,438,438,speed fallback (below the altitude-valid speed),full / no wheel-off signature,,-1,-1,FLLS,0.1,yes,10,high,roll,95.0,16,0.2,1,,3592.0,,3941,22.9,145,3706,459,459,459,0,146.0,459,2272,2731,1210,8.0,,full,4,4
UR720-41e1b15e.csv,UGD720,5X-KOB,2026-09-29 00:43,LUN,HRE,FLLS,1.6,yes,10,high,roll,95.0,9,0.2,13,,3592.0,match,3941,46,182,2463,2645,1296,45.0,172.0,609,2341,2950,altitude,full,3675,5,5,FVHA,0.2,yes,05,medium,roll,44.0,2,2.0,2,,3520.0,match,4723,23.0,145,4622,365,365,365,0,146.0,,3200,3565,1158,6.0,,no deceleration captured (coarse export) / track ends on the runway (roll is a lower bound),3,1
UR720-41e1f9cb.csv,UGD720,5X-KOB,2026-09-29 02:27,HRE,NBO,FVHA,1.2,yes,05,medium,climb-heading,42.0,7,4.0,112,,3440.0,match,,,,,,,,,,,,,,,,,HKJK,0.0,yes,06,high,roll,53.0,14,1.0,1,,3560.0,match,4119,22.6,134,5093,474,474,474,0,134.0,474,1821,2295,1824,13.0,,full,-1,1
UR720-41f12728.csv,UGD720,,2026-10-02 21:05,EBB,LUN,HUEN,1.2,yes,17,high,roll,171.0,11,1.1,2,,3554.4,match,3681,46,100,3441,3540,140,24.0,184.0,615,3233,3848,altitude,full,3650,-2,-2,FLLS,0.1,yes,10,high,roll,95.0,8,0.2,1,,3592.0,,3941,22.9,142,3559,312,62,561,499,142.0,1135,2420,2732,1209,11.0,,full,-2,-2
UR720-41f1ca5d.csv,UGD720,,2026-10-02 23:25,LUN,HRE,FLLS,1.6,yes,10,high,roll,95.0,10,0.2,4,,3592.0,,3941,46,168,2074,2241,1700,34.0,164.0,618,1932,2550,altitude,no stop captured (rolling take-off),3500,-4,-4,FVHA,1.1,yes,05,medium,approach-heading,45.0,10,1.0,2,,3560.0,,,,,,,,,,,,,,,,,,,
UR720-41f21296.csv,UGD720,,2026-10-03 01:06,HRE,EBB,FVHA,2.2,no,,,,,,,,,,,,,,,,,,,,,,,,,,,HUEN,0.6,yes,17,high,roll,171.0,9,1.1,6,,3555.8,match,3681,22.9,139,3745,269,-41,578,619,140.0,578,2672,2941,740,10.0,,full,8,8
UR720-41f4ffee.csv,UGD720,,2026-10-03 21:03,EBB,LUN,HUEN,1.0,yes,17,high,roll,172.0,25,0.1,1,,3596.1,match,3681,46,140,2122,2261,1419,24.0,167.0,174,2175,2348,altitude,full,3675,1,1,FLLS,0.5,yes,10,high,roll,95.0,9,0.2,1,,3592.0,,3941,22.9,137,3597,480,480,480,0,141.0,,2251,2731,1210,11.0,,full,2,2
UR720-41f5d231.csv,UGD720,,2026-10-04 01:33,HRE,EBB,FVHA,1.2,yes,23,medium,roll,225.0,2,1.0,5,,3560.0,,4723,46,,,,,,,,,,,,,,,HUEN,0.8,yes,35,high,roll,351.0,38,1.1,1,,3557.3,match,3681,22.9,141,3714,93,93,93,0,141.0,597,2981,3074,607,9.0,2599,full,3,4
UR720-41f9b86b.csv,UGD720,,2026-10-05 03:43,LUN,HRE,FLLS,1.5,yes,10,high,roll,95.0,15,0.2,6,,3592.0,,3941,46,96,2270,2366,1575,21.0,168.0,618,2057,2675,altitude,full,3625,0,0,FVHA,0.3,yes,05,high,roll,45.0,4,1.0,15,,3560.0,,4723,23.0,135,4487,-51,-51,-51,0,137.0,,3619,3568,1155,7.0,3572,no deceleration captured (coarse export),-2,-4
UR722-3eb560c4.csv,UGD722,,2026-03-12 14:48,EBB,HRE,HUEN,1.3,yes,17,high,roll,171.0,7,1.1,3,,3555.3,,3681,46,176,2808,2984,697,41.0,174.0,684,2642,3326,altitude,full,3725,-1,-1,FVHA,1.1,yes,23,medium,approach-heading,217.0,36,9.0,3,,3240.0,,,,,,,,,,,,,,,,,,,
UR722-3eb62c62.csv,UGD722,,2026-03-12 17:30,HRE,LUN,FVHA,1.2,yes,05,medium,climb-heading,41.0,7,5.0,191,,3400.0,,,,,,,,,,,,,,,,,,FLLS,0.2,yes,10,high,roll,95.0,9,0.2,3,,3592.0,,3941,22.9,145,3765,115,115,115,0,145.0,650,2620,2735,1206,9.0,,full,4,4
UR722-3eb68a79.csv,UGD722,,2026-03-12 19:14,LUN,EBB,FLLS,1.3,yes,10,high,roll,95.0,12,0.2,6,,3592.0,,3941,46,124,2854,2978,963,16.0,176.0,751,2603,3354,altitude,full,4175,2,2,HUEN,0.7,yes,17,high,roll,171.0,16,1.1,1,,3556.7,,3681,22.9,136,3774,458,458,458,0,134.0,458,2484,2942,739,11.0,,full,2,2
UR722-3ecf94de.csv,UGD722,,2026-03-19 14:41,EBB,HRE,HUEN,1.3,yes,17,high,roll,171.0,8,1.1,5,,3556.8,,3681,46,74,2449,2522,1159,16.0,168.0,645,2200,2845,altitude,full,3700,5,5,FVHA,0.1,yes,05,medium,approach-heading,45.0,9,1.0,2,,3560.0,,,,,,,,,,,,,,,,,,,
UR722-3ed07c57.csv,UGD722,,2026-03-19 17:24,HRE,LUN,FVHA,0.7,yes,05,medium,climb-heading,44.0,8,2.0,196,,3520.0,,,,,,,,,,,,,,,,,,FLLS,0.1,yes,10,high,roll,95.0,8,0.2,16,,3592.0,,3941,22.9,148,3834,410,410,410,0,147.0,410,2320,2730,1211,13.0,,full,-4,-4
UR722-3ed0e586.csv,UGD722,,2026-03-19 19:00,LUN,EBB,FLLS,1.5,yes,10,high,roll,95.0,14,0.2,1,,3592.0,,3941,46,72,3294,3366,575,18.0,182.0,603,3065,3668,altitude,full,3750,1,0,HUEN,0.6,yes,17,high,roll,171.0,9,1.1,1,,3557.2,,3681,22.9,142,3744,95,95,95,0,142.0,907,2835,2930,751,14.0,,full,0,0
UR722-417431eb.csv,UGD722,5X-KDP,2026-09-01 13:42,EBB,HRE,HUEN,1.3,yes,17,high,roll,171.0,13,1.1,3,,3555.4,match,3681,46,92,2375,2467,1214,17.0,163.0,794,2070,2864,altitude,full,4000,0,0,FVHA,1.1,yes,23,low,approach-heading,210.0,28,16.0,1,,2960.0,,,,,,,,,,,,,,,,,,,
UR722-41752346.csv,UGD722,5X-KDP,2026-09-01 17:02,HRE,LUN,FVHA,1.2,yes,05,medium,roll,45.0,2,1.0,6,,3560.0,,4723,46,,,,,,,,,,,,,,,FLLS,0.2,yes,10,high,roll,95.0,30,0.2,1,,3592.0,,3941,22.9,132,3617,494,426,561,135,132.0,93,2240,2734,1207,7.0,,full,0,0
UR722-41759bd9.csv,UGD722,5X-KDP,2026-09-01 19:11,LUN,EBB,FLLS,1.4,yes,10,high,roll,95.0,12,0.2,3,,3592.0,,3941,46,67,3042,3109,832,15.0,178.0,564,2827,3391,altitude,full,4275,-3,-4,HUEN,0.9,yes,17,high,roll,171.0,7,1.1,2,,3556.6,match,3681,22.9,147,3724,330,330,330,0,147.0,1403,2604,2934,747,9.0,,full,0,0
UR722-41780e53.csv,UGD722,5X-EQU,2026-09-02 12:14,EBB,HRE,HUEN,1.2,yes,17,high,roll,172.0,9,0.1,2,,3597.0,match,3681,46,107,2936,3043,638,17.0,174.0,613,2736,3349,altitude,full,3550,2,2,FVHA,0.1,yes,23,medium,approach-heading,222.0,20,4.0,0,,3440.0,,,,,,,,,,,,,,,,,,,
UR722-4178cb61.csv,UGD722,5X-EQU,2026-09-02 15:11,HRE,LUN,FVHA,1.2,yes,23,medium,roll,225.0,2,1.0,69,,3560.0,,4723,46,,,,,,,,,,,,,,,FLLS,0.2,yes,10,high,roll,95.0,20,0.2,3,,3592.0,,3941,22.9,138,3670,130,130,130,0,137.0,1098,2601,2731,1210,8.0,,full,-3,-3
UR722-41793b26.csv,UGD722,5X-EQU,2026-09-02 17:02,LUN,EBB,FLLS,1.5,yes,10,high,roll,95.0,7,0.2,3,,3592.0,,3941,46,197,2750,2947,994,43.0,172.0,557,2668,3225,altitude,full,3625,-4,-4,HUEN,0.7,yes,17,high,roll,172.0,8,0.1,2,,3595.8,match,3681,22.9,144,3729,264,28,501,473,144.0,501,2682,2946,735,12.0,,full,1,1
UR722-417c552e.csv,UGD722,ET-APL,2026-09-03 13:38,EBB,HRE,HUEN,1.3,yes,17,high,roll,171.0,7,1.1,1,,3556.6,match,3681,46,83,2165,2247,1434,18.0,162.0,748,1873,2621,altitude,full,3650,1,1,FVHA,1.3,yes,05,medium,approach-heading,45.0,14,1.0,278,,3560.0,,,,,,,,,,,,,,,,,,,
UR722-417cf7db.csv,UGD722,ET-APL,2026-09-03 17:05,HRE,LUN,FVHA,1.0,yes,05,medium,climb-heading,46.0,7,0.0,195,,3600.0,,,,,,,,,,,,,,,,,,FLLS,0.4,yes,10,high,roll,95.0,14,0.2,2,,3592.0,,3941,22.9,151,3745,400,400,400,0,153.0,1579,2341,2741,1200,10.0,1373,full,-3,-3
UR722-417db548.csv,UGD722,ET-APL,2026-09-03 18:54,LUN,EBB,FLLS,1.4,yes,10,high,roll,95.0,15,0.2,1,,3592.0,,3941,46,62,2633,2694,1247,15.0,172.0,568,2410,2978,altitude,full,4825,-1,-1,HUEN,0.8,yes,17,high,roll,171.0,20,1.1,6,,3554.7,match,3681,22.9,151,3691,683,422,944,522,150.0,279,2251,2934,747,22.0,1062,full,-3,-3
UR722-41846f6f.csv,UGD722,5X-EQU,2026-09-05 13:15,EBB,HRE,HUEN,1.3,yes,17,high,roll,171.0,14,1.1,4,,3555.4,match,3681,46,72,2975,3047,633,17.0,174.0,187,2954,3141,altitude,full,3650,-4,-4,FVHA,1.1,yes,05,medium,approach-heading,45.0,15,1.0,1,,3560.0,match,,,,,,,,,,,,,,,,,,
UR722-418530c8.csv,UGD722,5X-EQU,2026-09-05 16:06,HRE,LUN,FVHA,1.2,yes,05,medium,climb-heading,45.0,7,1.0,113,,3560.0,match,,,,,,,,,,,,,,,,,FLLS,0.2,yes,10,high,roll,95.0,18,0.2,1,,3592.0,match,3941,22.9,151,3681,208,208,208,0,150.0,1299,2525,2733,1208,12.0,,full,-1,-1
UR722-41858892.csv,UGD722,5X-EQU,2026-09-05 17:41,LUN,EBB,FLLS,1.6,yes,10,high,roll,95.0,8,0.2,2,,3592.0,match,3941,46,85,2840,2925,1016,20.0,186.0,725,2563,3288,altitude,full,3575,0,0,HUEN,0.7,yes,17,high,roll,171.0,9,1.1,2,,3555.2,match,3681,22.9,141,3787,85,85,85,0,141.0,579,2866,2951,730,13.0,,full,-3,-3
UR722-418fa50a.csv,UGD722,ET-APL,2026-09-08 13:28,EBB,HRE,HUEN,1.3,yes,17,high,roll,171.0,8,1.1,11,,3555.7,match,3681,46,225,2006,2231,1449,45.0,159.0,614,1925,2538,altitude,full,3625,-2,-2,FVHA,1.1,yes,05,medium,approach-heading,45.0,11,1.0,2,,3560.0,,,,,,,,,,,,,,,,,,,
UR722-4190714f.csv,UGD722,ET-APL,2026-09-08 16:28,HRE,LUN,FVHA,0.2,yes,05,medium,roll,45.0,2,1.0,1,,3560.0,,4723,46,,,,,,,,,,,,,,,FLLS,0.2,yes,10,high,roll,95.0,10,0.2,1,,3592.0,,3941,22.9,139,3526,427,427,427,0,138.0,842,2304,2731,1210,13.0,1377,full,1,1
UR722-4190df8c.csv,UGD722,ET-APL,2026-09-08 18:12,LUN,EBB,FLLS,1.4,yes,10,high,roll,95.0,10,0.2,2,,3592.0,,3941,46,116,2477,2592,1349,17.0,157.0,664,2260,2925,altitude,full,4750,2,2,HUEN,0.6,yes,17,high,roll,171.0,20,1.1,2,,3554.8,match,3681,22.9,147,3679,489,153,826,673,148.0,1000,2434,2923,758,18.0,1061,full,-2,-2
UR722-4193829f.csv,UGD722,5X-KOB,2026-09-09 12:00,EBB,HRE,HUEN,1.3,yes,17,high,roll,171.0,8,1.1,21,,3557.2,match,3681,46,99,2634,2734,947,18.0,166.0,694,2387,3081,altitude,full,3600,1,1,FVHA,1.1,yes,05,medium,approach-heading,45.0,10,1.0,1,,3560.0,,,,,,,,,,,,,,,,,,,
UR722-4194953d.csv,UGD722,5X-KOB,2026-09-09 16:27,LUN,EBB,FLLS,1.4,yes,10,high,roll,95.0,17,0.2,2,,3592.0,,3941,46,108,3098,3206,735,26.0,171.0,737,2838,3575,altitude,full,4100,1,0,HUEN,0.6,yes,17,high,roll,171.0,10,1.1,2,,3555.1,match,3681,22.9,139,3750,309,309,309,0,138.0,896,2637,2946,735,17.0,,full,2,2
UR722-4197d3bc.csv,UGD722,ET-APL,2026-09-10 13:19,EBB,HRE,HUEN,1.1,yes,17,high,roll,171.0,17,1.1,1,,3556.6,match,3681,46,224,2242,2466,1215,39.0,166.0,552,2190,2742,altitude,full,4175,-2,-2,FVHA,0.1,yes,05,high,roll,45.0,3,1.0,27,,3560.0,,4723,23.0,154,4514,205,110,300,190,153.0,,3369,3574,1149,11.0,,full,-1,-3
UR722-4198a034.csv,UGD722,ET-APL,2026-09-10 16:16,HRE,LUN,FVHA,0.4,yes,05,medium,roll,45.0,2,1.0,4,,3560.0,,4723,46,,,,,,,,,,,,,,,FLLS,0.4,yes,10,high,roll,94.0,10,1.2,2,,3552.0,,3941,22.9,143,3601,337,337,337,0,144.0,781,2391,2728,1213,17.0,1373,full,-1,-1
UR722-41990761.csv,UGD722,ET-APL,2026-09-10 17:54,LUN,EBB,FLLS,1.3,yes,10,high,roll,95.0,7,0.2,2,,3592.0,,3941,46,115,2382,2497,1444,21.0,167.0,556,2219,2775,altitude,full,4575,0,0,HUEN,0.8,yes,17,high,roll,171.0,10,1.1,1,,3555.4,match,3681,22.9,154,3656,275,34,516,482,154.0,1097,2657,2932,749,21.0,1059,full,-5,-5
UR722-41a02094.csv,UGD722,5X-EQU,2026-09-12 13:04,EBB,HRE,HUEN,1.4,yes,17,high,roll,171.0,8,1.1,19,,3556.5,match,3681,46,119,2661,2780,901,24.0,170.0,822,2369,3191,altitude,full,3600,-3,-3,FVHA,0.1,yes,05,medium,roll,45.0,2,1.0,1,,3560.0,,4723,23.0,129,3966,2199,2199,2199,0,311.0,,2995,5194,-471,311.0,3562,no deceleration captured (coarse export),-107,-107
UR722-41a0e56b.csv,UGD722,5X-EQU,2026-09-12 15:59,HRE,LUN,FVHA,1.2,yes,05,medium,roll,44.0,2,2.0,13,,3520.0,match,4723,46,,,,,,,,,,,,,,,FLLS,0.0,yes,10,high,roll,95.0,8,0.2,2,,3592.0,match,3941,22.9,137,3745,421,421,421,0,136.0,421,2307,2728,1213,7.0,,full,2,2
UR722-41a14e94.csv,UGD722,5X-EQU,2026-09-12 17:47,LUN,EBB,FLLS,1.5,yes,10,high,roll,95.0,7,0.2,3,,3592.0,,3941,46,94,2717,2811,1130,24.0,170.0,655,2483,3138,altitude,full,3650,-2,-2,HUEN,0.6,yes,17,high,roll,171.0,9,1.1,12,,3555.4,match,3681,22.9,145,3717,458,458,458,0,146.0,947,2484,2942,738,13.0,,full,2,2
UR722-41ac3a41.csv,UGD722,ET-APL,2026-09-15 15:43,HRE,LUN,FVHA,1.1,yes,05,medium,climb-heading,45.0,8,1.0,197,,3560.0,,,,,,,,,,,,,,,,,,FLLS,0.3,yes,10,high,roll,95.0,10,0.2,8,,3592.0,,3941,22.9,140,3666,458,458,458,0,142.0,908,2270,2728,1213,12.0,,full,2,2
UR722-41acbdd5.csv,UGD722,ET-APL,2026-09-15 17:52,LUN,EBB,FLLS,1.4,yes,10,high,roll,95.0,7,0.2,2,,3592.0,,3941,46,98,2435,2533,1408,15.0,162.0,713,2177,2890,altitude,full,4400,-1,-1,HUEN,0.7,yes,17,high,roll,171.0,11,1.1,1,,3555.1,match,3681,22.9,149,3713,241,241,241,0,149.0,1270,2701,2942,739,17.0,1058,full,-1,-1
UR722-41af8771.csv,UGD722,ET-APL,2026-09-16 12:13,EBB,HRE,HUEN,1.2,yes,17,high,roll,171.0,7,1.1,2,,3555.8,match,3681,46,150,2252,2402,1278,24.0,162.0,770,2018,2787,altitude,full,4350,3,3,FVHA,0.2,yes,05,high,roll,45.0,4,1.0,1,,3560.0,,4723,23.0,152,4532,56,56,56,0,152.0,,3516,3572,1151,0.0,3572,no deceleration captured (coarse export),2,0
UR722-41b034d5.csv,UGD722,ET-APL,2026-09-16 15:02,HRE,LUN,FVHA,0.4,yes,05,medium,roll,46.0,2,0.0,12,,3600.0,,4723,46,,,,,,,,,,,,,,,FLLS,0.2,yes,10,high,roll,95.0,9,0.2,1,,3592.0,,3941,22.9,149,3661,68,68,68,0,149.0,1034,2666,2734,1207,14.0,1372,full,2,2
UR722-41b0a923.csv,UGD722,ET-APL,2026-09-16 16:49,LUN,EBB,FLLS,1.6,yes,10,high,roll,95.0,7,0.2,2,,3592.0,,3941,46,111,2024,2135,1806,18.0,158.0,572,1849,2421,altitude,full,3625,3,3,HUEN,0.6,yes,17,high,roll,171.0,22,1.1,3,,3556.1,match,3681,22.9,147,3707,314,45,584,539,147.0,1050,2628,2942,739,23.0,1060,full,-3,-3
UR722-41b3e53b.csv,UGD722,ET-APL,2026-09-17 13:27,EBB,HRE,HUEN,1.3,yes,17,high,roll,171.0,7,1.1,1,,3556.6,match,3681,46,225,2205,2430,1250,38.0,164.0,725,2068,2793,altitude,full,3600,-3,-3,FVHA,0.2,yes,05,medium,approach-heading,45.0,10,1.0,2,,3560.0,,,,,,,,,,,,,,,,,,,
UR722-41b498d2.csv,UGD722,ET-APL,2026-09-17 16:03,HRE,LUN,FVHA,1.1,yes,05,medium,roll,44.0,2,2.0,2,,3520.0,,4723,46,,,,,,,,,,,,,,,FLLS,0.4,yes,10,high,roll,94.0,9,1.2,2,,3552.0,,3941,22.9,149,3653,151,151,151,0,149.0,,2584,2735,1206,13.0,,full,4,4
UR722-41b50240.csv,UGD722,ET-APL,2026-09-17 17:49,LUN,EBB,FLLS,1.3,yes,10,high,roll,95.0,6,0.2,1,,3592.0,,3941,46,225,2494,2719,1222,40.0,163.0,587,2426,3013,altitude,full,4750,-2,-2,HUEN,0.6,yes,17,high,roll,171.0,26,1.1,3,,3555.8,match,3681,22.9,149,3643,374,294,454,160,149.0,454,2572,2946,734,17.0,1056,full,0,0
UR722-41c7464b.csv,UGD722,ET-APL,2026-09-22 13:07,EBB,HRE,HUEN,1.0,yes,17,high,roll,171.0,16,1.1,3,,3557.4,match,3681,46,236,2275,2511,1170,23.0,165.0,228,2397,2625,altitude,full,3675,3,3,FVHA,1.1,yes,05,medium,approach-heading,45.0,17,1.0,2,,3560.0,,,,,,,,,,,,,,,,,,,
UR722-41c87dc6.csv,UGD722,ET-APL,2026-09-22 17:59,LUN,EBB,FLLS,1.4,yes,10,high,roll,95.0,9,0.2,1,,3592.0,,3941,46,116,2314,2429,1512,16.0,159.0,718,2071,2788,altitude,full,4825,-2,-2,HUEN,0.6,yes,17,high,roll,171.0,19,1.1,1,,3555.4,match,3681,22.9,153,3711,200,200,200,0,153.0,1213,2744,2944,737,18.0,1145,full,-1,-1
UR722-41cb37c9.csv,UGD722,5X-KOB,2026-09-23 12:17,EBB,HRE,HUEN,1.3,yes,17,high,roll,171.0,14,1.1,17,,3555.9,match,3681,46,94,2767,2861,820,19.0,171.0,209,2757,2966,altitude,full,3550,-6,-6,FVHA,0.1,yes,05,high,roll,45.0,3,1.0,1,,3560.0,,4723,23.0,145,4611,103,103,103,0,279.0,,4880,4983,-260,279.0,,no deceleration captured (coarse export),-93,-95
UR722-41cbf624.csv,UGD722,5X-KOB,2026-09-23 15:16,HRE,LUN,FVHA,1.2,yes,05,medium,climb-heading,46.0,8,0.0,164,,3600.0,,,,,,,,,,,,,,,,,,FLLS,0.1,yes,10,high,roll,95.0,9,0.2,7,,3592.0,,3941,22.9,142,3669,608,608,608,0,137.0,608,2126,2734,1207,7.0,,full,-1,-1
UR722-41cc657c.csv,UGD722,5X-KOB,2026-09-23 17:08,LUN,EBB,FLLS,1.5,yes,10,high,roll,95.0,9,0.2,10,,3592.0,,3941,46,78,2730,2808,1133,15.0,169.0,384,2615,3000,altitude,full,3600,1,1,HUEN,0.7,yes,17,high,roll,171.0,27,1.1,2,,3555.6,match,3681,22.9,148,3703,264,23,504,481,148.0,1093,2670,2934,747,8.0,,full,4,4
UR722-41cf7ff7.csv,UGD722,ET-APL,2026-09-24 13:18,EBB,HRE,HUEN,1.0,yes,17,high,roll,171.0,10,1.1,2,,3557.4,match,3681,46,149,2407,2555,1125,19.0,166.0,567,2272,2839,altitude,full,4025,0,0,FVHA,1.1,yes,05,medium,approach-heading,45.0,8,1.0,0,,3560.0,,,,,,,,,,,,,,,,,,,
UR722-41d04814.csv,UGD722,ET-APL,2026-09-24 17:57,HRE,LUN,FVHA,2.0,yes,05,high,roll,43.0,3,3.0,19,,3480.0,,4723,46,,,,,,,,,,,,,,,FLLS,0.2,yes,10,high,roll,94.0,7,1.2,2,,3552.0,,3941,22.9,155,3604,374,374,374,0,157.0,868,2358,2732,1209,10.0,1329,full,1,1
UR722-41d11d2c.csv,UGD722,ET-APL,2026-09-24 19:54,LUN,EBB,FLLS,1.4,yes,10,high,roll,95.0,10,0.2,6,,3592.0,,3941,46,128,2172,2300,1641,21.0,164.0,766,1917,2683,altitude,full,3525,3,3,HUEN,0.6,yes,17,high,roll,171.0,25,1.1,2,,3554.6,match,3681,22.9,160,3665,85,85,85,0,160.0,785,2853,2938,743,13.0,1303,full,-3,-3
UR722-41d7b9c6.csv,UGD722,5X-KDP,2026-09-26 12:45,EBB,HRE,HUEN,1.3,yes,17,high,roll,171.0,8,1.1,8,,3555.1,match,3681,46,189,2491,2680,1001,46.0,169.0,700,2330,3030,altitude,full,3650,-1,-1,FVHA,2.5,no,,,,,,,,,,,,,,,,,,,,,,,,,,,,
UR722-41d88101.csv,UGD722,5X-KDP,2026-09-26 15:45,HRE,LUN,FVHA,1.2,yes,05,medium,roll,43.0,2,3.0,17,,3480.0,match,4723,46,,,,,,,,,,,,,,,FLLS,0.2,yes,10,high,roll,95.0,9,0.2,11,,3592.0,match,3941,22.9,146,3789,499,499,499,0,142.0,998,2232,2731,1210,12.0,,full,-2,-2
UR722-41d8ea85.csv,UGD722,5X-KDP,2026-09-26 17:30,LUN,EBB,FLLS,1.6,yes,10,high,roll,95.0,8,0.2,3,,3592.0,,3941,46,95,2744,2839,1102,18.0,171.0,586,2546,3133,altitude,full,3725,7,7,HUEN,0.7,yes,17,high,roll,171.0,9,1.1,1,,3555.8,match,3681,22.9,143,3782,223,223,223,0,144.0,688,2693,2916,765,12.0,,full / track ends on the runway (roll is a lower bound),1,1
UR722-41e33d9c.csv,UGD722,ET-APL,2026-09-29 13:16,EBB,HRE,HUEN,1.7,yes,35,high,roll,351.0,14,1.1,2,,3556.3,match,3681,46,133,2792,2926,755,18.0,174.0,783,2535,3317,altitude,full,3600,3,4,FVHA,1.3,yes,05,medium,approach-heading,45.0,42,1.0,486,,3560.0,match,,,,,,,,,,,,,,,,,,
UR722-41e412af.csv,UGD722,ET-APL,2026-09-29 16:19,HRE,LUN,FVHA,0.2,yes,05,medium,roll,43.0,2,3.0,14,,3480.0,match,4723,46,,,,,,,,,,,,,,,FLLS,0.4,yes,10,high,roll,94.0,10,1.2,2,,3552.0,,3941,22.9,146,3723,224,147,302,155,146.0,147,2508,2732,1209,11.0,1307,full,1,1
UR722-41e47f5a.csv,UGD722,ET-APL,2026-09-29 18:14,LUN,EBB,FLLS,1.3,yes,10,high,roll,95.0,6,0.2,1,,3592.0,match,3941,46,148,2403,2551,1390,39.0,164.0,749,2177,2925,altitude,full,4650,0,0,HUEN,0.8,yes,17,high,roll,171.0,7,1.1,1,,3555.9,match,3681,22.9,152,3698,127,127,127,0,152.0,1255,2805,2932,748,15.0,1057,full,-1,-1
UR722-41e730df.csv,UGD722,5X-KOB,2026-09-30 12:01,EBB,HRE,HUEN,1.3,yes,17,high,roll,172.0,7,0.1,3,,3594.8,match,3681,46,96,2719,2814,866,18.0,171.0,803,2413,3216,altitude,full,3600,0,0,FVHA,1.1,yes,05,medium,approach-heading,45.0,12,1.0,1,,3560.0,,,,,,,,,,,,,,,,,,,
UR722-41e7cd4d.csv,UGD722,5X-KOB,2026-09-30 14:34,HRE,LUN,FVHA,2.3,no,,,,,,,,,,,,,,,,,,,,,,,,,,,FLLS,0.3,yes,10,high,roll,95.0,8,0.2,1,,3592.0,,3941,22.9,140,3635,411,411,411,0,141.0,411,2322,2733,1208,12.0,,full,-2,-2
UR722-41e8342a.csv,UGD722,5X-KOB,2026-09-30 16:23,LUN,EBB,FLLS,1.5,yes,10,high,roll,95.0,10,0.2,2,,3592.0,,3941,46,115,2737,2852,1089,16.0,170.0,777,2463,3240,altitude,full,3600,4,4,HUEN,0.6,yes,17,high,roll,171.0,9,1.1,12,,3555.9,match,3681,22.9,143,3766,402,402,402,0,141.0,828,2531,2933,748,11.0,,full,0,0
UR722-41eb7315.csv,UGD722,,2026-10-01 13:34,EBB,HRE,HUEN,1.5,yes,35,high,roll,351.0,32,1.1,5,,3555.9,match,3681,46,132,2490,2622,1058,32.0,172.0,344,2450,2795,altitude,full,3625,1,2,FVHA,0.1,yes,05,medium,approach-heading,45.0,12,1.0,0,,3560.0,,,,,,,,,,,,,,,,,,,
UR722-41ec2de3.csv,UGD722,,2026-10-01 16:11,HRE,LUN,FVHA,0.8,yes,05,medium,roll,44.0,2,2.0,4,,3520.0,,4723,46,,,,,,,,,,,,,,,FLLS,0.5,yes,10,high,roll,95.0,17,0.2,1,,3592.0,,3941,22.9,146,3601,326,326,326,0,147.0,831,2409,2735,1206,11.0,,full,0,0
UR722-41ec9a02.csv,UGD722,,2026-10-01 17:58,LUN,EBB,FLLS,1.4,yes,10,high,roll,95.0,13,0.2,7,,3592.0,,3941,46,108,2284,2393,1548,15.0,158.0,760,2013,2773,altitude,full,4400,3,3,HUEN,0.8,yes,35,high,roll,351.0,35,1.1,1,,3556.9,match,3681,22.9,145,3629,259,186,332,146,147.0,332,2815,3074,607,13.0,,full,4,5
UR722-41f372ac.csv,UGD722,,2026-10-03 13:01,EBB,HRE,HUEN,1.3,yes,17,high,roll,171.0,8,1.1,3,,3557.4,match,3681,46,93,2705,2798,882,16.0,165.0,772,2412,3185,altitude,full,3650,5,5,FVHA,2.0,yes,05,medium,approach-heading,44.0,12,2.0,4,,3520.0,,,,,,,,,,,,,,,,,,,
UR722-41f49a4e.csv,UGD722,,2026-10-03 17:46,LUN,EBB,FLLS,1.6,yes,10,high,roll,95.0,8,0.2,3,,3592.0,,3941,46,79,2652,2731,1210,22.0,170.0,559,2452,3011,altitude,full,3625,0,0,HUEN,0.6,yes,17,high,roll,171.0,13,1.1,1,,3555.4,match,3681,22.9,145,3735,221,221,221,0,146.0,897,2727,2948,732,8.0,,full,-4,-4
UR880-3e89981e.csv,UGD880,,2026-02-28 19:40,EBB,FIH,HUEN,1.3,yes,17,high,roll,171.0,6,1.1,3,,3554.5,match,3681,46,162,2519,2681,1000,18.0,165.0,888,2237,3125,altitude,full,3800,-5,-5,FZAA,3.8,no,24,medium,approach-alignment,236.9,1,1.1,10,,3557.8,,,,,,,,,,,,,,,,,,,
UR880-3ed2b94b.csv,UGD880,,2026-03-20 05:14,EBB,FIH,HUEN,1.0,yes,17,high,roll,171.0,8,1.1,1,,3556.5,match,3681,46,112,2899,3011,670,20.0,179.0,875,2573,3448,altitude,full,,0,0,FZAA,23.4,yes,24,medium,approach-heading,237.0,4,1.0,5,,3560.0,,,,,,,,,,,,,,,,,,,
UR881-3e8a5b68.csv,UGD881,,2026-02-28 21:49,FIH,EBB,FZAA,1.9,yes,06,medium,climb-heading,55.0,10,3.0,1,,3480.0,,,,,,,,,,,,,,,,,,HUEN,0.6,yes,17,high,roll,171.0,10,1.1,2,,3554.8,,3681,22.9,143,3802,249,249,249,0,143.0,,2685,2934,747,11.0,,full,-1,-1
UR881-3ed32b72.csv,UGD881,,2026-03-20 07:02,FIH,EBB,FZAA,1.7,yes,06,medium,climb-heading,57.0,12,1.0,1,,3560.0,,,,,,,,,,,,,,,,,,HUEN,0.7,yes,17,high,roll,171.0,9,1.1,1,,3556.5,match,3681,22.9,145,3726,320,320,320,0,144.0,808,2632,2952,729,15.0,,full,-1,-1
UR900-3e1c6cc6.csv,UGD900,,2026-01-29 23:20,LOS,EBB,DNAA,1.8,yes,04,low,climb-heading,123.0,38,88.0,65,,80.0,,,,,,,,,,,,,,,,,,HUEN,0.8,yes,17,high,roll,171.0,8,1.1,3,,3554.9,,3681,22.9,151,3768,361,101,620,519,151.0,1113,2579,2940,741,19.0,,full,-4,-4
UR900-3edaf42c.csv,UGD900,,2026-03-22 07:06,EBB,LOS,HUEN,1.1,yes,17,high,roll,172.0,6,0.1,2,,3597.4,match,3681,46,108,3174,3282,398,17.0,186.0,837,2864,3701,altitude,full,,4,4,DNMM,2.7,yes,18R,medium,approach-heading,179.0,19,1.0,22,1773,1750.7,,,,,,,,,,,,,,,,,,,
UR900-416bff14.csv,UGD900,,2026-08-30 10:21,EBB,LOS,HUEN,1.3,yes,17,high,roll,171.0,6,1.1,2,,3556.4,match,3681,46,192,1908,2099,1581,45.0,157.0,568,1815,2384,altitude,full,3575,1,1,DNMM,4.0,yes,18R,medium,roll,168.0,15,12.0,28,,3120.0,,3921,30.0,103,55,1206,1028,1385,357,0.0,,1266,2472,1448,35.0,1097,full,31,-2
UR900-4187ab98.csv,UGD900,ET-APL,2026-09-06 10:37,EBB,LOS,HUEN,1.1,yes,17,high,roll,171.0,7,1.1,1,,3556.1,match,3681,46,163,2306,2469,1212,31.0,172.0,567,2185,2752,altitude,full,3575,-2,-2,DNMM,3.9,yes,18R,medium,approach-heading,179.0,28,1.0,38,1761,1722.9,,,,,,,,,,,,,,,,,,,
UR900-418b4fe7.csv,UGD900,ET-APL,2026-09-07 10:22,EBB,LOS,,,,,,,,,,,,,,,,,,,,,,,,,,,,,,DNMM,4.5,yes,18R,high,roll,178.0,14,2.0,19,,3520.0,,3921,30.0,136,74,1180,1180,1180,0,130.0,,1316,2496,1425,22.0,554,full,33,0
UR900-41a36ee9.csv,UGD900,ET-APL,2026-09-13 10:18,EBB,LOS,HUEN,1.1,yes,17,high,roll,171.0,11,1.1,1,,3557.2,match,3681,46,130,2939,3068,612,24.0,183.0,664,2736,3400,altitude,full,,2,2,DNMM,4.6,yes,18R,medium,approach-heading,179.0,23,1.0,25,1759,1734.5,,,,,,,,,,,,,,,,,,,
UR900-41a70d6d.csv,UGD900,ET-APL,2026-09-14 10:06,EBB,LOS,HUEN,1.3,yes,17,high,roll,171.0,11,1.1,2,,3555.3,match,3681,46,166,2285,2451,1230,20.0,163.0,736,2083,2819,altitude,full,,-1,-1,DNMM,3.8,yes,18R,medium,approach-heading,179.0,20,1.0,33,1756,1722.9,,,,,,,,,,,,,,,,,,,
UR900-41c2fbe8.csv,UGD900,ET-APL,2026-09-21 10:11,EBB,LOS,HUEN,1.2,yes,17,high,roll,171.0,18,1.1,3,,3557.4,match,3681,46,140,2523,2663,1018,25.0,175.0,178,2574,2751,altitude,full,3600,1,1,DNMM,4.6,yes,18L,medium,approach-heading,179.0,26,1.0,13,1710,1697.1,,,,,,,,,,,,,,,,,,,
UR900-41dee090.csv,UGD900,ET-APL,2026-09-28 10:20,EBB,LOS,HUEN,1.2,yes,17,high,roll,171.0,13,1.1,1,,3557.2,match,3681,46,213,2673,2885,795,17.0,187.0,156,2807,2963,altitude,full,3600,2,2,DNMM,3.4,yes,18R,medium,approach-heading,179.0,17,1.0,25,1748,1723.0,,,,,,,,,,,,,,,,,,,
UR900-41f6ab02.csv,UGD900,,2026-10-04 10:07,EBB,LOS,HUEN,1.2,yes,17,high,roll,171.0,7,1.1,1,,3556.8,match,3681,46,246,2523,2769,912,40.0,179.0,744,2397,3141,altitude,full,3625,3,3,DNMM,3.8,yes,18R,medium,approach-heading,179.0,16,1.0,30,1753,1722.9,,,,,,,,,,,,,,,,,,,
UR901-3ec047c1.csv,UGD901,,2026-03-15 11:14,LOS,EBB,DNMM,0.9,yes,18L,high,roll,180.0,19,0.0,25,,3600.0,,2758,45,156,1961,2116,641,18.0,163.0,188,2022,2211,altitude,full,175,10,1,HUEN,0.6,yes,17,high,roll,171.0,25,1.1,3,,3556.9,match,3681,22.9,135,3868,488,417,560,143,135.0,279,2444,2932,749,21.0,,full,2,2
UR901-3ec47ccf.csv,UGD901,,2026-03-16 16:38,LOS,EBB,DNMM,1.7,yes,18R,high,roll,179.0,9,1.0,20,,3560.0,,3921,60,714,1408,2121,1799,97.0,159.0,182,2030,2213,altitude,full,200,23,6,HUEN,0.6,yes,17,high,roll,171.0,12,1.1,12,,3554.9,match,3681,22.9,138,3780,484,484,484,0,138.0,484,2442,2926,755,15.0,,full,-5,-5
UR901-3edb8be6.csv,UGD901,,2026-03-22 10:44,LOS,EBB,DNMM,0.9,yes,18L,high,roll,179.0,16,1.0,23,,3560.0,,2758,45,179,2099,2278,480,36.0,163.0,549,2003,2552,altitude,full,200,11,4,HUEN,0.6,yes,17,high,roll,171.0,8,1.1,1,,3555.1,match,3681,22.9,140,3853,274,274,274,0,140.0,274,2682,2956,724,18.0,,full,-3,-3
UR901-41889775.csv,UGD901,ET-APL,2026-09-06 14:25,LOS,EBB,DNMM,1.6,yes,18R,high,roll,179.0,6,1.0,23,,3560.0,,3921,60,667,2183,2850,1071,88.0,163.0,607,2547,3154,altitude,full,1175,12,7,HUEN,0.7,yes,17,high,roll,171.0,13,1.1,4,,3555.8,match,3681,22.9,151,3687,80,80,80,0,151.0,568,2877,2957,724,20.0,,full,-4,-4
UR901-418c2cc8.csv,UGD901,ET-APL,2026-09-07 13:59,LOS,EBB,DNMM,2.8,yes,18R,high,roll,179.0,6,1.0,20,,3560.0,,3921,60,1311,2007,3318,603,41.0,159.0,905,2865,3771,altitude,full,,12,15,HUEN,0.8,yes,17,high,roll,171.0,26,1.1,5,,3555.0,match,3681,22.9,147,3649,748,486,1011,525,149.0,486,2194,2942,739,25.0,,full,-4,-4
UR901-41a43262.csv,UGD901,ET-APL,2026-09-13 13:45,LOS,EBB,DNMM,3.0,yes,18R,high,roll,180.0,14,0.0,26,,3600.0,,3921,60,1280,520,1800,2121,16.0,92.0,0,1800,1800,speed fallback (below the altitude-valid speed),full / no wheel-off signature,,24,2,HUEN,0.6,yes,17,high,roll,171.0,13,1.1,7,,3555.4,match,3681,22.9,147,3690,289,115,463,348,147.0,463,2650,2939,741,16.0,1060,full,1,1
UR901-41a7e26d.csv,UGD901,ET-APL,2026-09-14 13:47,LOS,EBB,DNMM,1.6,yes,18R,high,roll,179.0,6,1.0,32,,3560.0,,3921,60,667,2161,2829,1092,97.0,170.0,576,2541,3117,altitude,full,1100,10,5,HUEN,0.6,yes,17,high,roll,171.0,20,1.1,6,,3555.3,match,3681,22.9,147,3652,265,12,517,505,147.0,517,2689,2954,726,25.0,1059,full,-1,-1
UR901-41c029f9.csv,UGD901,ET-APL,2026-09-20 13:43,LOS,EBB,DNMM,1.1,yes,18R,high,roll,179.0,5,1.0,22,,3560.0,,3921,60,873,1617,2491,1430,101.0,157.0,1174,1904,3078,altitude,full,,23,12,HUEN,0.6,yes,17,high,roll,171.0,26,1.1,1,,3555.2,match,3681,22.9,150,3730,350,34,667,633,150.0,,2586,2936,744,19.0,1145,full,-3,-3
UR901-41c3d7e8.csv,UGD901,ET-APL,2026-09-21 13:46,LOS,EBB,DNMM,1.8,yes,18R,high,roll,179.0,13,1.0,34,,3560.0,,3921,60,428,1976,2404,1517,70.0,164.0,737,2035,2772,altitude,full,100,23,11,HUEN,0.9,yes,17,high,roll,171.0,26,1.1,2,,3554.8,match,3681,22.9,162,3740,350,267,433,165,163.0,267,2595,2945,736,19.0,,full,-2,-2
UR901-41dfb1b1.csv,UGD901,ET-APL,2026-09-28 14:08,LOS,EBB,DNMM,1.7,yes,18R,high,roll,177.0,7,3.0,39,,3480.0,,3921,60,1287,1737,3024,897,131.0,166.0,752,2648,3400,altitude,full,,2,0,HUEN,0.7,yes,17,high,roll,171.0,10,1.1,2,,3555.2,match,3681,22.9,150,3748,264,264,264,0,151.0,887,2659,2923,758,14.0,1056,full,1,1
UR901-41f75995.csv,UGD901,,2026-10-04 13:59,LOS,EBB,DNMM,2.1,yes,18R,high,roll,179.0,6,1.0,24,,3560.0,,3921,60,692,1914,2606,1315,90.0,162.0,888,2162,3050,altitude,full,800,23,14,HUEN,0.6,yes,17,high,roll,171.0,22,1.1,1,,3555.4,match,3681,22.9,151,3771,116,116,116,0,151.0,781,2823,2939,742,17.0,,full,-4,-4
UR902-417e77f4.csv,UGD902,ET-APL,2026-09-04 00:00,EBB,LOS,HUEN,1.1,yes,17,high,roll,171.0,16,1.1,4,,3555.1,match,3681,46,166,3040,3206,475,19.0,189.0,192,3110,3302,altitude,full,3650,-4,-4,DNMM,3.6,yes,18R,medium,approach-heading,179.0,14,1.0,25,1748,1723.4,match,,,,,,,,,,,,,,,,,,
UR902-418298cd.csv,UGD902,ET-APL,2026-09-04 23:59,EBB,LOS,,,,,,,,,,,,,,,,,,,,,,,,,,,,,,DNMM,3.6,yes,18R,high,roll,179.0,6,1.0,23,,3560.0,match,3921,30.0,142,178,1216,1216,1216,0,124.0,1216,1279,2495,1426,14.0,2622,full,33,1
UR902-4199d7a2.csv,UGD902,ET-APL,2026-09-10 22:52,EBB,LOS,HUEN,1.3,yes,17,high,roll,171.0,12,1.1,2,,3555.3,match,3681,46,102,2571,2672,1008,21.0,175.0,644,2350,2995,altitude,full,3600,2,2,DNMM,3.4,yes,18R,medium,approach-heading,179.0,22,1.0,31,1754,1722.9,,,,,,,,,,,,,,,,,,,
UR902-419decb7.csv,UGD902,ET-APL,2026-09-11 22:05,EBB,LOS,HUEN,1.1,yes,17,high,roll,171.0,13,1.1,4,,3555.2,match,3681,46,201,2892,3093,588,43.0,188.0,201,2993,3193,altitude,full,3625,-4,-4,DNMM,3.5,yes,18R,high,roll,177.0,12,3.0,21,,3480.0,,3921,30.0,73,127,1218,935,1501,566,0.0,,1293,2511,1410,26.0,1365,full,36,4
UR902-41b5d884.csv,UGD902,ET-APL,2026-09-17 22:47,EBB,LOS,HUEN,1.1,yes,17,high,roll,171.0,12,1.1,2,,3554.9,match,3681,46,149,2401,2550,1131,25.0,175.0,679,2211,2890,altitude,full,,-2,-2,DNMM,3.6,yes,18R,medium,approach-heading,179.0,17,1.0,22,1757,1735.3,,,,,,,,,,,,,,,,,,,
UR902-41ba16f5.csv,UGD902,ET-APL,2026-09-18 22:38,EBB,LOS,HUEN,1.0,yes,17,high,roll,171.0,18,1.1,1,,3555.9,match,3681,46,233,2609,2842,839,21.0,171.0,795,2444,3239,altitude,full,3600,-2,-2,DNMM,3.3,yes,18R,medium,approach-heading,179.0,18,1.0,29,1757,1727.9,,,,,,,,,,,,,,,,,,,
UR902-41d1e3e1.csv,UGD902,ET-APL,2026-09-25 01:24,EBB,LOS,HUEN,1.0,yes,17,high,roll,171.0,20,1.1,2,,3556.7,match,3681,46,242,2598,2840,841,40.0,176.0,788,2446,3234,altitude,full,3625,-2,-2,DNMM,3.5,yes,18R,medium,approach-heading,179.0,15,1.0,25,1754,1729.6,match,,,,,,,,,,,,,,,,,,
UR902-41d5e034.csv,UGD902,ET-APL,2026-09-25 23:27,EBB,LOS,HUEN,1.1,yes,17,high,roll,171.0,21,1.1,5,,3554.3,match,3681,46,137,2243,2380,1300,21.0,166.0,585,2088,2673,altitude,full,3625,0,0,DNMM,3.4,yes,18R,medium,approach-heading,179.0,29,1.0,26,1749,1723.1,match,,,,,,,,,,,,,,,,,,
UR902-41ed6a1d.csv,UGD902,,2026-10-01 23:08,EBB,LOS,HUEN,1.5,yes,35,high,roll,352.0,29,0.1,2,,3597.0,match,3681,46,121,2738,2859,822,17.0,180.0,235,2742,2976,altitude,full,3600,0,1,DNMM,3.9,yes,18R,medium,approach-heading,179.0,18,1.0,31,1754,1722.9,,,,,,,,,,,,,,,,,,,
UR902-41f153aa.csv,UGD902,,2026-10-02 22:07,EBB,LOS,HUEN,1.1,yes,17,high,roll,171.0,10,1.1,2,,3554.3,match,3681,46,209,2277,2486,1195,18.0,167.0,571,2200,2772,altitude,full,,-3,-3,DNMM,3.7,yes,18R,medium,approach-heading,179.0,16,1.0,33,1756,1722.9,,,,,,,,,,,,,,,,,,,
UR903-417f62b7.csv,UGD903,ET-APL,2026-09-04 03:42,LOS,EBB,DNMM,2.1,yes,18R,high,roll,179.0,10,1.0,29,,3560.0,,3921,60,517,2210,2727,1193,80.0,176.0,569,2443,3012,altitude,full,75,15,8,HUEN,0.7,yes,17,high,roll,171.0,19,1.1,3,,3556.7,match,3681,22.9,161,3669,391,110,672,562,161.0,1093,2565,2956,725,23.0,1062,full,1,1
UR903-41837427.csv,UGD903,ET-APL,2026-09-05 03:40,LOS,EBB,DNMM,1.8,yes,18R,high,roll,180.0,11,0.0,32,,3600.0,,3921,60,211,2248,2459,1461,30.0,162.0,609,2155,2764,altitude,full,125,21,10,HUEN,0.8,yes,17,high,roll,171.0,8,1.1,12,,3556.4,match,3681,22.9,157,3665,586,586,586,0,158.0,1168,2352,2938,743,14.0,1061,full,-1,-1
UR903-419abbf6.csv,UGD903,ET-APL,2026-09-11 02:05,LOS,EBB,DNMM,2.8,yes,18R,high,roll,180.0,13,0.0,25,,3600.0,,3921,60,983,851,1834,2086,17.0,94.0,0,1834,1834,speed fallback (below the altitude-valid speed),no stop captured (rolling take-off) / no wheel-off signature,,26,4,HUEN,0.6,yes,35,high,roll,351.0,25,1.1,1,,3556.6,match,3681,22.9,149,3579,729,617,841,224,152.0,3770,2879,3608,73,150.0,,full / track ends on the runway (roll is a lower bound),-14,-13
UR903-419eeeed.csv,UGD903,ET-APL,2026-09-12 01:56,LOS,EBB,DNMM,2.9,yes,18R,high,roll,180.0,12,0.0,25,,3600.0,,3921,60,1330,2269,3598,323,19.0,168.0,674,3261,3935,altitude,full,,5,13,HUEN,0.8,yes,17,high,roll,171.0,18,1.1,1,,3556.7,match,3681,22.9,165,3657,314,314,314,0,166.0,1010,2618,2932,749,20.0,1060,full,-1,-1
UR903-41b6e6c7.csv,UGD903,ET-APL,2026-09-18 02:48,LOS,EBB,DNMM,3.0,yes,18R,high,roll,180.0,8,0.0,32,,3600.0,,3921,60,1359,2240,3599,322,26.0,166.0,800,3199,3999,altitude,full,,5,13,HUEN,0.9,yes,17,high,roll,171.0,25,1.1,1,,3556.5,match,3681,22.9,156,3664,782,627,938,312,157.0,272,2165,2947,734,18.0,,full,0,0
UR903-41bb128d.csv,UGD903,ET-APL,2026-09-19 02:41,LOS,EBB,DNMM,2.3,yes,18R,high,roll,179.0,6,1.0,22,,3560.0,,3921,60,709,2210,2918,1002,92.0,168.0,622,2607,3230,altitude,full,775,12,9,HUEN,0.8,yes,17,high,roll,171.0,30,1.1,4,,3556.3,match,3681,22.9,157,3591,575,575,575,0,153.0,575,3074,3649,32,9.0,1148,full,3,3
UR903-41d2cd1f.csv,UGD903,ET-APL,2026-09-25 04:52,LOS,EBB,DNMM,1.7,yes,18R,high,roll,179.0,7,1.0,41,,3560.0,,3921,60,429,2553,2982,939,65.0,164.0,648,2658,3305,altitude,full,925,12,10,HUEN,0.6,yes,17,high,roll,171.0,26,1.1,1,,3556.5,match,3681,22.9,150,3650,394,294,493,199,149.0,493,2552,2946,735,14.0,1061,full,0,0
UR903-41d6b979.csv,UGD903,ET-APL,2026-09-26 02:56,LOS,EBB,DNMM,2.7,yes,18R,high,roll,180.0,8,0.0,21,,3600.0,,3921,60,1302,2143,3445,476,15.0,161.0,582,3154,3736,altitude,full,,12,18,HUEN,0.7,yes,17,high,roll,171.0,19,1.1,1,,3556.7,match,3681,22.9,150,3657,344,344,344,0,149.0,979,2621,2965,715,22.0,,full,3,3
UR903-41ee4d89.csv,UGD903,,2026-10-02 02:24,LOS,EBB,DNMM,2.9,yes,18R,high,roll,180.0,12,0.0,24,,3600.0,,3921,60,1369,2268,3637,284,24.0,167.0,541,3366,3908,altitude,full,,7,16,HUEN,0.6,yes,17,high,roll,171.0,17,1.1,9,,3556.4,match,3681,22.9,151,3605,381,381,381,0,152.0,861,2562,2943,738,18.0,1299,full,3,3
UR903-41f2472f.csv,UGD903,,2026-10-03 01:41,LOS,EBB,DNMM,1.8,yes,18R,high,roll,179.0,7,1.0,38,,3560.0,,3921,60,560,1890,2450,1470,80.0,158.0,597,2152,2749,altitude,full,1075,17,6,HUEN,0.6,yes,17,high,roll,171.0,15,1.1,2,,3555.2,match,3681,22.9,150,3639,361,95,627,531,150.0,1239,2566,2927,754,12.0,1216,full,0,0
WB422-3ec8568c.csv,WB422,,,,,HRYR,1.2,yes,10,high,roll,99.0,5,1.0,5,,3560.0,,3509,45,202,2684,2887,622,38.0,166.0,906,2434,3340,altitude,full,,-6,-4,HUEN,0.8,yes,17,high,roll,171.0,19,1.1,5,,3554.3,,3681,22.9,141,3831,280,280,280,0,141.0,755,2649,2929,752,11.0,,full,-7,-7
WB423-3ec8b104.csv,WB423,,,,,HUEN,1.2,yes,17,high,roll,172.0,7,0.1,3,,3596.2,,3681,46,283,2635,2918,763,39.0,169.0,690,2573,3263,altitude,full,,0,0,HRYR,0.3,yes,28,high,roll,280.0,4,0.0,8,,3600.0,,3509,22.6,166,4852,159,159,159,0,166.0,,2274,2433,1076,8.0,2413,full,7,7
WB464-3ece1ec4.csv,WB464,,,,,HUEN,1.2,yes,17,high,roll,171.0,10,1.1,24,,3555.5,,3681,46,141,2357,2498,1183,20.0,170.0,627,2184,2812,altitude,full,3675,3,3,HKJK,0.2,yes,06,high,roll,53.0,5,1.0,2,,3560.0,,4119,22.6,155,5194,115,115,115,0,155.0,,2174,2289,1830,12.0,839,full,-2,1
WB464-3ed22dac.csv,WB464,,,,,HRYR,1.2,yes,10,high,roll,98.0,10,2.0,2,,3520.0,,3509,45,100,2344,2444,1065,18.0,172.0,670,2109,2779,altitude,full,,-1,1,HUEN,0.9,yes,35,high,roll,351.0,20,1.1,2,,3555.1,,3681,22.9,147,3723,260,260,260,0,147.0,260,2817,3077,604,7.0,,full,-5,-4
XY1233-3ed1afa5.csv,XY1233,,,,,OEJN,0.3,yes,34C,high,roll,340.0,18,0.0,5,,3600.0,,4014,60,85,2099,2184,1830,16.0,163.0,722,1823,2545,altitude,full,175,6,1,HUEN,0.9,yes,35,high,roll,351.0,10,1.1,1,,3556.4,,3681,22.9,154,3737,433,433,433,0,155.0,,2641,3074,606,14.0,2554,full,-3,-2
XY1234-3ed29678.csv,XY1234,,,,,HUEN,2.0,yes,35,high,roll,351.0,4,1.1,2,,3555.5,,3681,46,77,1879,1956,1725,15.0,165.0,789,1562,2350,altitude,full,3700,-3,-2,OEJN,4.0,yes,34R,medium,approach-heading,339.0,20,1.0,102,1615,1512.3,,,,,,,,,,,,,,,,,,,
XY345-3ec8f945.csv,XY345,,,,,OERK,2.6,yes,33R,high,roll,328.0,4,2.0,28,,3520.0,,4217,60,2305,1552,3856,360,173.0,172.0,766,3473,4239,altitude,full,,-38,-38,HUEN,0.8,yes,17,high,roll,171.0,12,1.1,6,,3555.0,,3681,22.9,153,3824,277,277,277,0,153.0,1316,2675,2952,729,24.0,1215,full,-1,-1
XY346-3ec9f13a.csv,XY346,,,,,HUEN,1.3,yes,17,high,roll,171.0,10,1.1,2,,3554.5,,3681,46,127,2323,2451,1230,21.0,177.0,736,2083,2819,altitude,full,,-1,-1,,,,,,,,,,,,,,,,,,,,,,,,,,,,,,,
